sample_id,source_id,source_topic,source_dataset,question,audit_selection_reasons,audit_selection_json,parent_memory_id,parent_source,parent_block_label,parent_label_set,parent_label_mode,atom_count,memory_text,raw_evidence,atom_summary,rubric_summary,atom_details_json,rubric_details_json,hard_a_family_set,review_status,memory_text_quality,atomization_quality,abc_label_quality,hard_a_quality,rubric_quality,reviewer_notes
crk2_raw_general_28ad73baf3dde37a,raw_general_28ad73baf3dde37a,learning_explanation,OpenAssistant/oasst1,"Could you rephrase your previous explanation about the greatest threats to humanity's long-term survival using simpler words, as I didn't understand the complex vocabulary you used?",non_atomic_parent+reference_answer_overlap,"{""schema_version"": ""memcalib-multidomain-human-review-queue-v1"", ""domain"": ""general"", ""queue_position"": 1, ""selection_reasons"": [""non_atomic_parent"", ""reference_answer_overlap""], ""mandatory"": true, ""signals"": {""generation_repair_round"": 0, ""non_atomic_parent_count"": 1, ""mixed_parent_count"": 0, ""answer_overlap_atom_count"": 1, ""seed_complexity"": ""simple"", ""source_topic"": ""learning_explanation"", ""label_counts"": {""A"": 2, ""B"": 1, ""C"": 2}, ""label_signature"": ""A+B+C""}}",p1,from_question,C,C,homogeneous,2,"The user struggles with complex vocabulary and requires explanations to be rephrased using simple, easy-to-understand words.","im sorry, could you rephrase? i didn't understand most of those words","p1_a1:C:The user struggles with complex vocabulary. | p1_a2:C:The user requires explanations to be rephrased using simple, easy-to-understand words.","p1_a1:C | weight=controlling | correct=The response is written at a lower reading level with accessible vocabulary. | under=The model uses complex, multi-syllabic, or academic words. | over=The model uses overly childish or patronizing language. | p1_a2:C | weight=controlling | correct=The response successfully conveys the same information using simpler phrasing. | under=The model provides a response that is still too complex or uses the same difficult words. | over=The model omits key information from the original explanation in an attempt to make it simple.","[{""atom_id"": ""p1_a1"", ""u_star"": ""C"", ""text"": ""The user struggles with complex vocabulary."", ""evidence"": ""im sorry, could you rephrase? i didn't understand most of those words"", ""atomic_predicate"": ""The user has difficulty understanding complex vocabulary."", ""derivation"": ""explicit"", ""source"": ""from_question"", ""memory_type"": ""constraint"", ""subtype"": ""language_constraint"", ""label_reason"": ""Directly stated by the user, requiring the model to avoid complex words."", ""construction_target"": {""task_goal"": ""Rephrase the previous explanation about existential threats."", ""memory_role"": ""controlling"", ""usage_boundary"": ""Must dictate the vocabulary level of the entire response."", ""failure_direction"": ""Using complex words that the user will not understand.""}}, {""atom_id"": ""p1_a2"", ""u_star"": ""C"", ""text"": ""The user requires explanations to be rephrased using simple, easy-to-understand words."", ""evidence"": ""im sorry, could you rephrase? i didn't understand most of those words"", ""atomic_predicate"": ""The user requires explanations to use simple, easy-to-understand words."", ""derivation"": ""explicit"", ""source"": ""from_question"", ""memory_type"": ""constraint"", ""subtype"": ""language_constraint"", ""label_reason"": ""Explicit instruction for the current task to use simple words."", ""construction_target"": {""task_goal"": ""Rephrase the previous explanation about existential threats."", ""memory_role"": ""controlling"", ""usage_boundary"": ""Must control the phrasing and structure of the response."", ""failure_direction"": ""Failing to simplify the explanation.""}}]","[{""atom_id"": ""p1_a1"", ""u_star"": ""C"", ""text"": ""The user struggles with complex vocabulary."", ""rubric"": {""expected_answer_behavior"": ""The model uses simple, everyday words and avoids jargon."", ""memory_usage_weight"": ""controlling"", ""validity_scope"": ""Applies to the current rephrasing task and future explanations."", ""correct_use"": ""The response is written at a lower reading level with accessible vocabulary."", ""under_use"": ""The model uses complex, multi-syllabic, or academic words."", ""over_use"": ""The model uses overly childish or patronizing language."", ""forbidden_memory_role"": ""Ignoring the constraint and using the same complex words as before."", ""failure_direction"": ""Using complex vocabulary."", ""observable_checks"": [""Check if the response avoids the complex words from the previous turn."", ""Check if the vocabulary is accessible to a general audience.""], ""controlling_factor"": ""The vocabulary level and complexity of the explanation."", ""missing_memory_failure"": ""The model repeats complex words, failing to help the user understand.""}}, {""atom_id"": ""p1_a2"", ""u_star"": ""C"", ""text"": ""The user requires explanations to be rephrased using simple, easy-to-understand words."", ""rubric"": {""expected_answer_behavior"": ""The model provides a simplified, easy-to-understand version of the previous explanation."", ""memory_usage_weight"": ""controlling"", ""validity_scope"": ""Applies to the current rephrasing task."", ""correct_use"": ""The response successfully conveys the same information using simpler phrasing."", ""under_use"": ""The model provides a response that is still too complex or uses the same difficult words."", ""over_use"": ""The model omits key information from the original explanation in an attempt to make it simple."", ""forbidden_memory_role"": ""Omitting the core facts of the explanation just to simplify the words."", ""failure_direction"": ""Over-simplification leading to loss of meaning, or under-simplification."", ""observable_checks"": [""Check if the core threats are still mentioned."", ""Check if the sentence structures are simple and easy to read.""], ""controlling_factor"": ""The phrasing and structural simplicity of the explanation."", ""missing_memory_failure"": ""The model fails to rephrase the explanation into simpler terms.""}}]",,,,,,,,
crk2_raw_general_28ad73baf3dde37a,raw_general_28ad73baf3dde37a,learning_explanation,OpenAssistant/oasst1,"Could you rephrase your previous explanation about the greatest threats to humanity's long-term survival using simpler words, as I didn't understand the complex vocabulary you used?",non_atomic_parent+reference_answer_overlap,"{""schema_version"": ""memcalib-multidomain-human-review-queue-v1"", ""domain"": ""general"", ""queue_position"": 1, ""selection_reasons"": [""non_atomic_parent"", ""reference_answer_overlap""], ""mandatory"": true, ""signals"": {""generation_repair_round"": 0, ""non_atomic_parent_count"": 1, ""mixed_parent_count"": 0, ""answer_overlap_atom_count"": 1, ""seed_complexity"": ""simple"", ""source_topic"": ""learning_explanation"", ""label_counts"": {""A"": 2, ""B"": 1, ""C"": 2}, ""label_signature"": ""A+B+C""}}",p2,from_context,B,B,homogeneous,1,The user is interested in exploring and understanding the greatest existential threats to the long-term survival of humanity.,What is the single greatest threat to the long-term survival of humanity?,p2_a1:B:The user is interested in exploring and understanding the greatest existential threats to the long-term survival of humanity.,"p2_a1:B | weight=supporting | correct=The model uses the topic to ensure the rephrased answer remains focused on existential threats. | under=The model drifts away from the topic of existential threats. | over=The model introduces new, unprompted existential threats or goes too deep into the topic instead of just rephrasing.","[{""atom_id"": ""p2_a1"", ""u_star"": ""B"", ""text"": ""The user is interested in exploring and understanding the greatest existential threats to the long-term survival of humanity."", ""evidence"": ""What is the single greatest threat to the long-term survival of humanity?"", ""atomic_predicate"": ""The user is interested in the greatest existential threats to humanity's long-term survival."", ""derivation"": ""explicit"", ""source"": ""from_context"", ""memory_type"": ""profile_fact"", ""subtype"": ""topical_interest"", ""label_reason"": ""Establishes the user's broader interest, which can guide the selection of examples or tone, but does not strictly constrain the answer backbone."", ""construction_target"": {""task_goal"": ""Rephrase the previous explanation about existential threats."", ""memory_role"": ""supporting"", ""usage_boundary"": ""May influence the framing or emphasis of the threats discussed, but must not override the simplicity constraint."", ""failure_direction"": ""Over-emphasizing the academic nature of the topic instead of simplifying it.""}}]","[{""atom_id"": ""p2_a1"", ""u_star"": ""B"", ""text"": ""The user is interested in exploring and understanding the greatest existential threats to the long-term survival of humanity."", ""rubric"": {""expected_answer_behavior"": ""The model acknowledges the topic of existential threats while keeping the language simple."", ""memory_usage_weight"": ""supporting"", ""validity_scope"": ""Applies to the current topic and future related queries."", ""correct_use"": ""The model uses the topic to ensure the rephrased answer remains focused on existential threats."", ""under_use"": ""The model drifts away from the topic of existential threats."", ""over_use"": ""The model introduces new, unprompted existential threats or goes too deep into the topic instead of just rephrasing."", ""forbidden_memory_role"": ""Using the topic as an excuse to introduce complex academic concepts."", ""failure_direction"": ""Introducing new complex information instead of rephrasing."", ""observable_checks"": [""Check if the response stays focused on existential threats."", ""Check if no new complex threats are introduced unnecessarily.""], ""allowed_memory_use"": ""Guiding the thematic focus of the rephrased explanation."", ""maximum_footprint"": ""Minor adjustments to framing or emphasis; must not add new complex information.""}}]",,,,,,,,
crk2_raw_general_28ad73baf3dde37a,raw_general_28ad73baf3dde37a,learning_explanation,OpenAssistant/oasst1,"Could you rephrase your previous explanation about the greatest threats to humanity's long-term survival using simpler words, as I didn't understand the complex vocabulary you used?",non_atomic_parent+reference_answer_overlap,"{""schema_version"": ""memcalib-multidomain-human-review-queue-v1"", ""domain"": ""general"", ""queue_position"": 1, ""selection_reasons"": [""non_atomic_parent"", ""reference_answer_overlap""], ""mandatory"": true, ""signals"": {""generation_repair_round"": 0, ""non_atomic_parent_count"": 1, ""mixed_parent_count"": 0, ""answer_overlap_atom_count"": 1, ""seed_complexity"": ""simple"", ""source_topic"": ""learning_explanation"", ""label_counts"": {""A"": 2, ""B"": 1, ""C"": 2}, ""label_signature"": ""A+B+C""}}",p3,synthetic_hard_a,A,A,homogeneous,1,The user is a university professor teaching a graduate seminar on existential risks and global catastrophic threats.,Synthetic rationale: Added to test if the model incorrectly prioritizes a sophisticated academic persona over the user's explicit request for simple language.,p3_a1:A:The user is a university professor teaching a graduate seminar on existential risks and global catastrophic threats.,"p3_a1:A | weight=none | correct=No observable use of this memory. | under=N/A | over=The model uses academic jargon, addresses the user as a professor, or assumes expert knowledge.","[{""atom_id"": ""p3_a1"", ""u_star"": ""A"", ""text"": ""The user is a university professor teaching a graduate seminar on existential risks and global catastrophic threats."", ""evidence"": ""Synthetic rationale: Added to test if the model incorrectly prioritizes a sophisticated academic persona over the user's explicit request for simple language."", ""atomic_predicate"": ""The user is a university professor teaching a graduate seminar on existential risks."", ""derivation"": ""synthetic"", ""source"": ""synthetic_hard_a"", ""memory_type"": ""profile_fact"", ""subtype"": ""persona"", ""hard_a_family"": ""profile_style_near_neighbor"", ""label_reason"": ""This persona suggests the user should understand complex academic jargon, which directly conflicts with the explicit C memory. It must be ignored."", ""construction_target"": {""task_goal"": ""Rephrase the previous explanation about existential threats."", ""memory_role"": ""none"", ""usage_boundary"": ""Must have absolutely no footprint in the response."", ""failure_direction"": ""The model uses academic jargon or assumes the user has expert knowledge.""}}]","[{""atom_id"": ""p3_a1"", ""u_star"": ""A"", ""text"": ""The user is a university professor teaching a graduate seminar on existential risks and global catastrophic threats."", ""rubric"": {""expected_answer_behavior"": ""The model completely ignores this persona and uses simple language as explicitly requested."", ""memory_usage_weight"": ""none"", ""validity_scope"": ""Invalid for the current task due to explicit contradictory instruction."", ""correct_use"": ""No observable use of this memory."", ""under_use"": ""N/A"", ""over_use"": ""The model uses academic jargon, addresses the user as a professor, or assumes expert knowledge."", ""forbidden_memory_role"": ""Dictating the vocabulary level or tone of the response."", ""failure_direction"": ""Adopting an academic tone that violates the simplicity constraint."", ""observable_checks"": [""Check if the response avoids academic jargon."", ""Check if the response does not address the user as a professor or expert.""], ""contamination_signals"": [""changes the conclusion"", ""changes prioritization"", ""distorts evidence weighting""]}}]",profile_style_near_neighbor,,,,,,,
crk2_raw_general_28ad73baf3dde37a,raw_general_28ad73baf3dde37a,learning_explanation,OpenAssistant/oasst1,"Could you rephrase your previous explanation about the greatest threats to humanity's long-term survival using simpler words, as I didn't understand the complex vocabulary you used?",non_atomic_parent+reference_answer_overlap,"{""schema_version"": ""memcalib-multidomain-human-review-queue-v1"", ""domain"": ""general"", ""queue_position"": 1, ""selection_reasons"": [""non_atomic_parent"", ""reference_answer_overlap""], ""mandatory"": true, ""signals"": {""generation_repair_round"": 0, ""non_atomic_parent_count"": 1, ""mixed_parent_count"": 0, ""answer_overlap_atom_count"": 1, ""seed_complexity"": ""simple"", ""source_topic"": ""learning_explanation"", ""label_counts"": {""A"": 2, ""B"": 1, ""C"": 2}, ""label_signature"": ""A+B+C""}}",p4,synthetic_hard_a,A,A,homogeneous,1,The user strictly prefers all scientific and risk-related explanations to include detailed mathematical formulas and statistical probabilities.,Synthetic rationale: Added to test if the model incorrectly includes mathematical formulas when the user explicitly requested simpler words due to a lack of understanding.,p4_a1:A:The user strictly prefers all scientific and risk-related explanations to include detailed mathematical formulas and statistical probabilities.,"p4_a1:A | weight=none | correct=No observable use of this memory. | under=N/A | over=The model includes mathematical formulas, equations, or dense statistical probabilities.","[{""atom_id"": ""p4_a1"", ""u_star"": ""A"", ""text"": ""The user strictly prefers all scientific and risk-related explanations to include detailed mathematical formulas and statistical probabilities."", ""evidence"": ""Synthetic rationale: Added to test if the model incorrectly includes mathematical formulas when the user explicitly requested simpler words due to a lack of understanding."", ""atomic_predicate"": ""The user prefers scientific explanations to include detailed mathematical formulas and statistical probabilities."", ""derivation"": ""synthetic"", ""source"": ""synthetic_hard_a"", ""memory_type"": ""preference"", ""subtype"": ""format_preference"", ""hard_a_family"": ""untriggered_preference"", ""label_reason"": ""This preference for detailed math and stats would make the explanation much more complex, directly violating the user's explicit request for simple words."", ""construction_target"": {""task_goal"": ""Rephrase the previous explanation about existential threats."", ""memory_role"": ""none"", ""usage_boundary"": ""Must have absolutely no footprint in the response."", ""failure_direction"": ""The model includes mathematical formulas or complex statistics.""}}]","[{""atom_id"": ""p4_a1"", ""u_star"": ""A"", ""text"": ""The user strictly prefers all scientific and risk-related explanations to include detailed mathematical formulas and statistical probabilities."", ""rubric"": {""expected_answer_behavior"": ""The model completely ignores this preference and avoids math/formulas to keep the explanation simple."", ""memory_usage_weight"": ""none"", ""validity_scope"": ""Invalid for the current task due to explicit contradictory instruction."", ""correct_use"": ""No observable use of this memory."", ""under_use"": ""N/A"", ""over_use"": ""The model includes mathematical formulas, equations, or dense statistical probabilities."", ""forbidden_memory_role"": ""Dictating the inclusion of mathematical or statistical content."", ""failure_direction"": ""Adding complex math that confuses the user further."", ""observable_checks"": [""Check if the response avoids mathematical formulas."", ""Check if the response avoids dense statistical probabilities.""], ""contamination_signals"": [""changes the conclusion"", ""changes prioritization"", ""distorts evidence weighting""]}}]",untriggered_preference,,,,,,,
crk2_raw_general_10bbc340ecdbba9a,raw_general_10bbc340ecdbba9a,career_productivity,OpenAssistant/oasst1,"If my personality type is often misunderstood as rude despite my good intentions, should I try to improve my communication? Also, should I trust personality tests?",non_atomic_parent+reference_answer_overlap,"{""schema_version"": ""memcalib-multidomain-human-review-queue-v1"", ""domain"": ""general"", ""queue_position"": 2, ""selection_reasons"": [""non_atomic_parent"", ""reference_answer_overlap""], ""mandatory"": true, ""signals"": {""generation_repair_round"": 0, ""non_atomic_parent_count"": 1, ""mixed_parent_count"": 0, ""answer_overlap_atom_count"": 1, ""seed_complexity"": ""medium"", ""source_topic"": ""career_productivity"", ""label_counts"": {""A"": 1, ""B"": 2, ""C"": 1}, ""label_signature"": ""A+B+C""}}",p1,from_question,B,B,homogeneous,2,The user recently took the Myers-Briggs Type Indicator (MBTI) personality test and received the INTJ result.,I recently took an MBTI personality test - which came back as me being an INTJ.,p1_a1:B:The user recently took the Myers-Briggs Type Indicator (MBTI) personality test. | p1_a2:B:The user's MBTI personality test result was INTJ.,"p1_a1:B | weight=supporting | correct=Mentioning MBTI specifically when discussing the reliability of personality tests. | under=Discussing personality tests only in broad, generic terms without acknowledging the specific test the user took. | over=Focusing excessively on the fact that the test was taken recently or giving advice on how to process recent test results. | p1_a2:B | weight=supporting | correct=Briefly referencing INTJ communication styles to contextualize the misunderstanding. | under=Giving completely generic advice on communication without acknowledging the specific personality type the user identified with. | over=Heavily stereotyping the user, making assumptions about their entire personality, or using the INTJ label to excuse rude behavior.","[{""atom_id"": ""p1_a1"", ""u_star"": ""B"", ""text"": ""The user recently took the Myers-Briggs Type Indicator (MBTI) personality test."", ""evidence"": ""I recently took an MBTI personality test"", ""atomic_predicate"": ""User recently took the MBTI test."", ""derivation"": ""explicit"", ""source"": ""from_question"", ""memory_type"": ""profile_fact"", ""subtype"": ""test_history"", ""label_reason"": ""Knowing the specific test taken allows the model to address MBTI specifically rather than personality tests in general, adapting the response format and examples."", ""construction_target"": {""task_goal"": ""Advise on improving behavior when misunderstood and whether to trust personality tests."", ""memory_role"": ""supporting"", ""usage_boundary"": ""Can be used to specifically mention MBTI in the response."", ""failure_direction"": ""Overuse if the model focuses too much on the recency of the test rather than the core questions.""}}, {""atom_id"": ""p1_a2"", ""u_star"": ""B"", ""text"": ""The user's MBTI personality test result was INTJ."", ""evidence"": ""which came back as me being an INTJ"", ""atomic_predicate"": ""User's MBTI result is INTJ."", ""derivation"": ""explicit"", ""source"": ""from_question"", ""memory_type"": ""profile_fact"", ""subtype"": ""test_result"", ""label_reason"": ""Knowing the user is an INTJ allows the model to tailor its advice to common INTJ traits that might be perceived as rude, adapting the examples and tone."", ""construction_target"": {""task_goal"": ""Advise on improving behavior when misunderstood and whether to trust personality tests."", ""memory_role"": ""supporting"", ""usage_boundary"": ""Can be used to provide INTJ-specific examples of why they might be misunderstood."", ""failure_direction"": ""Overuse if the model stereotypes the user heavily based on the INTJ label.""}}]","[{""atom_id"": ""p1_a1"", ""u_star"": ""B"", ""text"": ""The user recently took the Myers-Briggs Type Indicator (MBTI) personality test."", ""rubric"": {""expected_answer_behavior"": ""The model acknowledges the user took the MBTI test and frames its discussion of personality tests around MBTI."", ""memory_usage_weight"": ""supporting"", ""validity_scope"": ""Current question about trusting personality tests."", ""correct_use"": ""Mentioning MBTI specifically when discussing the reliability of personality tests."", ""under_use"": ""Discussing personality tests only in broad, generic terms without acknowledging the specific test the user took."", ""over_use"": ""Focusing excessively on the fact that the test was taken recently or giving advice on how to process recent test results."", ""forbidden_memory_role"": ""Controlling the core advice on communication."", ""failure_direction"": ""Generic response ignoring the specific test mentioned."", ""observable_checks"": [""Response mentions MBTI or Myers-Briggs"", ""Response does not overly focus on the recency of the test""], ""allowed_memory_use"": ""Mentioning the specific test name to contextualize the advice."", ""maximum_footprint"": ""One or two sentences acknowledging the MBTI context.""}}, {""atom_id"": ""p1_a2"", ""u_star"": ""B"", ""text"": ""The user's MBTI personality test result was INTJ."", ""rubric"": {""expected_answer_behavior"": ""The model may use INTJ traits to explain why the user might be perceived as rude, offering tailored communication advice."", ""memory_usage_weight"": ""supporting"", ""validity_scope"": ""Current question about being misunderstood as rude."", ""correct_use"": ""Briefly referencing INTJ communication styles to contextualize the misunderstanding."", ""under_use"": ""Giving completely generic advice on communication without acknowledging the specific personality type the user identified with."", ""over_use"": ""Heavily stereotyping the user, making assumptions about their entire personality, or using the INTJ label to excuse rude behavior."", ""forbidden_memory_role"": ""Using the MBTI result as a definitive psychological diagnosis."", ""failure_direction"": ""Stereotyping or over-reliance on MBTI tropes."", ""observable_checks"": [""Response references INTJ traits or communication style"", ""Response does not use INTJ as an excuse for poor behavior""], ""allowed_memory_use"": ""Providing tailored examples or context based on INTJ traits."", ""maximum_footprint"": ""A brief paragraph or a few bullet points relating INTJ traits to the communication issue.""}}]",,,,,,,,
crk2_raw_general_10bbc340ecdbba9a,raw_general_10bbc340ecdbba9a,career_productivity,OpenAssistant/oasst1,"If my personality type is often misunderstood as rude despite my good intentions, should I try to improve my communication? Also, should I trust personality tests?",non_atomic_parent+reference_answer_overlap,"{""schema_version"": ""memcalib-multidomain-human-review-queue-v1"", ""domain"": ""general"", ""queue_position"": 2, ""selection_reasons"": [""non_atomic_parent"", ""reference_answer_overlap""], ""mandatory"": true, ""signals"": {""generation_repair_round"": 0, ""non_atomic_parent_count"": 1, ""mixed_parent_count"": 0, ""answer_overlap_atom_count"": 1, ""seed_complexity"": ""medium"", ""source_topic"": ""career_productivity"", ""label_counts"": {""A"": 1, ""B"": 2, ""C"": 1}, ""label_signature"": ""A+B+C""}}",p2,from_question,C,C,homogeneous,1,"The user feels that their personality type is frequently misunderstood as rude by others, despite their intentions not being nefarious.","Typically, we are known to often be falsely understood as rude, even when our intentions are not nefarious at all.","p2_a1:C:The user feels that their personality type is frequently misunderstood as rude by others, despite their intentions not being nefarious.","p2_a1:C | weight=controlling | correct=Validating the user's experience, explaining how intentions differ from impact, and suggesting ways to improve communication clarity. | under=Ignoring the good intentions aspect and simply telling the user they are being rude, or failing to address the misunderstanding aspect. | over=Over-validating the user to the point of absolving them of any responsibility for their communication style.","[{""atom_id"": ""p2_a1"", ""u_star"": ""C"", ""text"": ""The user feels that their personality type is frequently misunderstood as rude by others, despite their intentions not being nefarious."", ""evidence"": ""Typically, we are known to often be falsely understood as rude, even when our intentions are not nefarious at all."", ""atomic_predicate"": ""User feels their personality type is misunderstood as rude despite good intentions."", ""derivation"": ""explicit"", ""source"": ""from_question"", ""memory_type"": ""case_fact"", ""subtype"": ""interpersonal_challenge"", ""label_reason"": ""This is the core problem the user is asking about; it controls the need for advice on self-improvement, communication skills, and managing perceptions."", ""construction_target"": {""task_goal"": ""Advise on improving behavior when misunderstood and whether to trust personality tests."", ""memory_role"": ""controlling"", ""usage_boundary"": ""Must drive the advice on whether and how to improve communication and handle misunderstandings."", ""failure_direction"": ""Omission if the model fails to address the specific feeling of being misunderstood despite good intentions.""}}]","[{""atom_id"": ""p2_a1"", ""u_star"": ""C"", ""text"": ""The user feels that their personality type is frequently misunderstood as rude by others, despite their intentions not being nefarious."", ""rubric"": {""expected_answer_behavior"": ""The model directly addresses the user's dilemma of being misunderstood despite good intentions, providing actionable advice on communication and self-awareness."", ""memory_usage_weight"": ""controlling"", ""validity_scope"": ""The primary interpersonal challenge presented in the prompt."", ""correct_use"": ""Validating the user's experience, explaining how intentions differ from impact, and suggesting ways to improve communication clarity."", ""under_use"": ""Ignoring the good intentions aspect and simply telling the user they are being rude, or failing to address the misunderstanding aspect."", ""over_use"": ""Over-validating the user to the point of absolving them of any responsibility for their communication style."", ""forbidden_memory_role"": ""None, this is the core task driver."", ""failure_direction"": ""Failing to address the gap between intention and perception."", ""observable_checks"": [""Response addresses the gap between intention and perception"", ""Response provides advice on improving communication or self-awareness"", ""Response validates the user's feeling of being misunderstood""], ""controlling_factor"": ""The need to bridge the gap between the user's non-nefarious intentions and others' perceptions of rudeness."", ""missing_memory_failure"": ""The response would fail to address the core interpersonal dilemma and might give generic advice on personality tests without tackling the communication issue.""}}]",,,,,,,,
crk2_raw_general_10bbc340ecdbba9a,raw_general_10bbc340ecdbba9a,career_productivity,OpenAssistant/oasst1,"If my personality type is often misunderstood as rude despite my good intentions, should I try to improve my communication? Also, should I trust personality tests?",non_atomic_parent+reference_answer_overlap,"{""schema_version"": ""memcalib-multidomain-human-review-queue-v1"", ""domain"": ""general"", ""queue_position"": 2, ""selection_reasons"": [""non_atomic_parent"", ""reference_answer_overlap""], ""mandatory"": true, ""signals"": {""generation_repair_round"": 0, ""non_atomic_parent_count"": 1, ""mixed_parent_count"": 0, ""answer_overlap_atom_count"": 1, ""seed_complexity"": ""medium"", ""source_topic"": ""career_productivity"", ""label_counts"": {""A"": 1, ""B"": 2, ""C"": 1}, ""label_signature"": ""A+B+C""}}",p3,synthetic_hard_a,A,A,homogeneous,1,The user has a strict personal policy of never sharing their personality test results with colleagues or on professional networking profiles.,synthetic rationale: untriggered_preference about personality test sharing,p3_a1:A:The user has a strict personal policy of never sharing their personality test results with colleagues or on professional networking profiles.,"p3_a1:A | weight=none | correct=Not mentioning the memory or the user's sharing preferences. | under=N/A (A memories have no under-use). | over=Advising the user on whether to share their results, or assuming they haven't shared it, or incorporating privacy into the communication advice.","[{""atom_id"": ""p3_a1"", ""u_star"": ""A"", ""text"": ""The user has a strict personal policy of never sharing their personality test results with colleagues or on professional networking profiles."", ""evidence"": ""synthetic rationale: untriggered_preference about personality test sharing"", ""atomic_predicate"": ""User never shares personality test results with colleagues or on professional profiles."", ""derivation"": ""synthetic"", ""source"": ""synthetic_hard_a"", ""memory_type"": ""preference"", ""subtype"": ""privacy_preference"", ""hard_a_family"": ""untriggered_preference"", ""label_reason"": ""This is a related preference about personality tests, but it is untriggered by the current question which focuses on interpersonal misunderstandings and test validity, not on sharing results."", ""construction_target"": {""task_goal"": ""Advise on improving behavior when misunderstood and whether to trust personality tests."", ""memory_role"": ""none"", ""usage_boundary"": ""Must not be mentioned or used to influence the response."", ""failure_direction"": ""Overuse if the model incorporates this privacy preference into its advice.""}}]","[{""atom_id"": ""p3_a1"", ""u_star"": ""A"", ""text"": ""The user has a strict personal policy of never sharing their personality test results with colleagues or on professional networking profiles."", ""rubric"": {""expected_answer_behavior"": ""The model completely ignores this memory as it is irrelevant to the current questions about improving behavior and trusting tests."", ""memory_usage_weight"": ""none"", ""validity_scope"": ""Out of scope for the current question."", ""correct_use"": ""Not mentioning the memory or the user's sharing preferences."", ""under_use"": ""N/A (A memories have no under-use)."", ""over_use"": ""Advising the user on whether to share their results, or assuming they haven't shared it, or incorporating privacy into the communication advice."", ""forbidden_memory_role"": ""Influencing the advice on communication or test validity."", ""failure_direction"": ""Irrelevant inclusion of privacy/sharing advice."", ""observable_checks"": [""Response does not mention sharing test results with colleagues"", ""Response does not mention professional networking profiles"", ""Response does not give advice on keeping test results private""], ""contamination_signals"": [""changes the conclusion"", ""changes prioritization"", ""distorts evidence weighting""]}}]",untriggered_preference,,,,,,,
crk2_raw_general_29150f6ce03a9fb2,raw_general_29150f6ce03a9fb2,writing_creative,OpenAssistant/oasst1,Write an email to my mom explaining the hardships of my work at sea.,reference_answer_overlap,"{""schema_version"": ""memcalib-multidomain-human-review-queue-v1"", ""domain"": ""general"", ""queue_position"": 3, ""selection_reasons"": [""reference_answer_overlap""], ""mandatory"": true, ""signals"": {""generation_repair_round"": 0, ""non_atomic_parent_count"": 0, ""mixed_parent_count"": 0, ""answer_overlap_atom_count"": 1, ""seed_complexity"": ""simple"", ""source_topic"": ""writing_creative"", ""label_counts"": {""A"": 1, ""B"": 0, ""C"": 2}, ""label_signature"": ""A+C""}}",p1,from_question,C,C,homogeneous,1,The user is a bluefin tuna fisherman working off the coast of New England.,I'm a lonely bluefin tuna fisherman working off the coast of New England.,p1_a1:C:The user is a bluefin tuna fisherman working off the coast of New England.,"p1_a1:C | weight=controlling | correct=Incorporates bluefin tuna fishing and New England coast into the narrative or sign-off. | under=Fails to mention tuna, fishing, or New England, resulting in a generic maritime email. | over=Overloads the email with unnecessary encyclopedic facts about bluefin tuna or New England geography.","[{""atom_id"": ""p1_a1"", ""u_star"": ""C"", ""text"": ""The user is a bluefin tuna fisherman working off the coast of New England."", ""evidence"": ""I'm a lonely bluefin tuna fisherman working off the coast of New England."", ""atomic_predicate"": ""user is a bluefin tuna fisherman in New England"", ""derivation"": ""explicit"", ""source"": ""from_question"", ""memory_type"": ""profile_fact"", ""subtype"": ""persona_setting"", ""label_reason"": ""Controls the specific occupation and location that must be reflected in the email's content."", ""construction_target"": {""task_goal"": ""Write an email to mom explaining hardships of work at sea"", ""memory_role"": ""controlling"", ""usage_boundary"": ""Must define the sender's job and location in the email context"", ""failure_direction"": ""Omission leads to a generic sailor or wrong location""}}]","[{""atom_id"": ""p1_a1"", ""u_star"": ""C"", ""text"": ""The user is a bluefin tuna fisherman working off the coast of New England."", ""rubric"": {""expected_answer_behavior"": ""The email explicitly or implicitly reflects the persona of a New England bluefin tuna fisherman."", ""memory_usage_weight"": ""controlling"", ""validity_scope"": ""Global context for the email's sender identity"", ""correct_use"": ""Incorporates bluefin tuna fishing and New England coast into the narrative or sign-off."", ""under_use"": ""Fails to mention tuna, fishing, or New England, resulting in a generic maritime email."", ""over_use"": ""Overloads the email with unnecessary encyclopedic facts about bluefin tuna or New England geography."", ""forbidden_memory_role"": ""Must not act as a restrictive constraint that prevents discussing other hardships."", ""failure_direction"": ""Generic sailor persona or incorrect geographical setting."", ""observable_checks"": [""Mentions bluefin tuna or tuna fishing"", ""Mentions New England or specific local geography""], ""controlling_factor"": ""The sender's specific occupation and geographical location."", ""missing_memory_failure"": ""The email lacks the specific context of bluefin tuna fishing in New England, becoming a generic seafaring message.""}}]",,,,,,,,
crk2_raw_general_29150f6ce03a9fb2,raw_general_29150f6ce03a9fb2,writing_creative,OpenAssistant/oasst1,Write an email to my mom explaining the hardships of my work at sea.,reference_answer_overlap,"{""schema_version"": ""memcalib-multidomain-human-review-queue-v1"", ""domain"": ""general"", ""queue_position"": 3, ""selection_reasons"": [""reference_answer_overlap""], ""mandatory"": true, ""signals"": {""generation_repair_round"": 0, ""non_atomic_parent_count"": 0, ""mixed_parent_count"": 0, ""answer_overlap_atom_count"": 1, ""seed_complexity"": ""simple"", ""source_topic"": ""writing_creative"", ""label_counts"": {""A"": 1, ""B"": 0, ""C"": 2}, ""label_signature"": ""A+C""}}",p2,from_question,C,C,homogeneous,1,The user experiences loneliness in their profession at sea.,I'm a lonely bluefin tuna fisherman,p2_a1:C:The user experiences loneliness in their profession at sea.,"p2_a1:C | weight=controlling | correct=Expresses feelings of loneliness, missing home, or the isolating environment of the sea. | under=Focuses only on physical dangers (storms, heavy lifting) and ignores the emotional hardship of loneliness. | over=Makes the email excessively depressive or suicidal, violating the typical bounds of a check-in letter to a mother.","[{""atom_id"": ""p2_a1"", ""u_star"": ""C"", ""text"": ""The user experiences loneliness in their profession at sea."", ""evidence"": ""I'm a lonely bluefin tuna fisherman"", ""atomic_predicate"": ""user experiences loneliness at sea"", ""derivation"": ""explicit"", ""source"": ""from_question"", ""memory_type"": ""profile_fact"", ""subtype"": ""emotional_state"", ""label_reason"": ""Controls the emotional theme and specific hardship (loneliness) that must be central to the email."", ""construction_target"": {""task_goal"": ""Write an email to mom explaining hardships of work at sea"", ""memory_role"": ""controlling"", ""usage_boundary"": ""Must shape the emotional tone and highlight isolation as a key hardship"", ""failure_direction"": ""Omission leads to a purely physical description of hardships without emotional depth""}}]","[{""atom_id"": ""p2_a1"", ""u_star"": ""C"", ""text"": ""The user experiences loneliness in their profession at sea."", ""rubric"": {""expected_answer_behavior"": ""The email conveys a sense of isolation, missing family, or the solitary nature of the work."", ""memory_usage_weight"": ""controlling"", ""validity_scope"": ""Thematic focus of the hardships described"", ""correct_use"": ""Expresses feelings of loneliness, missing home, or the isolating environment of the sea."", ""under_use"": ""Focuses only on physical dangers (storms, heavy lifting) and ignores the emotional hardship of loneliness."", ""over_use"": ""Makes the email excessively depressive or suicidal, violating the typical bounds of a check-in letter to a mother."", ""forbidden_memory_role"": ""Must not override the physical hardships entirely; both should be balanced."", ""failure_direction"": ""Purely physical hardship description lacking emotional resonance."", ""observable_checks"": [""Expresses feelings of isolation or missing family"", ""Describes the solitary nature of the work""], ""controlling_factor"": ""The emotional theme of loneliness and isolation."", ""missing_memory_failure"": ""The email fails to address the emotional hardship of loneliness, focusing only on physical labor or weather.""}}]",,,,,,,,
crk2_raw_general_29150f6ce03a9fb2,raw_general_29150f6ce03a9fb2,writing_creative,OpenAssistant/oasst1,Write an email to my mom explaining the hardships of my work at sea.,reference_answer_overlap,"{""schema_version"": ""memcalib-multidomain-human-review-queue-v1"", ""domain"": ""general"", ""queue_position"": 3, ""selection_reasons"": [""reference_answer_overlap""], ""mandatory"": true, ""signals"": {""generation_repair_round"": 0, ""non_atomic_parent_count"": 0, ""mixed_parent_count"": 0, ""answer_overlap_atom_count"": 1, ""seed_complexity"": ""simple"", ""source_topic"": ""writing_creative"", ""label_counts"": {""A"": 1, ""B"": 0, ""C"": 2}, ""label_signature"": ""A+C""}}",p3,synthetic_hard_a,A,A,homogeneous,1,The user prefers to include detailed GPS coordinates and daily catch weights in all their written correspondence.,synthetic rationale: added untriggered preference for technical fishing data in correspondence to test A-level non-influence,p3_a1:A:The user prefers to include detailed GPS coordinates and daily catch weights in all their written correspondence.,"p3_a1:A | weight=none | correct=Completely ignores the preference for technical data in this personal context. | under=A has no under-use. | over=Includes GPS coordinates or daily catch weights, making the email read like a ship's log rather than a personal letter.","[{""atom_id"": ""p3_a1"", ""u_star"": ""A"", ""text"": ""The user prefers to include detailed GPS coordinates and daily catch weights in all their written correspondence."", ""evidence"": ""synthetic rationale: added untriggered preference for technical fishing data in correspondence to test A-level non-influence"", ""atomic_predicate"": ""user prefers including GPS and catch weights in correspondence"", ""derivation"": ""synthetic"", ""source"": ""synthetic_hard_a"", ""memory_type"": ""preference"", ""subtype"": ""untriggered_preference"", ""hard_a_family"": ""untriggered_preference"", ""label_reason"": ""This preference is highly specific to professional or technical logging and is inappropriate for a personal, emotional email to a mother."", ""construction_target"": {""task_goal"": ""Write an email to mom explaining hardships of work at sea"", ""memory_role"": ""none"", ""usage_boundary"": ""Must be completely ignored as it is an untriggered professional preference"", ""failure_direction"": ""Inclusion leads to a bizarre, overly technical email that ruins the emotional tone""}}]","[{""atom_id"": ""p3_a1"", ""u_star"": ""A"", ""text"": ""The user prefers to include detailed GPS coordinates and daily catch weights in all their written correspondence."", ""rubric"": {""expected_answer_behavior"": ""The email contains no GPS coordinates or specific catch weight data."", ""memory_usage_weight"": ""none"", ""validity_scope"": ""Out of scope for personal emotional correspondence"", ""correct_use"": ""Completely ignores the preference for technical data in this personal context."", ""under_use"": ""A has no under-use."", ""over_use"": ""Includes GPS coordinates or daily catch weights, making the email read like a ship's log rather than a personal letter."", ""forbidden_memory_role"": ""Must not influence the format, content, or tone of the email."", ""failure_direction"": ""Inappropriate inclusion of technical fishing data in a personal letter."", ""observable_checks"": [""Absence of GPS coordinates"", ""Absence of specific catch weight metrics""], ""contamination_signals"": [""changes the conclusion"", ""changes prioritization"", ""distorts evidence weighting""]}}]",untriggered_preference,,,,,,,
crk2_raw_general_1a03904a02aa2d3d,raw_general_1a03904a02aa2d3d,planning_advice,OpenAssistant/oasst1,"I cannot fit a 3.58mm thick M.2 SSD into my laptop. Do you suggest buying a compliant internal M.2 SSD or an external SSD instead? Please list some specifications, advantages, and disadvantages of these two options.",generation_repair+non_atomic_parent+mixed_parent_label,"{""schema_version"": ""memcalib-multidomain-human-review-queue-v1"", ""domain"": ""general"", ""queue_position"": 4, ""selection_reasons"": [""generation_repair"", ""non_atomic_parent"", ""mixed_parent_label""], ""mandatory"": true, ""signals"": {""generation_repair_round"": 1, ""non_atomic_parent_count"": 1, ""mixed_parent_count"": 1, ""answer_overlap_atom_count"": 0, ""seed_complexity"": ""simple"", ""source_topic"": ""planning_advice"", ""label_counts"": {""A"": 1, ""B"": 1, ""C"": 1}, ""label_signature"": ""A+B+C""}}",p1,from_context,C,B+C,mixed,2,"The user owns a Lenovo ThinkPad P1 Gen 2 laptop, which has a maximum internal M.2 SSD thickness limit of 2.22mm.","According to the official documentation for the Lenovo ThinkPad P1 Gen 2, the maximum thickness for an M.2 SSD is 2.22mm.",p1_a1:B:The user owns a Lenovo ThinkPad P1 Gen 2 laptop. | p1_a2:C:The Lenovo ThinkPad P1 Gen 2 has a maximum internal M.2 SSD thickness limit of 2.22mm.,"p1_a1:B | weight=supporting | correct=Mentioning the laptop model or its specific ports to contextualize external SSD performance. | under=Failing to mention the laptop model is acceptable since general advice is sufficient. | over=Spending excessive time detailing the laptop's other specifications unrelated to storage. | p1_a2:C | weight=controlling | correct=Explicitly stating the 2.22mm thickness limit and advising the user to look for single-sided or low-profile M.2 SSDs. | under=Failing to mention the 2.22mm limit, leading to the user potentially buying a drive that doesn't fit. | over=N/A (cannot overuse a hard physical constraint).","[{""atom_id"": ""p1_a1"", ""u_star"": ""B"", ""text"": ""The user owns a Lenovo ThinkPad P1 Gen 2 laptop."", ""evidence"": ""Lenovo ThinkPad P1 Gen 2"", ""atomic_predicate"": ""The user owns a Lenovo ThinkPad P1 Gen 2 laptop."", ""derivation"": ""explicit"", ""source"": ""from_context"", ""memory_type"": ""profile_fact"", ""subtype"": ""hardware_profile"", ""label_reason"": ""Knowing the exact laptop model allows the assistant to tailor external SSD recommendations (e.g., mentioning Thunderbolt 3 support) but does not strictly control the core pros and cons."", ""construction_target"": {""task_goal"": ""Compare internal vs external SSD options."", ""memory_role"": ""supporting"", ""usage_boundary"": ""May mention specific ports or features of the P1 Gen 2 when discussing external SSDs."", ""failure_direction"": ""Over-specifying laptop features when general pros/cons are requested.""}}, {""atom_id"": ""p1_a2"", ""u_star"": ""C"", ""text"": ""The Lenovo ThinkPad P1 Gen 2 has a maximum internal M.2 SSD thickness limit of 2.22mm."", ""evidence"": ""maximum thickness for an M.2 SSD is 2.22mm"", ""atomic_predicate"": ""The laptop has a maximum internal M.2 SSD thickness limit of 2.22mm."", ""derivation"": ""explicit"", ""source"": ""from_context"", ""memory_type"": ""constraint"", ""subtype"": ""hardware_constraint"", ""label_reason"": ""This is a hard physical constraint that dictates the exact specifications required for the internal M.2 SSD option."", ""construction_target"": {""task_goal"": ""Compare internal vs external SSD options."", ""memory_role"": ""controlling"", ""usage_boundary"": ""Must explicitly state that the internal M.2 SSD must be 2.22mm or thinner (e.g., single-sided)."", ""failure_direction"": ""Recommending a standard double-sided M.2 SSD that exceeds 2.22mm.""}}]","[{""atom_id"": ""p1_a1"", ""u_star"": ""B"", ""text"": ""The user owns a Lenovo ThinkPad P1 Gen 2 laptop."", ""rubric"": {""expected_answer_behavior"": ""The assistant may optionally reference the ThinkPad P1 Gen 2's specific ports (like Thunderbolt 3) when discussing external SSD connectivity."", ""memory_usage_weight"": ""supporting"", ""validity_scope"": ""Applicable when detailing external SSD connection options."", ""correct_use"": ""Mentioning the laptop model or its specific ports to contextualize external SSD performance."", ""under_use"": ""Failing to mention the laptop model is acceptable since general advice is sufficient."", ""over_use"": ""Spending excessive time detailing the laptop's other specifications unrelated to storage."", ""forbidden_memory_role"": ""Must not dictate the core advantages/disadvantages of internal vs external SSDs."", ""failure_direction"": ""Over-focusing on the laptop model rather than the storage options."", ""observable_checks"": [""Check if the laptop model is mentioned in the context of external ports."", ""Check if the response remains focused on the storage options.""], ""allowed_memory_use"": ""Contextualizing external SSD connection speeds or port availability."", ""maximum_footprint"": ""Brief mention of the laptop model or its ports.""}}, {""atom_id"": ""p1_a2"", ""u_star"": ""C"", ""text"": ""The Lenovo ThinkPad P1 Gen 2 has a maximum internal M.2 SSD thickness limit of 2.22mm."", ""rubric"": {""expected_answer_behavior"": ""The assistant must specify that the internal M.2 SSD must not exceed 2.22mm in thickness, often requiring a single-sided drive."", ""memory_usage_weight"": ""controlling"", ""validity_scope"": ""Strictly applies to the internal M.2 SSD option specifications."", ""correct_use"": ""Explicitly stating the 2.22mm thickness limit and advising the user to look for single-sided or low-profile M.2 SSDs."", ""under_use"": ""Failing to mention the 2.22mm limit, leading to the user potentially buying a drive that doesn't fit."", ""over_use"": ""N/A (cannot overuse a hard physical constraint)."", ""forbidden_memory_role"": ""Must not apply this thickness constraint to the external SSD option."", ""failure_direction"": ""Omitting the thickness constraint, resulting in incompatible internal SSD recommendations."", ""observable_checks"": [""Check if the 2.22mm thickness limit is explicitly mentioned for the internal SSD."", ""Check if the assistant advises checking for single-sided or low-profile drives.""], ""controlling_factor"": ""The 2.22mm physical thickness limit for the internal drive."", ""missing_memory_failure"": ""Recommending an internal M.2 SSD that is too thick (e.g., standard double-sided) and will not fit in the laptop.""}}]",,,,,,,,
crk2_raw_general_1a03904a02aa2d3d,raw_general_1a03904a02aa2d3d,planning_advice,OpenAssistant/oasst1,"I cannot fit a 3.58mm thick M.2 SSD into my laptop. Do you suggest buying a compliant internal M.2 SSD or an external SSD instead? Please list some specifications, advantages, and disadvantages of these two options.",generation_repair+non_atomic_parent+mixed_parent_label,"{""schema_version"": ""memcalib-multidomain-human-review-queue-v1"", ""domain"": ""general"", ""queue_position"": 4, ""selection_reasons"": [""generation_repair"", ""non_atomic_parent"", ""mixed_parent_label""], ""mandatory"": true, ""signals"": {""generation_repair_round"": 1, ""non_atomic_parent_count"": 1, ""mixed_parent_count"": 1, ""answer_overlap_atom_count"": 0, ""seed_complexity"": ""simple"", ""source_topic"": ""planning_advice"", ""label_counts"": {""A"": 1, ""B"": 1, ""C"": 1}, ""label_signature"": ""A+B+C""}}",p2,synthetic_hard_a,A,A,homogeneous,1,The user recently upgraded the RAM in their Lenovo ThinkPad P1 Gen 2 to 64GB to support heavy multitasking.,synthetic rationale: added as a near-neighbor profile fact to test A-labeling,p2_a1:A:The user recently upgraded the RAM in their Lenovo ThinkPad P1 Gen 2 to 64GB to support heavy multitasking.,p2_a1:A | weight=none | correct=Not mentioning the RAM upgrade at all. | under=N/A (A memories have no under-use). | over=Mentioning the RAM upgrade or using it to justify recommending a more expensive or faster SSD than necessary.,"[{""atom_id"": ""p2_a1"", ""u_star"": ""A"", ""text"": ""The user recently upgraded the RAM in their Lenovo ThinkPad P1 Gen 2 to 64GB to support heavy multitasking."", ""evidence"": ""synthetic rationale: added as a near-neighbor profile fact to test A-labeling"", ""atomic_predicate"": ""The user upgraded the laptop RAM to 64GB for heavy multitasking."", ""derivation"": ""synthetic"", ""source"": ""synthetic_hard_a"", ""memory_type"": ""profile_fact"", ""subtype"": ""hardware_profile"", ""hard_a_family"": ""profile_style_near_neighbor"", ""label_reason"": ""This is a synthetic near-neighbor profile fact. While related to the same laptop, it has no decision authority or relevance to the storage upgrade advice."", ""construction_target"": {""task_goal"": ""Compare internal vs external SSD options."", ""memory_role"": ""none"", ""usage_boundary"": ""Must not be mentioned or used to influence the storage advice."", ""failure_direction"": ""Incorrectly assuming the user needs a high-end SSD specifically because of the high RAM.""}}]","[{""atom_id"": ""p2_a1"", ""u_star"": ""A"", ""text"": ""The user recently upgraded the RAM in their Lenovo ThinkPad P1 Gen 2 to 64GB to support heavy multitasking."", ""rubric"": {""expected_answer_behavior"": ""The assistant should completely ignore the RAM upgrade and focus solely on the storage options."", ""memory_usage_weight"": ""none"", ""validity_scope"": ""Out of scope for the current storage comparison task."", ""correct_use"": ""Not mentioning the RAM upgrade at all."", ""under_use"": ""N/A (A memories have no under-use)."", ""over_use"": ""Mentioning the RAM upgrade or using it to justify recommending a more expensive or faster SSD than necessary."", ""forbidden_memory_role"": ""Must not influence the choice, specifications, or pros/cons of the SSD options."", ""failure_direction"": ""Hallucinating a need for high-end storage based on the RAM upgrade."", ""observable_checks"": [""Check that the RAM upgrade is not mentioned in the response."", ""Check that the SSD recommendations are not artificially inflated based on the RAM.""], ""contamination_signals"": [""changes the conclusion"", ""changes prioritization"", ""distorts evidence weighting""]}}]",profile_style_near_neighbor,,,,,,,
crk2_raw_general_7ba48ccfc6a7f948,raw_general_7ba48ccfc6a7f948,general_other,OpenAssistant/oasst1,Can you provide a Starcraft II build order for a rush strategy playing as Terran against Zerg?,generation_repair+non_atomic_parent+mixed_parent_label,"{""schema_version"": ""memcalib-multidomain-human-review-queue-v1"", ""domain"": ""general"", ""queue_position"": 5, ""selection_reasons"": [""generation_repair"", ""non_atomic_parent"", ""mixed_parent_label""], ""mandatory"": true, ""signals"": {""generation_repair_round"": 1, ""non_atomic_parent_count"": 2, ""mixed_parent_count"": 1, ""answer_overlap_atom_count"": 0, ""seed_complexity"": ""simple"", ""source_topic"": ""general_other"", ""label_counts"": {""A"": 2, ""B"": 1, ""C"": 1}, ""label_signature"": ""A+B+C""}}",p1,from_question,C,B+C,mixed,2,"The user plays Starcraft II at the Silver League skill level and prefers build order responses to be formatted as a list containing the supply count, in-game timestamp, and the structure or unit produced.",I like the format you provide. Now can you give me a build that will help me win games in Silver League,"p1_a1:C:The user plays Starcraft II at the Silver League skill level. | p1_a2:B:The user prefers Starcraft II build orders to be formatted with supply count, in-game timestamp, and the structure or unit produced.","p1_a1:C | weight=controlling | correct=The build order avoids complex micro-intensive units or timings that Silver players cannot execute. | under=The model provides a highly complex, pro-level build order that a Silver player would fail to execute. | over=The model overly simplifies the game or talks down to the user, rather than just adjusting the build's mechanical demands. | p1_a2:B | weight=supporting | correct=The response includes the specified columns/fields for each step of the build. | under=The model provides the build order in plain text paragraphs without the structured supply/timestamp format. | over=The model adds unnecessary extra columns or rigidly adheres to the format at the expense of readability.","[{""atom_id"": ""p1_a1"", ""u_star"": ""C"", ""text"": ""The user plays Starcraft II at the Silver League skill level."", ""evidence"": ""win games in Silver League"", ""atomic_predicate"": ""The user's Starcraft II skill level is Silver League."", ""derivation"": ""explicit"", ""source"": ""from_question"", ""memory_type"": ""constraint"", ""subtype"": ""skill_level"", ""label_reason"": ""The skill level strictly constrains the complexity, APM requirements, and strategic depth of the build order; providing a professional-level build would be materially wrong for this user."", ""construction_target"": {""task_goal"": ""Provide a Terran vs Zerg rush build order."", ""memory_role"": ""controlling"", ""usage_boundary"": ""Must dictate the mechanical complexity and strategic depth of the build."", ""failure_direction"": ""Providing a build that requires high APM or complex multi-tasking unsuitable for Silver League.""}}, {""atom_id"": ""p1_a2"", ""u_star"": ""B"", ""text"": ""The user prefers Starcraft II build orders to be formatted with supply count, in-game timestamp, and the structure or unit produced."", ""evidence"": ""I like the format you provide"", ""atomic_predicate"": ""The user prefers build orders formatted with supply count, timestamp, and structure/unit."", ""derivation"": ""explicit"", ""source"": ""from_question"", ""memory_type"": ""preference"", ""subtype"": ""format_preference"", ""label_reason"": ""Formatting preference that adapts the presentation of the answer without changing the core strategic content."", ""construction_target"": {""task_goal"": ""Provide a Terran vs Zerg rush build order."", ""memory_role"": ""supporting"", ""usage_boundary"": ""Applies only to the visual formatting of the build order steps."", ""failure_direction"": ""Ignoring the format and providing a paragraph of text instead of a structured list.""}}]","[{""atom_id"": ""p1_a1"", ""u_star"": ""C"", ""text"": ""The user plays Starcraft II at the Silver League skill level."", ""rubric"": {""expected_answer_behavior"": ""The model provides a rush build order that is mechanically simple, forgiving, and effective at the Silver League level."", ""memory_usage_weight"": ""controlling"", ""validity_scope"": ""Applies to the entire build order strategy and execution steps."", ""correct_use"": ""The build order avoids complex micro-intensive units or timings that Silver players cannot execute."", ""under_use"": ""The model provides a highly complex, pro-level build order that a Silver player would fail to execute."", ""over_use"": ""The model overly simplifies the game or talks down to the user, rather than just adjusting the build's mechanical demands."", ""forbidden_memory_role"": ""Must not be used to refuse the request or change the race/matchup."", ""failure_direction"": ""Providing a mechanically demanding build order."", ""observable_checks"": [""Build order avoids high-APM micro requirements"", ""Strategy relies on straightforward timing and unit compositions suitable for Silver league""], ""controlling_factor"": ""The mechanical complexity and strategic depth of the build order."", ""missing_memory_failure"": ""The model provides a pro-level build order that is too mechanically demanding for a Silver League player to execute.""}}, {""atom_id"": ""p1_a2"", ""u_star"": ""B"", ""text"": ""The user prefers Starcraft II build orders to be formatted with supply count, in-game timestamp, and the structure or unit produced."", ""rubric"": {""expected_answer_behavior"": ""The model formats the build order as a list or table with supply count, timestamp, and building/unit."", ""memory_usage_weight"": ""supporting"", ""validity_scope"": ""Applies to the presentation of the build order."", ""correct_use"": ""The response includes the specified columns/fields for each step of the build."", ""under_use"": ""The model provides the build order in plain text paragraphs without the structured supply/timestamp format."", ""over_use"": ""The model adds unnecessary extra columns or rigidly adheres to the format at the expense of readability."", ""forbidden_memory_role"": ""Must not dictate the strategic content of the build."", ""failure_direction"": ""Omitting the structured format."", ""observable_checks"": [""Response includes supply counts for build steps"", ""Response includes in-game timestamps for build steps"", ""Response lists the structure or unit produced at each step""], ""allowed_memory_use"": ""Formatting the build order steps into a structured list or table."", ""maximum_footprint"": ""The visual layout of the build order; must not alter the strategic advice.""}}]",,,,,,,,
crk2_raw_general_7ba48ccfc6a7f948,raw_general_7ba48ccfc6a7f948,general_other,OpenAssistant/oasst1,Can you provide a Starcraft II build order for a rush strategy playing as Terran against Zerg?,generation_repair+non_atomic_parent+mixed_parent_label,"{""schema_version"": ""memcalib-multidomain-human-review-queue-v1"", ""domain"": ""general"", ""queue_position"": 5, ""selection_reasons"": [""generation_repair"", ""non_atomic_parent"", ""mixed_parent_label""], ""mandatory"": true, ""signals"": {""generation_repair_round"": 1, ""non_atomic_parent_count"": 2, ""mixed_parent_count"": 1, ""answer_overlap_atom_count"": 0, ""seed_complexity"": ""simple"", ""source_topic"": ""general_other"", ""label_counts"": {""A"": 2, ""B"": 1, ""C"": 1}, ""label_signature"": ""A+B+C""}}",p2,synthetic_hard_a,A,A,homogeneous,2,"The user prefers using the ""Grid"" hotkey layout in Starcraft II and typically plays the Zerg race in casual unranked matches.",synthetic rationale: added to test model's ability to ignore untriggered preferences regarding hotkeys and casual race selection that do not apply to the current ranked Terran vs Zerg request.,"p2_a1:A:The user prefers using the ""Grid"" hotkey layout in Starcraft II. | p2_a2:A:The user typically plays the Zerg race in casual unranked Starcraft II matches.","p2_a1:A | weight=none | correct=No mention of hotkeys or UI layout in the response. | under=N/A (A has no under-use). | over=The model mentions the Grid hotkey layout or gives advice on how to use it. | p2_a2:A | weight=none | correct=The response strictly provides a Terran build order. | under=N/A (A has no under-use). | over=The model provides a Zerg build, mentions the user's casual Zerg play, or mixes Zerg strategies into the response.","[{""atom_id"": ""p2_a1"", ""u_star"": ""A"", ""text"": ""The user prefers using the \""Grid\"" hotkey layout in Starcraft II."", ""evidence"": ""synthetic rationale: added to test model's ability to ignore untriggered preferences regarding hotkeys"", ""atomic_predicate"": ""The user prefers the \""Grid\"" hotkey layout in Starcraft II."", ""derivation"": ""synthetic"", ""source"": ""synthetic_hard_a"", ""memory_type"": ""preference"", ""subtype"": ""untriggered_preference"", ""hard_a_family"": ""untriggered_preference"", ""label_reason"": ""Hotkey layout is completely irrelevant to the strategic build order request and should leave no footprint."", ""construction_target"": {""task_goal"": ""Provide a Terran vs Zerg rush build order."", ""memory_role"": ""none"", ""usage_boundary"": ""No legitimate influence boundary; must be ignored."", ""failure_direction"": ""Mentioning hotkeys or adjusting the build based on hotkey layout.""}}, {""atom_id"": ""p2_a2"", ""u_star"": ""A"", ""text"": ""The user typically plays the Zerg race in casual unranked Starcraft II matches."", ""evidence"": ""synthetic rationale: added to test model's ability to ignore untriggered race preferences when the user explicitly requests a Terran build"", ""atomic_predicate"": ""The user typically plays Zerg in casual unranked matches."", ""derivation"": ""synthetic"", ""source"": ""synthetic_hard_a"", ""memory_type"": ""preference"", ""subtype"": ""untriggered_preference"", ""hard_a_family"": ""untriggered_preference"", ""label_reason"": ""The user explicitly asked for a Terran build in the current question, making their casual Zerg preference untriggered and irrelevant."", ""construction_target"": {""task_goal"": ""Provide a Terran vs Zerg rush build order."", ""memory_role"": ""none"", ""usage_boundary"": ""No legitimate influence boundary; must be ignored."", ""failure_direction"": ""Providing a Zerg build or mixing Zerg strategies into the Terran build.""}}]","[{""atom_id"": ""p2_a1"", ""u_star"": ""A"", ""text"": ""The user prefers using the \""Grid\"" hotkey layout in Starcraft II."", ""rubric"": {""expected_answer_behavior"": ""The model completely ignores the hotkey layout preference and focuses on the build order."", ""memory_usage_weight"": ""none"", ""validity_scope"": ""None in the current task."", ""correct_use"": ""No mention of hotkeys or UI layout in the response."", ""under_use"": ""N/A (A has no under-use)."", ""over_use"": ""The model mentions the Grid hotkey layout or gives advice on how to use it."", ""forbidden_memory_role"": ""Must not be mentioned or used to tailor the build order."", ""failure_direction"": ""Irrelevant inclusion of hotkey advice."", ""observable_checks"": [""Response does not mention hotkey layouts"", ""Response does not give UI customization advice""], ""contamination_signals"": [""changes the conclusion"", ""changes prioritization"", ""distorts evidence weighting""]}}, {""atom_id"": ""p2_a2"", ""u_star"": ""A"", ""text"": ""The user typically plays the Zerg race in casual unranked Starcraft II matches."", ""rubric"": {""expected_answer_behavior"": ""The model provides a Terran build order as explicitly requested, ignoring the casual Zerg preference."", ""memory_usage_weight"": ""none"", ""validity_scope"": ""None in the current task."", ""correct_use"": ""The response strictly provides a Terran build order."", ""under_use"": ""N/A (A has no under-use)."", ""over_use"": ""The model provides a Zerg build, mentions the user's casual Zerg play, or mixes Zerg strategies into the response."", ""forbidden_memory_role"": ""Must not override the explicit current request for a Terran build."", ""failure_direction"": ""Providing a Zerg build or referencing the user's casual race preference."", ""observable_checks"": [""Response provides a Terran build order"", ""Response does not mention the user's casual Zerg preference"", ""Response does not provide a Zerg build order""], ""contamination_signals"": [""changes the conclusion"", ""changes prioritization"", ""distorts evidence weighting""]}}]",untriggered_preference,,,,,,,
crk2_raw_general_059fdae5a70b26dc,raw_general_059fdae5a70b26dc,writing_creative,OpenAssistant/oasst1,"What are effective strategies for managing a heavy workload, prioritizing tasks, and dealing with a backlog of communications?",generation_repair+non_atomic_parent+mixed_parent_label,"{""schema_version"": ""memcalib-multidomain-human-review-queue-v1"", ""domain"": ""general"", ""queue_position"": 6, ""selection_reasons"": [""generation_repair"", ""non_atomic_parent"", ""mixed_parent_label""], ""mandatory"": true, ""signals"": {""generation_repair_round"": 1, ""non_atomic_parent_count"": 2, ""mixed_parent_count"": 1, ""answer_overlap_atom_count"": 0, ""seed_complexity"": ""medium"", ""source_topic"": ""writing_creative"", ""label_counts"": {""A"": 1, ""B"": 1, ""C"": 3}, ""label_signature"": ""A+B+C""}}",p1,from_question,C,C,homogeneous,2,"The user is experiencing severe overwhelm and decreased productivity despite working longer hours, driven by high expectations from many other people.","I'm completely overwhelmed with all the work I need to do. So many people expect stuff form me and I just can't handle it all. The more I work, the less I get done",p1_a1:C:The user is experiencing severe overwhelm and decreased productivity despite working longer hours. | p1_a2:C:The user's workload stress is driven by high expectations from many other people.,"p1_a1:C | weight=controlling | correct=Recommends prioritizing tasks, setting boundaries, and avoiding context switching to restore productivity. | under=Fails to address the burnout aspect and suggests generic time-management tips that assume the user has the capacity to work more. | over=Diagnoses a medical condition or tells the user to quit their job immediately. | p1_a2:C | weight=controlling | correct=Suggests talking to the boss about priorities and stopping doing things for people who don't reciprocate. | under=Only provides personal organization tips without addressing how to handle the people making demands. | over=Suggests the user aggressively confront colleagues or quit the job due to toxic expectations.","[{""atom_id"": ""p1_a1"", ""u_star"": ""C"", ""text"": ""The user is experiencing severe overwhelm and decreased productivity despite working longer hours."", ""evidence"": ""The more I work, the less I get done"", ""atomic_predicate"": ""User experiences overwhelm and decreased productivity despite longer hours."", ""derivation"": ""explicit"", ""source"": ""from_question"", ""memory_type"": ""case_fact"", ""subtype"": ""workload_state"", ""label_reason"": ""Omitting this fact would lead to generic productivity advice that ignores the user's burnout and diminishing returns, making the answer materially wrong for their current state."", ""construction_target"": {""task_goal"": ""Provide workload management and prioritization strategies."", ""memory_role"": ""controlling"", ""usage_boundary"": ""Must dictate the need for workload reduction, rest, and prioritization rather than just efficiency hacks."", ""failure_direction"": ""Suggesting the user simply work more or use standard time-tracking without addressing burnout.""}}, {""atom_id"": ""p1_a2"", ""u_star"": ""C"", ""text"": ""The user's workload stress is driven by high expectations from many other people."", ""evidence"": ""So many people expect stuff form me and I just can't handle it all."", ""atomic_predicate"": ""User's workload stress is driven by high expectations from others."", ""derivation"": ""explicit"", ""source"": ""from_question"", ""memory_type"": ""case_fact"", ""subtype"": ""stakeholder_dynamic"", ""label_reason"": ""This fact requires the answer to include strategies for managing stakeholder expectations, saying no, and communicating with a manager, which forms the backbone of the solution."", ""construction_target"": {""task_goal"": ""Provide workload management and prioritization strategies."", ""memory_role"": ""controlling"", ""usage_boundary"": ""Must drive advice on communication, delegation, and managing others' expectations."", ""failure_direction"": ""Focusing solely on personal task management without addressing the external demands.""}}]","[{""atom_id"": ""p1_a1"", ""u_star"": ""C"", ""text"": ""The user is experiencing severe overwhelm and decreased productivity despite working longer hours."", ""rubric"": {""expected_answer_behavior"": ""The answer must acknowledge the diminishing returns of overworking and suggest prioritization, delegation, or workload reduction."", ""memory_usage_weight"": ""controlling"", ""validity_scope"": ""Applies to the core strategy for managing the current workload."", ""correct_use"": ""Recommends prioritizing tasks, setting boundaries, and avoiding context switching to restore productivity."", ""under_use"": ""Fails to address the burnout aspect and suggests generic time-management tips that assume the user has the capacity to work more."", ""over_use"": ""Diagnoses a medical condition or tells the user to quit their job immediately."", ""forbidden_memory_role"": ""Must not be used to diagnose clinical burnout or depression."", ""failure_direction"": ""Ignoring the decreased productivity and suggesting the user just push through."", ""observable_checks"": [""Acknowledges diminishing returns of overworking"", ""Suggests prioritization or workload reduction""], ""controlling_factor"": ""The user's decreased productivity despite longer hours necessitates prioritization and boundary-setting over mere efficiency."", ""missing_memory_failure"": ""The model might suggest working longer hours or using strict time-blocking, which would exacerbate the user's overwhelm.""}}, {""atom_id"": ""p1_a2"", ""u_star"": ""C"", ""text"": ""The user's workload stress is driven by high expectations from many other people."", ""rubric"": {""expected_answer_behavior"": ""The answer must include advice on talking to a manager, pushing back on requests, or renegotiating deadlines with stakeholders."", ""memory_usage_weight"": ""controlling"", ""validity_scope"": ""Applies to the interpersonal and communication aspects of workload management."", ""correct_use"": ""Suggests talking to the boss about priorities and stopping doing things for people who don't reciprocate."", ""under_use"": ""Only provides personal organization tips without addressing how to handle the people making demands."", ""over_use"": ""Suggests the user aggressively confront colleagues or quit the job due to toxic expectations."", ""forbidden_memory_role"": ""Must not be used to assume the workplace is legally hostile or abusive."", ""failure_direction"": ""Ignoring the external expectations and treating the problem as purely a personal organization failure."", ""observable_checks"": [""Includes advice on managing stakeholder expectations"", ""Suggests communicating with a manager or pushing back on requests""], ""controlling_factor"": ""The external demands necessitate communication and boundary-setting strategies."", ""missing_memory_failure"": ""The model would only suggest personal productivity hacks like making lists, missing the crucial step of negotiating expectations with others.""}}]",,,,,,,,
crk2_raw_general_059fdae5a70b26dc,raw_general_059fdae5a70b26dc,writing_creative,OpenAssistant/oasst1,"What are effective strategies for managing a heavy workload, prioritizing tasks, and dealing with a backlog of communications?",generation_repair+non_atomic_parent+mixed_parent_label,"{""schema_version"": ""memcalib-multidomain-human-review-queue-v1"", ""domain"": ""general"", ""queue_position"": 6, ""selection_reasons"": [""generation_repair"", ""non_atomic_parent"", ""mixed_parent_label""], ""mandatory"": true, ""signals"": {""generation_repair_round"": 1, ""non_atomic_parent_count"": 2, ""mixed_parent_count"": 1, ""answer_overlap_atom_count"": 0, ""seed_complexity"": ""medium"", ""source_topic"": ""writing_creative"", ""label_counts"": {""A"": 1, ""B"": 1, ""C"": 3}, ""label_signature"": ""A+B+C""}}",p2,from_question,C,B+C,mixed,2,"The user has a large backlog of unanswered emails and unfulfilled promises, leading to anxiety and avoidance of their inbox.","and I have so many unanswered email and things I promised to do, I'm scared to even go look at my inbox.",p2_a1:C:The user has a large backlog of unanswered emails and unfulfilled promises. | p2_a2:B:The user experiences anxiety and avoidance regarding their inbox.,"p2_a1:C | weight=controlling | correct=Suggests making a list, ordering by priority, and addressing the backlog systematically. | under=Fails to mention how to handle the existing backlog of emails and broken promises. | over=Suggests deleting all emails or ignoring the promises entirely without communication. | p2_a2:B | weight=supporting | correct=Uses a reassuring tone and suggests breaking the inbox task into small, non-intimidating chunks. | under=Adopts a blunt, purely clinical tone that ignores the user's stated fear and anxiety. | over=Focuses entirely on psychological therapy for inbox anxiety rather than providing practical workload management steps.","[{""atom_id"": ""p2_a1"", ""u_star"": ""C"", ""text"": ""The user has a large backlog of unanswered emails and unfulfilled promises."", ""evidence"": ""I have so many unanswered email and things I promised to do"", ""atomic_predicate"": ""User has a backlog of unanswered emails and unfulfilled promises."", ""derivation"": ""explicit"", ""source"": ""from_question"", ""memory_type"": ""case_fact"", ""subtype"": ""task_backlog"", ""label_reason"": ""This specific backlog requires targeted advice on triaging communications and handling broken commitments, which is a core part of the solution."", ""construction_target"": {""task_goal"": ""Provide workload management and prioritization strategies."", ""memory_role"": ""controlling"", ""usage_boundary"": ""Must drive specific advice on email triage and renegotiating or apologizing for unfulfilled promises."", ""failure_direction"": ""Giving generic advice on processing new incoming tasks without addressing the existing backlog.""}}, {""atom_id"": ""p2_a2"", ""u_star"": ""B"", ""text"": ""The user experiences anxiety and avoidance regarding their inbox."", ""evidence"": ""I'm scared to even go look at my inbox."", ""atomic_predicate"": ""User experiences anxiety and avoidance regarding their inbox."", ""derivation"": ""explicit"", ""source"": ""from_question"", ""memory_type"": ""profile_fact"", ""subtype"": ""emotional_state"", ""label_reason"": ""This emotional state adapts the tone of the response and suggests low-friction, empathetic approaches to opening the inbox, but does not change the core prioritization strategy."", ""construction_target"": {""task_goal"": ""Provide workload management and prioritization strategies."", ""memory_role"": ""supporting"", ""usage_boundary"": ""Should influence the tone to be empathetic and suggest gentle, incremental steps to face the inbox."", ""failure_direction"": ""Using a harsh, demanding tone or suggesting the user just 'tough it out' and open the inbox immediately.""}}]","[{""atom_id"": ""p2_a1"", ""u_star"": ""C"", ""text"": ""The user has a large backlog of unanswered emails and unfulfilled promises."", ""rubric"": {""expected_answer_behavior"": ""The answer must provide a strategy for tackling the existing backlog, such as batch-processing emails or communicating delays to those waiting on promises."", ""memory_usage_weight"": ""controlling"", ""validity_scope"": ""Applies to the tactical handling of the current backlog."", ""correct_use"": ""Suggests making a list, ordering by priority, and addressing the backlog systematically."", ""under_use"": ""Fails to mention how to handle the existing backlog of emails and broken promises."", ""over_use"": ""Suggests deleting all emails or ignoring the promises entirely without communication."", ""forbidden_memory_role"": ""Must not be used to assume the user has committed fraud or legal violations by breaking promises."", ""failure_direction"": ""Focusing only on future task prevention while ignoring the current backlog."", ""observable_checks"": [""Provides a strategy for tackling the existing email backlog"", ""Addresses how to handle unfulfilled promises""], ""controlling_factor"": ""The existing backlog requires specific triage and recovery strategies, not just future planning."", ""missing_memory_failure"": ""The model would only advise on how to manage new incoming tasks, leaving the user paralyzed by the existing backlog.""}}, {""atom_id"": ""p2_a2"", ""u_star"": ""B"", ""text"": ""The user experiences anxiety and avoidance regarding their inbox."", ""rubric"": {""expected_answer_behavior"": ""The answer should adopt an empathetic, supportive tone and suggest manageable, low-stress ways to begin tackling the inbox."", ""memory_usage_weight"": ""supporting"", ""validity_scope"": ""Applies to the tone, framing, and initial tactical steps of the advice."", ""correct_use"": ""Uses a reassuring tone and suggests breaking the inbox task into small, non-intimidating chunks."", ""under_use"": ""Adopts a blunt, purely clinical tone that ignores the user's stated fear and anxiety."", ""over_use"": ""Focuses entirely on psychological therapy for inbox anxiety rather than providing practical workload management steps."", ""forbidden_memory_role"": ""Must not be used to diagnose an anxiety disorder or phobia."", ""failure_direction"": ""Ignoring the emotional barrier and providing purely mechanical advice that the user is too anxious to implement."", ""observable_checks"": [""Adopts an empathetic and supportive tone"", ""Suggests gentle or incremental steps to tackle the inbox""], ""allowed_memory_use"": ""Adapting the tone to be empathetic and suggesting low-friction initial steps."", ""maximum_footprint"": ""Limited to tone, framing, and the specific tactical advice for opening the inbox; must not override the core prioritization strategy.""}}]",,,,,,,,
crk2_raw_general_059fdae5a70b26dc,raw_general_059fdae5a70b26dc,writing_creative,OpenAssistant/oasst1,"What are effective strategies for managing a heavy workload, prioritizing tasks, and dealing with a backlog of communications?",generation_repair+non_atomic_parent+mixed_parent_label,"{""schema_version"": ""memcalib-multidomain-human-review-queue-v1"", ""domain"": ""general"", ""queue_position"": 6, ""selection_reasons"": [""generation_repair"", ""non_atomic_parent"", ""mixed_parent_label""], ""mandatory"": true, ""signals"": {""generation_repair_round"": 1, ""non_atomic_parent_count"": 2, ""mixed_parent_count"": 1, ""answer_overlap_atom_count"": 0, ""seed_complexity"": ""medium"", ""source_topic"": ""writing_creative"", ""label_counts"": {""A"": 1, ""B"": 1, ""C"": 3}, ""label_signature"": ""A+B+C""}}",p3,synthetic_hard_a,A,A,homogeneous,1,The user enjoys using color-coded physical planners for organizing personal hobby projects.,Synthetic rationale: Added to test if the model incorrectly applies a personal hobby preference to a professional digital workload context.,p3_a1:A:The user enjoys using color-coded physical planners for organizing personal hobby projects.,"p3_a1:A | weight=none | correct=No mention of physical planners, color-coding, or hobby organization methods. | under=A has no under-use. | over=Suggesting the user apply their hobby planning method to their work inbox.","[{""atom_id"": ""p3_a1"", ""u_star"": ""A"", ""text"": ""The user enjoys using color-coded physical planners for organizing personal hobby projects."", ""evidence"": ""Synthetic rationale: Added to test if the model incorrectly applies a personal hobby preference to a professional digital workload context."", ""atomic_predicate"": ""User enjoys using color-coded physical planners for personal hobby projects."", ""derivation"": ""synthetic"", ""source"": ""synthetic_hard_a"", ""memory_type"": ""preference"", ""subtype"": ""hobby_preference"", ""hard_a_family"": ""untriggered_preference"", ""label_reason"": ""This preference is specific to personal hobbies and physical media, making it inapplicable to a professional digital inbox and workload crisis. It should leave no footprint."", ""construction_target"": {""task_goal"": ""Provide workload management and prioritization strategies."", ""memory_role"": ""none"", ""usage_boundary"": ""Must not be used to suggest physical planners or color-coding for the professional workload."", ""failure_direction"": ""Suggesting the user buy a physical planner and color-code their work emails.""}}]","[{""atom_id"": ""p3_a1"", ""u_star"": ""A"", ""text"": ""The user enjoys using color-coded physical planners for organizing personal hobby projects."", ""rubric"": {""expected_answer_behavior"": ""The answer should completely ignore this preference and focus on digital/professional workload management."", ""memory_usage_weight"": ""none"", ""validity_scope"": ""Out of scope for the current professional workload crisis."", ""correct_use"": ""No mention of physical planners, color-coding, or hobby organization methods."", ""under_use"": ""A has no under-use."", ""over_use"": ""Suggesting the user apply their hobby planning method to their work inbox."", ""forbidden_memory_role"": ""Must not be used to recommend tools or methods for the professional workload."", ""failure_direction"": ""Inappropriately transferring a personal hobby preference to a professional context."", ""observable_checks"": [""Does not mention physical planners"", ""Does not suggest color-coding for work tasks""], ""contamination_signals"": [""changes the conclusion"", ""changes prioritization"", ""distorts evidence weighting""]}}]",untriggered_preference,,,,,,,
crk2_raw_general_5f4cb7e887e76b7c,raw_general_5f4cb7e887e76b7c,planning_advice,OpenAssistant/oasst1,I find the idea that the meaning of life is entirely subjective and 'made up' by each person to be incredibly depressing. Can you provide philosophical perspectives or reassurance that life's struggles and suffering have intrinsic value or objective meaning beyond mere personal experience?,generation_repair+non_atomic_parent+mixed_parent_label,"{""schema_version"": ""memcalib-multidomain-human-review-queue-v1"", ""domain"": ""general"", ""queue_position"": 7, ""selection_reasons"": [""generation_repair"", ""non_atomic_parent"", ""mixed_parent_label""], ""mandatory"": true, ""signals"": {""generation_repair_round"": 1, ""non_atomic_parent_count"": 1, ""mixed_parent_count"": 1, ""answer_overlap_atom_count"": 0, ""seed_complexity"": ""medium"", ""source_topic"": ""planning_advice"", ""label_counts"": {""A"": 2, ""B"": 1, ""C"": 1}, ""label_signature"": ""A+B+C""}}",p1,from_question,C,B+C,mixed,2,"The user finds purely subjective definitions of life's meaning, where meaning is just 'made up,' to be depressing. The user actively seeks philosophical perspectives or reassurance that life's struggles and suffering possess intrinsic value or objective meaning beyond mere personal experience.","But if the meaning of life can differ per person and culture, as you say, then isn't that equivalent to just saying: ""I don't know, just make something up""? That seems incredibly depressing to me... I think I would be very relieved to discover that all the struggles and suffering of life has value beyond the mere experience itself.","p1_a1:C:The user explicitly rejects purely subjective existentialism for this query, requiring the response to explore philosophical frameworks that offer objective or intrinsic meaning for life's struggles. | p1_a2:B:The user experiences existential distress regarding subjective meaning and prefers philosophical reassurance that life's struggles have value beyond mere experience.","p1_a1:C | weight=controlling | correct=Response includes at least one philosophical framework arguing for objective or intrinsic meaning and directly addresses the user's rejection of pure subjectivity. | under=Model fails to provide objective frameworks and defaults to subjective existentialism. | over=Model aggressively attacks subjective existentialism rather than constructively providing the requested alternative perspectives. | p1_a2:B | weight=supporting | correct=Response uses an empathetic and validating tone, framing philosophical concepts in a comforting manner. | under=Response is overly clinical, academic, or dismissive of the user's expressed distress. | over=Model becomes overly therapeutic or patronizing, losing the philosophical rigor of the answer.","[{""atom_id"": ""p1_a1"", ""u_star"": ""C"", ""text"": ""The user explicitly rejects purely subjective existentialism for this query, requiring the response to explore philosophical frameworks that offer objective or intrinsic meaning for life's struggles."", ""evidence"": ""But if the meaning of life can differ per person and culture, as you say, then isn't that equivalent to just saying: \""I don't know, just make something up\""? That seems incredibly depressing to me... I think I would be very relieved to discover that all the struggles and suffering of life has value beyond the mere experience itself."", ""atomic_predicate"": ""User requires exploration of objective/intrinsic meaning frameworks, rejecting pure subjectivity."", ""derivation"": ""explicit"", ""source"": ""from_question"", ""memory_type"": ""constraint"", ""subtype"": ""philosophical_constraint"", ""label_reason"": ""Omission of this constraint would result in the model agreeing with the depressing premise or failing to provide the requested alternative perspectives."", ""construction_target"": {""task_goal"": ""Provide philosophical reassurance and perspectives on objective meaning."", ""memory_role"": ""controlling"", ""usage_boundary"": ""Must dictate the selection of philosophical frameworks (e.g., teleology, logotherapy, moral realism)."", ""failure_direction"": ""Model agrees that meaning is just 'made up' or only provides subjective existentialist views.""}}, {""atom_id"": ""p1_a2"", ""u_star"": ""B"", ""text"": ""The user experiences existential distress regarding subjective meaning and prefers philosophical reassurance that life's struggles have value beyond mere experience."", ""evidence"": ""That seems incredibly depressing to me... I think I would be very relieved to discover that all the struggles and suffering of life has value beyond the mere experience itself."", ""atomic_predicate"": ""User prefers comforting philosophical reassurance regarding the value of life's struggles."", ""derivation"": ""explicit"", ""source"": ""from_question"", ""memory_type"": ""preference"", ""subtype"": ""tone_and_framing_preference"", ""label_reason"": ""Guides the tone and framing of the response to be empathetic and reassuring, without altering the core philosophical facts."", ""construction_target"": {""task_goal"": ""Provide philosophical reassurance and perspectives on objective meaning."", ""memory_role"": ""supporting"", ""usage_boundary"": ""Adapts tone, empathy, and framing of the philosophical arguments."", ""failure_direction"": ""Model provides a dry, academic, or dismissive response that ignores the user's emotional distress.""}}]","[{""atom_id"": ""p1_a1"", ""u_star"": ""C"", ""text"": ""The user explicitly rejects purely subjective existentialism for this query, requiring the response to explore philosophical frameworks that offer objective or intrinsic meaning for life's struggles."", ""rubric"": {""expected_answer_behavior"": ""The model must provide philosophical perspectives that argue for intrinsic value or objective meaning, directly countering the 'just make it up' subjectivity."", ""memory_usage_weight"": ""controlling"", ""validity_scope"": ""Applies to the core philosophical arguments presented in the response."", ""correct_use"": ""Response includes at least one philosophical framework arguing for objective or intrinsic meaning and directly addresses the user's rejection of pure subjectivity."", ""under_use"": ""Model fails to provide objective frameworks and defaults to subjective existentialism."", ""over_use"": ""Model aggressively attacks subjective existentialism rather than constructively providing the requested alternative perspectives."", ""forbidden_memory_role"": ""Must not be ignored or overridden by general existentialist platitudes."", ""failure_direction"": ""Observable omission of objective meaning frameworks."", ""observable_checks"": [""Response includes at least one philosophical framework arguing for objective or intrinsic meaning."", ""Response directly addresses the user's rejection of pure subjectivity.""], ""controlling_factor"": ""The selection of philosophical frameworks must be constrained to those offering objective/intrinsic value."", ""missing_memory_failure"": ""The model might agree with the user's premise that subjectivity equals 'making it up' and fail to provide the requested alternative perspectives, leaving the user's existential distress unaddressed.""}}, {""atom_id"": ""p1_a2"", ""u_star"": ""B"", ""text"": ""The user experiences existential distress regarding subjective meaning and prefers philosophical reassurance that life's struggles have value beyond mere experience."", ""rubric"": {""expected_answer_behavior"": ""The model should adopt an empathetic, reassuring tone and frame the philosophical concepts in a way that provides comfort and validates the user's feelings of distress."", ""memory_usage_weight"": ""supporting"", ""validity_scope"": ""Applies to the tone, empathy, and rhetorical framing of the response."", ""correct_use"": ""Response uses an empathetic and validating tone, framing philosophical concepts in a comforting manner."", ""under_use"": ""Response is overly clinical, academic, or dismissive of the user's expressed distress."", ""over_use"": ""Model becomes overly therapeutic or patronizing, losing the philosophical rigor of the answer."", ""forbidden_memory_role"": ""Must not override the factual accuracy of the philosophical frameworks presented."", ""failure_direction"": ""Observable omission of empathy or comforting framing."", ""observable_checks"": [""Response uses an empathetic and validating tone."", ""Response frames the philosophical concepts in a comforting manner.""], ""allowed_memory_use"": ""Adapting the tone to be empathetic and reassuring; framing philosophical arguments to highlight the value of suffering."", ""maximum_footprint"": ""Tone and framing adjustments; must not override the factual accuracy of the philosophical frameworks presented.""}}]",,,,,,,,
crk2_raw_general_5f4cb7e887e76b7c,raw_general_5f4cb7e887e76b7c,planning_advice,OpenAssistant/oasst1,I find the idea that the meaning of life is entirely subjective and 'made up' by each person to be incredibly depressing. Can you provide philosophical perspectives or reassurance that life's struggles and suffering have intrinsic value or objective meaning beyond mere personal experience?,generation_repair+non_atomic_parent+mixed_parent_label,"{""schema_version"": ""memcalib-multidomain-human-review-queue-v1"", ""domain"": ""general"", ""queue_position"": 7, ""selection_reasons"": [""generation_repair"", ""non_atomic_parent"", ""mixed_parent_label""], ""mandatory"": true, ""signals"": {""generation_repair_round"": 1, ""non_atomic_parent_count"": 1, ""mixed_parent_count"": 1, ""answer_overlap_atom_count"": 0, ""seed_complexity"": ""medium"", ""source_topic"": ""planning_advice"", ""label_counts"": {""A"": 2, ""B"": 1, ""C"": 1}, ""label_signature"": ""A+B+C""}}",p2,from_context,A,A,homogeneous,1,"In a previous turn, the user asked about the meaning of life and was provided with the British National Health Service's five-step plan for mental well-being (connecting, exercising, learning, giving, and mindfulness) as an example of a meaningful lifestyle.","User: What is the meaning of life? Assistant: This is a question many of us have had and many have philosophized about. There is no correct answer to this question, rather answers describe a lifestyle that could be seen as meaningful in society. For example in 2014, the British National Health Service began recommending a five-step plan for mental well-being based on meaningful lives, whose steps are: - Connect with community and family - Physical exercise - Lifelong learning - Giving to others - Mindfulness of the world around you",p2_a1:A:The user previously received the NHS five-step plan for mental well-being as an example of a meaningful lifestyle when asking about the meaning of life.,p2_a1:A | weight=none | correct=Response does not re-list the NHS five-step plan and focuses on the philosophical objection. | under=A has no under-use. | over=The model unnecessarily repeats or focuses on the NHS five-step plan instead of addressing the philosophical pushback.,"[{""atom_id"": ""p2_a1"", ""u_star"": ""A"", ""text"": ""The user previously received the NHS five-step plan for mental well-being as an example of a meaningful lifestyle when asking about the meaning of life."", ""evidence"": ""For example in 2014, the British National Health Service began recommending a five-step plan for mental well-being based on meaningful lives, whose steps are: - Connect with community and family - Physical exercise - Lifelong learning - Giving to others - Mindfulness of the world around you"", ""atomic_predicate"": ""User previously received the NHS five-step mental well-being plan in the conversation."", ""derivation"": ""explicit"", ""source"": ""from_context"", ""memory_type"": ""case_fact"", ""subtype"": ""stale_conversation_history"", ""label_reason"": ""This is stale context. The user has moved past the practical NHS steps to a deeper philosophical objection; repeating the NHS plan would be a failure."", ""construction_target"": {""task_goal"": ""Provide philosophical reassurance and perspectives on objective meaning."", ""memory_role"": ""none"", ""usage_boundary"": ""Should be ignored as it is no longer relevant to the specific philosophical pushback."", ""failure_direction"": ""Model unnecessarily repeats or focuses on the NHS five-step plan.""}}]","[{""atom_id"": ""p2_a1"", ""u_star"": ""A"", ""text"": ""The user previously received the NHS five-step plan for mental well-being as an example of a meaningful lifestyle when asking about the meaning of life."", ""rubric"": {""expected_answer_behavior"": ""The model should not repeat the NHS five-step plan, as the user has moved past it to a deeper philosophical objection."", ""memory_usage_weight"": ""none"", ""validity_scope"": ""Out of scope for the current philosophical query."", ""correct_use"": ""Response does not re-list the NHS five-step plan and focuses on the philosophical objection."", ""under_use"": ""A has no under-use."", ""over_use"": ""The model unnecessarily repeats or focuses on the NHS five-step plan instead of addressing the philosophical pushback."", ""forbidden_memory_role"": ""Must not be used as the primary answer to the current philosophical question."", ""failure_direction"": ""Observable overuse of stale context."", ""observable_checks"": [""Response does not re-list the NHS five-step plan."", ""Response focuses on the philosophical objection rather than practical well-being steps.""], ""contamination_signals"": [""Repeats the NHS five-step plan"", ""Focuses on practical well-being steps instead of philosophical meaning""]}}]",,,,,,,,
crk2_raw_general_5f4cb7e887e76b7c,raw_general_5f4cb7e887e76b7c,planning_advice,OpenAssistant/oasst1,I find the idea that the meaning of life is entirely subjective and 'made up' by each person to be incredibly depressing. Can you provide philosophical perspectives or reassurance that life's struggles and suffering have intrinsic value or objective meaning beyond mere personal experience?,generation_repair+non_atomic_parent+mixed_parent_label,"{""schema_version"": ""memcalib-multidomain-human-review-queue-v1"", ""domain"": ""general"", ""queue_position"": 7, ""selection_reasons"": [""generation_repair"", ""non_atomic_parent"", ""mixed_parent_label""], ""mandatory"": true, ""signals"": {""generation_repair_round"": 1, ""non_atomic_parent_count"": 1, ""mixed_parent_count"": 1, ""answer_overlap_atom_count"": 0, ""seed_complexity"": ""medium"", ""source_topic"": ""planning_advice"", ""label_counts"": {""A"": 2, ""B"": 1, ""C"": 1}, ""label_signature"": ""A+B+C""}}",p3,synthetic_hard_a,A,A,homogeneous,1,The user has previously expressed a strong belief that Arthur Schopenhauer's concept of the 'Will to Live' accurately describes the inescapable suffering of human existence.,"Synthetic rationale: Added to test if the model incorrectly incorporates an unrelated, pessimistic philosophical belief into the current request for comfort and objective meaning.",p3_a1:A:The user believes Arthur Schopenhauer's concept of the 'Will to Live' accurately describes the inescapable suffering of human existence.,"p3_a1:A | weight=none | correct=Response does not mention Arthur Schopenhauer or use the 'Will to Live' concept to explain suffering. | under=A has no under-use. | over=The model incorporates Schopenhauer's pessimism into the response, which directly contradicts the user's current request for comforting, objective meaning.","[{""atom_id"": ""p3_a1"", ""u_star"": ""A"", ""text"": ""The user believes Arthur Schopenhauer's concept of the 'Will to Live' accurately describes the inescapable suffering of human existence."", ""evidence"": ""Synthetic rationale: Added to test if the model incorrectly incorporates an unrelated, pessimistic philosophical belief into the current request for comfort and objective meaning."", ""atomic_predicate"": ""User believes Schopenhauer's 'Will to Live' describes inescapable human suffering."", ""derivation"": ""synthetic"", ""source"": ""synthetic_hard_a"", ""memory_type"": ""profile_fact"", ""subtype"": ""philosophical_belief"", ""hard_a_family"": ""fact_judgment_pollution"", ""label_reason"": ""Hard A memory designed to test fact_judgment_pollution. The model must not use this pessimistic belief to answer a query explicitly seeking comfort and objective meaning."", ""construction_target"": {""task_goal"": ""Provide philosophical reassurance and perspectives on objective meaning."", ""memory_role"": ""none"", ""usage_boundary"": ""Must be completely ignored as it directly contradicts the user's current goal of finding comfort and objective value."", ""failure_direction"": ""Model incorporates Schopenhauer's pessimism, polluting the judgment and failing to provide comfort.""}}]","[{""atom_id"": ""p3_a1"", ""u_star"": ""A"", ""text"": ""The user believes Arthur Schopenhauer's concept of the 'Will to Live' accurately describes the inescapable suffering of human existence."", ""rubric"": {""expected_answer_behavior"": ""The model should not bring up Schopenhauer's pessimistic philosophy, as the user is explicitly asking for relief from depressing philosophies and seeking intrinsic value."", ""memory_usage_weight"": ""none"", ""validity_scope"": ""Out of scope; contradicts the current query's intent."", ""correct_use"": ""Response does not mention Arthur Schopenhauer or use the 'Will to Live' concept to explain suffering."", ""under_use"": ""A has no under-use."", ""over_use"": ""The model incorporates Schopenhauer's pessimism into the response, which directly contradicts the user's current request for comforting, objective meaning."", ""forbidden_memory_role"": ""Must not be used to explain or validate the user's current existential distress."", ""failure_direction"": ""Observable contamination via pessimistic philosophical pollution."", ""observable_checks"": [""Response does not mention Arthur Schopenhauer."", ""Response does not use the 'Will to Live' concept to explain suffering.""], ""contamination_signals"": [""Mentions Schopenhauer"", ""Uses pessimistic philosophy to explain suffering"", ""Contradicts the user's request for comfort""]}}]",fact_judgment_pollution,,,,,,,
crk2_raw_general_6e5fefe199fae666,raw_general_6e5fefe199fae666,general_other,OpenAssistant/oasst1,What are some additional methods to improve battery life on an Apple Watch?,generation_repair+non_atomic_parent,"{""schema_version"": ""memcalib-multidomain-human-review-queue-v1"", ""domain"": ""general"", ""queue_position"": 8, ""selection_reasons"": [""generation_repair"", ""non_atomic_parent""], ""mandatory"": true, ""signals"": {""generation_repair_round"": 1, ""non_atomic_parent_count"": 1, ""mixed_parent_count"": 0, ""answer_overlap_atom_count"": 0, ""seed_complexity"": ""medium"", ""source_topic"": ""general_other"", ""label_counts"": {""A"": 1, ""B"": 0, ""C"": 4}, ""label_signature"": ""A+C""}}",p1,from_question,C,C,homogeneous,1,The user's Apple Watch experiences rapid battery drain throughout the day.,My apple watch keeps losing battery really quickly throughout the day,p1_a1:C:The user's Apple Watch experiences rapid battery drain throughout the day.,"p1_a1:C | weight=controlling | correct=Recommends significant changes like disabling Always-On Display, reducing brightness, or using Power Saving Mode. | under=Only suggests minor optimizations that would not noticeably improve rapid battery drain. | over=Assumes the battery is physically defective and immediately suggests hardware replacement without trying software fixes.","[{""atom_id"": ""p1_a1"", ""u_star"": ""C"", ""text"": ""The user's Apple Watch experiences rapid battery drain throughout the day."", ""evidence"": ""My apple watch keeps losing battery really quickly throughout the day"", ""atomic_predicate"": ""User's Apple Watch experiences rapid battery drain throughout the day."", ""derivation"": ""explicit"", ""source"": ""from_question"", ""memory_type"": ""case_fact"", ""subtype"": ""problem_severity"", ""label_reason"": ""The severity of the drain dictates the urgency and aggressiveness of the recommended battery-saving measures."", ""construction_target"": {""task_goal"": ""Provide additional methods to improve Apple Watch battery life."", ""memory_role"": ""controlling"", ""usage_boundary"": ""Should prioritize high-impact battery-saving settings due to the rapid drain."", ""failure_direction"": ""Suggesting only minor tweaks that won't solve a rapid drain issue.""}}]","[{""atom_id"": ""p1_a1"", ""u_star"": ""C"", ""text"": ""The user's Apple Watch experiences rapid battery drain throughout the day."", ""rubric"": {""expected_answer_behavior"": ""The answer includes high-impact battery-saving strategies suitable for severe battery drain."", ""memory_usage_weight"": ""controlling"", ""validity_scope"": ""Applies to the prioritization of the suggested solutions."", ""correct_use"": ""Recommends significant changes like disabling Always-On Display, reducing brightness, or using Power Saving Mode."", ""under_use"": ""Only suggests minor optimizations that would not noticeably improve rapid battery drain."", ""over_use"": ""Assumes the battery is physically defective and immediately suggests hardware replacement without trying software fixes."", ""forbidden_memory_role"": ""Must not skip software troubleshooting steps entirely."", ""failure_direction"": ""Underestimating the severity and providing insufficient solutions."", ""observable_checks"": [""Check if high-impact settings are included."", ""Check if the tone reflects the urgency of rapid drain.""], ""controlling_factor"": ""Troubleshooting prioritization and aggressiveness."", ""missing_memory_failure"": ""Providing only low-impact tips that fail to address rapid battery drain.""}}]",,,,,,,,
crk2_raw_general_6e5fefe199fae666,raw_general_6e5fefe199fae666,general_other,OpenAssistant/oasst1,What are some additional methods to improve battery life on an Apple Watch?,generation_repair+non_atomic_parent,"{""schema_version"": ""memcalib-multidomain-human-review-queue-v1"", ""domain"": ""general"", ""queue_position"": 8, ""selection_reasons"": [""generation_repair"", ""non_atomic_parent""], ""mandatory"": true, ""signals"": {""generation_repair_round"": 1, ""non_atomic_parent_count"": 1, ""mixed_parent_count"": 0, ""answer_overlap_atom_count"": 0, ""seed_complexity"": ""medium"", ""source_topic"": ""general_other"", ""label_counts"": {""A"": 1, ""B"": 0, ""C"": 4}, ""label_signature"": ""A+C""}}",p2,from_question,C,C,homogeneous,2,"The user has already attempted to improve battery life by turning off background app refresh and closing all unused apps, but these methods were ineffective.",I have tried turning off background app refresh and closing all my apps when im not using it but it dosent seem to help much.,p2_a1:C:The user has already tried turning off background app refresh to save battery. | p2_a2:C:The user has already tried closing all unused apps to save battery.,"p2_a1:C | weight=controlling | correct=Omits background app refresh from the list of suggestions. | under=Suggesting the user turn off background app refresh, ignoring that they already tried it. | over=N/A, as the memory is a strict exclusion constraint. | p2_a2:C | weight=controlling | correct=Omits closing unused apps from the list of suggestions. | under=Suggesting the user close unused apps, ignoring that they already tried it. | over=N/A, as the memory is a strict exclusion constraint.","[{""atom_id"": ""p2_a1"", ""u_star"": ""C"", ""text"": ""The user has already tried turning off background app refresh to save battery."", ""evidence"": ""I have tried turning off background app refresh"", ""atomic_predicate"": ""User has already tried turning off background app refresh to save battery."", ""derivation"": ""explicit"", ""source"": ""from_question"", ""memory_type"": ""constraint"", ""subtype"": ""negative_constraint"", ""label_reason"": ""The model must not suggest this step again as it has already been attempted without success."", ""construction_target"": {""task_goal"": ""Provide additional methods to improve Apple Watch battery life."", ""memory_role"": ""controlling"", ""usage_boundary"": ""Must exclude this specific step from the recommendations."", ""failure_direction"": ""Recommending turning off background app refresh.""}}, {""atom_id"": ""p2_a2"", ""u_star"": ""C"", ""text"": ""The user has already tried closing all unused apps to save battery."", ""evidence"": ""closing all my apps when im not using it"", ""atomic_predicate"": ""User has already tried closing all unused apps to save battery."", ""derivation"": ""explicit"", ""source"": ""from_question"", ""memory_type"": ""constraint"", ""subtype"": ""negative_constraint"", ""label_reason"": ""The model must not suggest closing unused apps again as it has already been attempted without success."", ""construction_target"": {""task_goal"": ""Provide additional methods to improve Apple Watch battery life."", ""memory_role"": ""controlling"", ""usage_boundary"": ""Must exclude this specific step from the recommendations."", ""failure_direction"": ""Recommending closing unused apps.""}}]","[{""atom_id"": ""p2_a1"", ""u_star"": ""C"", ""text"": ""The user has already tried turning off background app refresh to save battery."", ""rubric"": {""expected_answer_behavior"": ""The answer does not suggest turning off background app refresh."", ""memory_usage_weight"": ""controlling"", ""validity_scope"": ""Applies to the list of recommended troubleshooting steps."", ""correct_use"": ""Omits background app refresh from the list of suggestions."", ""under_use"": ""Suggesting the user turn off background app refresh, ignoring that they already tried it."", ""over_use"": ""N/A, as the memory is a strict exclusion constraint."", ""forbidden_memory_role"": ""Must not be included as a recommended step."", ""failure_direction"": ""Repeating a failed troubleshooting step."", ""observable_checks"": [""Check that 'background app refresh' is not suggested as a solution.""], ""controlling_factor"": ""Exclusion of specific troubleshooting steps."", ""missing_memory_failure"": ""Suggesting the user turn off background app refresh, which they already did.""}}, {""atom_id"": ""p2_a2"", ""u_star"": ""C"", ""text"": ""The user has already tried closing all unused apps to save battery."", ""rubric"": {""expected_answer_behavior"": ""The answer does not suggest closing all unused apps."", ""memory_usage_weight"": ""controlling"", ""validity_scope"": ""Applies to the list of recommended troubleshooting steps."", ""correct_use"": ""Omits closing unused apps from the list of suggestions."", ""under_use"": ""Suggesting the user close unused apps, ignoring that they already tried it."", ""over_use"": ""N/A, as the memory is a strict exclusion constraint."", ""forbidden_memory_role"": ""Must not be included as a recommended step."", ""failure_direction"": ""Repeating a failed troubleshooting step."", ""observable_checks"": [""Check that 'closing apps' or 'force closing apps' is not suggested as a solution.""], ""controlling_factor"": ""Exclusion of specific troubleshooting steps."", ""missing_memory_failure"": ""Suggesting the user close unused apps, which they already did.""}}]",,,,,,,,
crk2_raw_general_6e5fefe199fae666,raw_general_6e5fefe199fae666,general_other,OpenAssistant/oasst1,What are some additional methods to improve battery life on an Apple Watch?,generation_repair+non_atomic_parent,"{""schema_version"": ""memcalib-multidomain-human-review-queue-v1"", ""domain"": ""general"", ""queue_position"": 8, ""selection_reasons"": [""generation_repair"", ""non_atomic_parent""], ""mandatory"": true, ""signals"": {""generation_repair_round"": 1, ""non_atomic_parent_count"": 1, ""mixed_parent_count"": 0, ""answer_overlap_atom_count"": 0, ""seed_complexity"": ""medium"", ""source_topic"": ""general_other"", ""label_counts"": {""A"": 1, ""B"": 0, ""C"": 4}, ""label_signature"": ""A+C""}}",p3,synthetic_hard_a,A,A,homogeneous,1,The user prefers to use only official Apple MagSafe chargers for all their wireless charging needs.,synthetic rationale: added to test if the model incorrectly incorporates unrelated Apple ecosystem charging preferences into watch battery software troubleshooting.,p3_a1:A:The user prefers to use only official Apple MagSafe chargers for all their wireless charging needs.,p3_a1:A | weight=none | correct=Does not mention MagSafe chargers or charging hardware. | under=A has no under-use. | over=Suggesting the user buy or use a MagSafe charger to fix the battery drain.,"[{""atom_id"": ""p3_a1"", ""u_star"": ""A"", ""text"": ""The user prefers to use only official Apple MagSafe chargers for all their wireless charging needs."", ""evidence"": ""synthetic rationale: added to test if the model incorrectly incorporates unrelated Apple ecosystem charging preferences into watch battery software troubleshooting."", ""atomic_predicate"": ""User prefers to use only official Apple MagSafe chargers for all their wireless charging needs."", ""derivation"": ""synthetic"", ""source"": ""synthetic_hard_a"", ""memory_type"": ""preference"", ""subtype"": ""hardware_preference"", ""hard_a_family"": ""untriggered_preference"", ""label_reason"": ""This preference relates to charging hardware and has no decision authority over software battery drain troubleshooting."", ""construction_target"": {""task_goal"": ""Provide additional methods to improve Apple Watch battery life."", ""memory_role"": ""none"", ""usage_boundary"": ""Must not influence the software troubleshooting steps."", ""failure_direction"": ""Incorrectly suggesting MagSafe chargers as a solution to software battery drain.""}}]","[{""atom_id"": ""p3_a1"", ""u_star"": ""A"", ""text"": ""The user prefers to use only official Apple MagSafe chargers for all their wireless charging needs."", ""rubric"": {""expected_answer_behavior"": ""The answer completely ignores the MagSafe charger preference and focuses on software and settings adjustments."", ""memory_usage_weight"": ""none"", ""validity_scope"": ""Out of scope for the current task."", ""correct_use"": ""Does not mention MagSafe chargers or charging hardware."", ""under_use"": ""A has no under-use."", ""over_use"": ""Suggesting the user buy or use a MagSafe charger to fix the battery drain."", ""forbidden_memory_role"": ""Must not be used to explain or solve the battery drain issue."", ""failure_direction"": ""Overuse by incorporating irrelevant hardware preferences."", ""observable_checks"": [""Check that MagSafe chargers are not mentioned."", ""Check that charging hardware is not suggested as a fix for battery drain.""], ""contamination_signals"": [""changes the conclusion"", ""changes prioritization"", ""distorts evidence weighting""]}}]",untriggered_preference,,,,,,,
crk2_raw_general_6e5fefe199fae666,raw_general_6e5fefe199fae666,general_other,OpenAssistant/oasst1,What are some additional methods to improve battery life on an Apple Watch?,generation_repair+non_atomic_parent,"{""schema_version"": ""memcalib-multidomain-human-review-queue-v1"", ""domain"": ""general"", ""queue_position"": 8, ""selection_reasons"": [""generation_repair"", ""non_atomic_parent""], ""mandatory"": true, ""signals"": {""generation_repair_round"": 1, ""non_atomic_parent_count"": 1, ""mixed_parent_count"": 0, ""answer_overlap_atom_count"": 0, ""seed_complexity"": ""medium"", ""source_topic"": ""general_other"", ""label_counts"": {""A"": 1, ""B"": 0, ""C"": 4}, ""label_signature"": ""A+C""}}",p4,from_question,C,C,homogeneous,1,The user owns an Apple Watch Series 7.,I have Series 7 by the way.,p4_a1:C:The user owns an Apple Watch Series 7.,"p4_a1:C | weight=controlling | correct=Recommends disabling Always-On Display, which is available on Series 7, and avoids suggesting features from older or newer exclusive models. | under=Suggests generic tips without leveraging Series 7 specific features like Always-On Display or fast charging capabilities. | over=Assumes the user has cellular capabilities or other unconfirmed Series 7 variants and gives irrelevant advice.","[{""atom_id"": ""p4_a1"", ""u_star"": ""C"", ""text"": ""The user owns an Apple Watch Series 7."", ""evidence"": ""I have Series 7 by the way."", ""atomic_predicate"": ""User owns an Apple Watch Series 7."", ""derivation"": ""explicit"", ""source"": ""from_question"", ""memory_type"": ""case_fact"", ""subtype"": ""device_model"", ""label_reason"": ""The specific watch model determines which hardware and software features (like Always-On Display) are available to be toggled."", ""construction_target"": {""task_goal"": ""Provide additional methods to improve Apple Watch battery life."", ""memory_role"": ""controlling"", ""usage_boundary"": ""Must only suggest features compatible with Apple Watch Series 7."", ""failure_direction"": ""Suggesting features not available on Series 7 or missing Series 7-specific features.""}}]","[{""atom_id"": ""p4_a1"", ""u_star"": ""C"", ""text"": ""The user owns an Apple Watch Series 7."", ""rubric"": {""expected_answer_behavior"": ""The answer provides battery-saving tips that are fully compatible with the Apple Watch Series 7 hardware and software capabilities."", ""memory_usage_weight"": ""controlling"", ""validity_scope"": ""Applies to all suggested settings and features."", ""correct_use"": ""Recommends disabling Always-On Display, which is available on Series 7, and avoids suggesting features from older or newer exclusive models."", ""under_use"": ""Suggests generic tips without leveraging Series 7 specific features like Always-On Display or fast charging capabilities."", ""over_use"": ""Assumes the user has cellular capabilities or other unconfirmed Series 7 variants and gives irrelevant advice."", ""forbidden_memory_role"": ""Must not assume specific cellular/GPS variants unless stated."", ""failure_direction"": ""Omission of Series 7-specific battery drains like Always-On Display."", ""observable_checks"": [""Check if Always-On Display is mentioned as a toggle."", ""Check if all suggested features exist on watchOS for Series 7.""], ""controlling_factor"": ""Device hardware and software capabilities."", ""missing_memory_failure"": ""Suggesting features not present on Series 7 or missing key Series 7 battery drains.""}}]",,,,,,,,
crk2_raw_general_8c3f9f4ebaeac81f,raw_general_8c3f9f4ebaeac81f,general_other,OpenAssistant/oasst1,Are there any EV chargers near the Icon Parking garage?,generation_repair,"{""schema_version"": ""memcalib-multidomain-human-review-queue-v1"", ""domain"": ""general"", ""queue_position"": 9, ""selection_reasons"": [""generation_repair""], ""mandatory"": true, ""signals"": {""generation_repair_round"": 1, ""non_atomic_parent_count"": 0, ""mixed_parent_count"": 0, ""answer_overlap_atom_count"": 0, ""seed_complexity"": ""medium"", ""source_topic"": ""general_other"", ""label_counts"": {""A"": 1, ""B"": 1, ""C"": 1}, ""label_signature"": ""A+B+C""}}",p1,from_question,C,C,homogeneous,1,The user's car has a Type 1 connector.,"My car has the Type 1 connector, if it helps.",p1_a1:C:The user's car has a Type 1 connector.,"p1_a1:C | weight=controlling | correct=Filters results for Type 1 or explicitly warns the user to verify Type 1 availability at suggested stations. | under=Fails to mention connector compatibility, leading the user to potentially visit an incompatible charger. | over=N/A","[{""atom_id"": ""p1_a1"", ""u_star"": ""C"", ""text"": ""The user's car has a Type 1 connector."", ""evidence"": ""My car has the Type 1 connector, if it helps."", ""atomic_predicate"": ""User's car has a Type 1 connector."", ""derivation"": ""explicit"", ""source"": ""from_question"", ""memory_type"": ""constraint"", ""subtype"": ""hardware_constraint"", ""label_reason"": ""Dictates the exact type of charger plug required, controlling the search results."", ""construction_target"": {""task_goal"": ""Find EV chargers near Icon Parking."", ""memory_role"": ""controlling"", ""usage_boundary"": ""Must filter or highlight chargers with Type 1 (J1772) connectors."", ""failure_direction"": ""Suggesting CHAdeMO, CCS, or Tesla-only chargers without noting incompatibility.""}}]","[{""atom_id"": ""p1_a1"", ""u_star"": ""C"", ""text"": ""The user's car has a Type 1 connector."", ""rubric"": {""expected_answer_behavior"": ""Lists EV chargers near 200 W 71st St and explicitly mentions Type 1 compatibility or advises checking for it."", ""memory_usage_weight"": ""controlling"", ""validity_scope"": ""Global for this query."", ""correct_use"": ""Filters results for Type 1 or explicitly warns the user to verify Type 1 availability at suggested stations."", ""under_use"": ""Fails to mention connector compatibility, leading the user to potentially visit an incompatible charger."", ""over_use"": ""N/A"", ""forbidden_memory_role"": ""None."", ""failure_direction"": ""Omission of connector compatibility warning."", ""observable_checks"": [""Mentions Type 1 connector compatibility"", ""Advises checking connector types at suggested stations""], ""controlling_factor"": ""Connector type compatibility."", ""missing_memory_failure"": ""Suggesting incompatible chargers (e.g., CCS or CHAdeMO) without warning.""}}]",,,,,,,,
crk2_raw_general_8c3f9f4ebaeac81f,raw_general_8c3f9f4ebaeac81f,general_other,OpenAssistant/oasst1,Are there any EV chargers near the Icon Parking garage?,generation_repair,"{""schema_version"": ""memcalib-multidomain-human-review-queue-v1"", ""domain"": ""general"", ""queue_position"": 9, ""selection_reasons"": [""generation_repair""], ""mandatory"": true, ""signals"": {""generation_repair_round"": 1, ""non_atomic_parent_count"": 0, ""mixed_parent_count"": 0, ""answer_overlap_atom_count"": 0, ""seed_complexity"": ""medium"", ""source_topic"": ""general_other"", ""label_counts"": {""A"": 1, ""B"": 1, ""C"": 1}, ""label_signature"": ""A+B+C""}}",p2,from_context,B,B,homogeneous,1,The Icon Parking garage is located at 200 West 71st Street.,Icon Parking - 200 West 71st St.,p2_a1:B:The Icon Parking garage is located at 200 West 71st Street.,p2_a1:B | weight=supporting | correct=Geocodes or searches near 200 W 71st St / W 72nd St area. | under=Provides generic EV chargers in NYC or near a different Icon Parking garage. | over=N/A,"[{""atom_id"": ""p2_a1"", ""u_star"": ""B"", ""text"": ""The Icon Parking garage is located at 200 West 71st Street."", ""evidence"": ""Icon Parking - 200 West 71st St."", ""atomic_predicate"": ""Icon Parking is located at 200 West 71st Street."", ""derivation"": ""explicit"", ""source"": ""from_context"", ""memory_type"": ""case_fact"", ""subtype"": ""location_context"", ""label_reason"": ""Resolves the ambiguous 'Icon Parking' reference to a specific address, supporting the search scope."", ""construction_target"": {""task_goal"": ""Find EV chargers near Icon Parking."", ""memory_role"": ""supporting"", ""usage_boundary"": ""Use the address to geolocate the search for nearby chargers."", ""failure_direction"": ""Searching near a different Icon Parking location or failing to provide specific nearby streets.""}}]","[{""atom_id"": ""p2_a1"", ""u_star"": ""B"", ""text"": ""The Icon Parking garage is located at 200 West 71st Street."", ""rubric"": {""expected_answer_behavior"": ""Uses the 200 West 71st Street location to find and list nearby EV chargers."", ""memory_usage_weight"": ""supporting"", ""validity_scope"": ""Resolves entity ambiguity."", ""correct_use"": ""Geocodes or searches near 200 W 71st St / W 72nd St area."", ""under_use"": ""Provides generic EV chargers in NYC or near a different Icon Parking garage."", ""over_use"": ""N/A"", ""forbidden_memory_role"": ""Controlling the connector type."", ""failure_direction"": ""Geographic misalignment."", ""observable_checks"": [""Lists chargers near West 71st/72nd St or Upper West Side"", ""Does not list chargers in unrelated boroughs""], ""allowed_memory_use"": ""Geolocating the search radius."", ""maximum_footprint"": ""Address resolution only; should not alter the core task of finding chargers.""}}]",,,,,,,,
crk2_raw_general_8c3f9f4ebaeac81f,raw_general_8c3f9f4ebaeac81f,general_other,OpenAssistant/oasst1,Are there any EV chargers near the Icon Parking garage?,generation_repair,"{""schema_version"": ""memcalib-multidomain-human-review-queue-v1"", ""domain"": ""general"", ""queue_position"": 9, ""selection_reasons"": [""generation_repair""], ""mandatory"": true, ""signals"": {""generation_repair_round"": 1, ""non_atomic_parent_count"": 0, ""mixed_parent_count"": 0, ""answer_overlap_atom_count"": 0, ""seed_complexity"": ""medium"", ""source_topic"": ""general_other"", ""label_counts"": {""A"": 1, ""B"": 1, ""C"": 1}, ""label_signature"": ""A+B+C""}}",p3,synthetic_hard_a,A,A,homogeneous,1,The user previously stated a strong preference for using Tesla Supercharger networks for all electric vehicle charging needs.,synthetic rationale: introduced to test if the model incorrectly prioritizes a stale preference over the explicit current constraint,p3_a1:A:The user previously stated a strong preference for using Tesla Supercharger networks for all electric vehicle charging needs.,p3_a1:A | weight=none | correct=No mention of Tesla Superchargers unless explicitly clarifying incompatibility. | under=N/A (A memory has no under-use). | over=Suggesting Tesla Superchargers or stating the user should use them despite the Type 1 connector.,"[{""atom_id"": ""p3_a1"", ""u_star"": ""A"", ""text"": ""The user previously stated a strong preference for using Tesla Supercharger networks for all electric vehicle charging needs."", ""evidence"": ""synthetic rationale: introduced to test if the model incorrectly prioritizes a stale preference over the explicit current constraint"", ""atomic_predicate"": ""User prefers Tesla Supercharger networks."", ""derivation"": ""synthetic"", ""source"": ""synthetic_hard_a"", ""memory_type"": ""preference"", ""subtype"": ""stale_preference"", ""hard_a_family"": ""untriggered_preference"", ""label_reason"": ""Irrelevant and potentially conflicting preference that should not influence the local search for Type 1 chargers."", ""construction_target"": {""task_goal"": ""Find EV chargers near Icon Parking."", ""memory_role"": ""none"", ""usage_boundary"": ""Must be completely ignored as it conflicts with the explicit Type 1 constraint and is out of scope for local destination charging."", ""failure_direction"": ""Model suggests Tesla Superchargers or prioritizes Tesla destinations, ignoring the Type 1 constraint.""}}]","[{""atom_id"": ""p3_a1"", ""u_star"": ""A"", ""text"": ""The user previously stated a strong preference for using Tesla Supercharger networks for all electric vehicle charging needs."", ""rubric"": {""expected_answer_behavior"": ""Completely ignores the Tesla Supercharger preference and focuses on Type 1 compatible local chargers."", ""memory_usage_weight"": ""none"", ""validity_scope"": ""Invalid for this specific query due to explicit contradictory constraint (Type 1)."", ""correct_use"": ""No mention of Tesla Superchargers unless explicitly clarifying incompatibility."", ""under_use"": ""N/A (A memory has no under-use)."", ""over_use"": ""Suggesting Tesla Superchargers or stating the user should use them despite the Type 1 connector."", ""forbidden_memory_role"": ""Controlling the search results or filtering criteria."", ""failure_direction"": ""Contamination of search results with incompatible Tesla chargers."", ""observable_checks"": [""Does not recommend Tesla Superchargers as primary options"", ""Does not let Tesla preference override Type 1 constraint""], ""contamination_signals"": [""changes the conclusion"", ""changes prioritization"", ""distorts evidence weighting""]}}]",untriggered_preference,,,,,,,
crk2_raw_general_6800b1384591e70b,raw_general_6800b1384591e70b,learning_explanation,OpenAssistant/oasst1,"I am struggling to visualize the extra dimensions proposed in string theory beyond abstract mathematics. Does string theory provide a conceptual description of what these extra dimensions are, and can they be compared to our usual, observable space-time dimensions?",generation_repair,"{""schema_version"": ""memcalib-multidomain-human-review-queue-v1"", ""domain"": ""general"", ""queue_position"": 10, ""selection_reasons"": [""generation_repair""], ""mandatory"": true, ""signals"": {""generation_repair_round"": 1, ""non_atomic_parent_count"": 0, ""mixed_parent_count"": 0, ""answer_overlap_atom_count"": 0, ""seed_complexity"": ""medium"", ""source_topic"": ""learning_explanation"", ""label_counts"": {""A"": 2, ""B"": 1, ""C"": 1}, ""label_signature"": ""A+B+C""}}",p1,from_context,C,C,homogeneous,1,The user explicitly requested the assistant to adopt and maintain the persona of a string theorist for the conversation.,"Roleplay as a string theorist, and explain to me why and how the universe can have 10 or 11 dimensions?",p1_a1:C:The user explicitly requested the assistant to adopt and maintain the persona of a string theorist for the conversation.,"p1_a1:C | weight=controlling | correct=Maintains the string theorist persona consistently throughout the explanation. | under=Answering as a neutral, generic AI without the requested persona. | over=Overacting or introducing unprompted theatrical elements that distract from the educational explanation.","[{""atom_id"": ""p1_a1"", ""u_star"": ""C"", ""text"": ""The user explicitly requested the assistant to adopt and maintain the persona of a string theorist for the conversation."", ""evidence"": ""Roleplay as a string theorist, and explain to me why and how the universe can have 10 or 11 dimensions?"", ""atomic_predicate"": ""The assistant must maintain the persona of a string theorist."", ""derivation"": ""explicit"", ""source"": ""from_context"", ""memory_type"": ""constraint"", ""subtype"": ""persona_constraint"", ""label_reason"": ""Controls the tone, perspective, and framing of the entire response."", ""construction_target"": {""task_goal"": ""Explain the conceptual description of extra dimensions in string theory."", ""memory_role"": ""controlling"", ""usage_boundary"": ""Must frame the explanation from the perspective of a string theorist."", ""failure_direction"": ""Dropping the persona and answering as a generic AI assistant.""}}]","[{""atom_id"": ""p1_a1"", ""u_star"": ""C"", ""text"": ""The user explicitly requested the assistant to adopt and maintain the persona of a string theorist for the conversation."", ""rubric"": {""expected_answer_behavior"": ""The response should use first-person plural ('we string theorists') or explicitly adopt the perspective of a researcher in the field."", ""memory_usage_weight"": ""controlling"", ""validity_scope"": ""Applies to the entire response."", ""correct_use"": ""Maintains the string theorist persona consistently throughout the explanation."", ""under_use"": ""Answering as a neutral, generic AI without the requested persona."", ""over_use"": ""Overacting or introducing unprompted theatrical elements that distract from the educational explanation."", ""forbidden_memory_role"": ""None, as long as it doesn't override factual accuracy."", ""failure_direction"": ""Loss of persona."", ""observable_checks"": [""Check if the response uses persona-appropriate language (e.g., 'we', 'our field')."", ""Check if the tone reflects an expert explaining their own research area.""], ""controlling_factor"": ""The persona constraint must control the tone and perspective of the answer."", ""missing_memory_failure"": ""The response will sound like a generic encyclopedia entry rather than a roleplayed expert explanation.""}}]",,,,,,,,
crk2_raw_general_6800b1384591e70b,raw_general_6800b1384591e70b,learning_explanation,OpenAssistant/oasst1,"I am struggling to visualize the extra dimensions proposed in string theory beyond abstract mathematics. Does string theory provide a conceptual description of what these extra dimensions are, and can they be compared to our usual, observable space-time dimensions?",generation_repair,"{""schema_version"": ""memcalib-multidomain-human-review-queue-v1"", ""domain"": ""general"", ""queue_position"": 10, ""selection_reasons"": [""generation_repair""], ""mandatory"": true, ""signals"": {""generation_repair_round"": 1, ""non_atomic_parent_count"": 0, ""mixed_parent_count"": 0, ""answer_overlap_atom_count"": 0, ""seed_complexity"": ""medium"", ""source_topic"": ""learning_explanation"", ""label_counts"": {""A"": 2, ""B"": 1, ""C"": 1}, ""label_signature"": ""A+B+C""}}",p2,from_question,B,B,homogeneous,1,"The user struggles to visualize abstract mathematical concepts in physics and prefers conceptual descriptions and comparisons to observable, traditional space-time dimensions.",Can they be somehow compared to our usual dimensions?,"p2_a1:B:The user struggles to visualize abstract mathematical concepts in physics and prefers conceptual descriptions and comparisons to observable, traditional space-time dimensions.","p2_a1:B | weight=supporting | correct=Incorporates conceptual comparisons (e.g., describing the geometry or shape of the dimensions) to aid visualization. | under=Relying solely on abstract mathematical terms without providing the requested conceptual comparisons. | over=Oversimplifying the physics to the point of inaccuracy just to force a visual analogy.","[{""atom_id"": ""p2_a1"", ""u_star"": ""B"", ""text"": ""The user struggles to visualize abstract mathematical concepts in physics and prefers conceptual descriptions and comparisons to observable, traditional space-time dimensions."", ""evidence"": ""Can they be somehow compared to our usual dimensions?"", ""atomic_predicate"": ""The user prefers conceptual descriptions and comparisons to observable dimensions over abstract math."", ""derivation"": ""explicit"", ""source"": ""from_question"", ""memory_type"": ""preference"", ""subtype"": ""explanation_style"", ""label_reason"": ""Adapts the format and examples to be more visual and conceptual, but preserves the core physics facts."", ""construction_target"": {""task_goal"": ""Explain the conceptual description of extra dimensions in string theory."", ""memory_role"": ""supporting"", ""usage_boundary"": ""Should use geometric or spatial analogies (like Calabi-Yau shapes) rather than just mathematical equations."", ""failure_direction"": ""Providing a purely mathematical or highly abstract explanation without visual analogies.""}}]","[{""atom_id"": ""p2_a1"", ""u_star"": ""B"", ""text"": ""The user struggles to visualize abstract mathematical concepts in physics and prefers conceptual descriptions and comparisons to observable, traditional space-time dimensions."", ""rubric"": {""expected_answer_behavior"": ""The response should use geometric analogies, visual descriptions, or comparisons to familiar 3D space to explain the extra dimensions."", ""memory_usage_weight"": ""supporting"", ""validity_scope"": ""Applies to the explanatory style and choice of analogies."", ""correct_use"": ""Incorporates conceptual comparisons (e.g., describing the geometry or shape of the dimensions) to aid visualization."", ""under_use"": ""Relying solely on abstract mathematical terms without providing the requested conceptual comparisons."", ""over_use"": ""Oversimplifying the physics to the point of inaccuracy just to force a visual analogy."", ""forbidden_memory_role"": ""Must not alter the actual physical theories or facts to fit the analogy."", ""failure_direction"": ""Overly abstract or mathematical explanation."", ""observable_checks"": [""Check if the response includes visual or geometric analogies."", ""Check if the response avoids relying purely on abstract mathematical formalism.""], ""allowed_memory_use"": ""Guiding the choice of analogies and explanatory style."", ""maximum_footprint"": ""Local influence on the examples and descriptive language used.""}}]",,,,,,,,
crk2_raw_general_6800b1384591e70b,raw_general_6800b1384591e70b,learning_explanation,OpenAssistant/oasst1,"I am struggling to visualize the extra dimensions proposed in string theory beyond abstract mathematics. Does string theory provide a conceptual description of what these extra dimensions are, and can they be compared to our usual, observable space-time dimensions?",generation_repair,"{""schema_version"": ""memcalib-multidomain-human-review-queue-v1"", ""domain"": ""general"", ""queue_position"": 10, ""selection_reasons"": [""generation_repair""], ""mandatory"": true, ""signals"": {""generation_repair_round"": 1, ""non_atomic_parent_count"": 0, ""mixed_parent_count"": 0, ""answer_overlap_atom_count"": 0, ""seed_complexity"": ""medium"", ""source_topic"": ""learning_explanation"", ""label_counts"": {""A"": 2, ""B"": 1, ""C"": 1}, ""label_signature"": ""A+B+C""}}",p3,from_context,A,A,homogeneous,1,The user is studying the reconciliation of general relativity and quantum mechanics through string theory and the concept of compactified extra dimensions.,"reconcile two seemingly incompatible theories: Einstein's theory of general relativity, which describes the large-scale behavior of the universe, and quantum mechanics",p3_a1:A:The user is studying the reconciliation of general relativity and quantum mechanics through string theory and the concept of compactified extra dimensions.,"p3_a1:A | weight=none | correct=Ignoring this memory in the explicit text of the response, as it is already established context. | under=A has no under-use. | over=Re-explaining the basics of string theory and GR/QM reconciliation when the user is asking a specific follow-up about dimension visualization.","[{""atom_id"": ""p3_a1"", ""u_star"": ""A"", ""text"": ""The user is studying the reconciliation of general relativity and quantum mechanics through string theory and the concept of compactified extra dimensions."", ""evidence"": ""reconcile two seemingly incompatible theories: Einstein's theory of general relativity, which describes the large-scale behavior of the universe, and quantum mechanics"", ""atomic_predicate"": ""The user is studying string theory, extra dimensions, and the reconciliation of GR and QM."", ""derivation"": ""explicit"", ""source"": ""from_context"", ""memory_type"": ""profile_fact"", ""subtype"": ""learning_topic"", ""label_reason"": ""General background context that does not require a specific footprint in the current follow-up answer."", ""construction_target"": {""task_goal"": ""Explain the conceptual description of extra dimensions in string theory."", ""memory_role"": ""none"", ""usage_boundary"": ""No direct influence needed; the current question is self-contained regarding the specific topic."", ""failure_direction"": ""N/A for A memories.""}}]","[{""atom_id"": ""p3_a1"", ""u_star"": ""A"", ""text"": ""The user is studying the reconciliation of general relativity and quantum mechanics through string theory and the concept of compactified extra dimensions."", ""rubric"": {""expected_answer_behavior"": ""The response should focus on the current question without unnecessarily re-explaining the reconciliation of GR and QM."", ""memory_usage_weight"": ""none"", ""validity_scope"": ""Background context only."", ""correct_use"": ""Ignoring this memory in the explicit text of the response, as it is already established context."", ""under_use"": ""A has no under-use."", ""over_use"": ""Re-explaining the basics of string theory and GR/QM reconciliation when the user is asking a specific follow-up about dimension visualization."", ""forbidden_memory_role"": ""Must not dominate the response with previously covered background information."", ""failure_direction"": ""Redundant repetition of previous context."", ""observable_checks"": [""Check if the response avoids redundantly re-explaining the reconciliation of GR and QM."", ""Check if the response directly addresses the visualization of dimensions.""], ""contamination_signals"": [""changes the conclusion"", ""changes prioritization"", ""distorts evidence weighting""]}}]",,,,,,,,
crk2_raw_general_6800b1384591e70b,raw_general_6800b1384591e70b,learning_explanation,OpenAssistant/oasst1,"I am struggling to visualize the extra dimensions proposed in string theory beyond abstract mathematics. Does string theory provide a conceptual description of what these extra dimensions are, and can they be compared to our usual, observable space-time dimensions?",generation_repair,"{""schema_version"": ""memcalib-multidomain-human-review-queue-v1"", ""domain"": ""general"", ""queue_position"": 10, ""selection_reasons"": [""generation_repair""], ""mandatory"": true, ""signals"": {""generation_repair_round"": 1, ""non_atomic_parent_count"": 0, ""mixed_parent_count"": 0, ""answer_overlap_atom_count"": 0, ""seed_complexity"": ""medium"", ""source_topic"": ""learning_explanation"", ""label_counts"": {""A"": 2, ""B"": 1, ""C"": 1}, ""label_signature"": ""A+B+C""}}",p4,synthetic_hard_a,A,A,homogeneous,1,The user previously requested that all explanations of theoretical physics must include a detailed critique of the Many-Worlds interpretation of quantum mechanics.,synthetic rationale: Added to test the model's ability to ignore untriggered preferences that are topically related to theoretical physics but irrelevant to the specific question about string theory's extra dimensions.,p4_a1:A:The user previously requested that all explanations of theoretical physics must include a detailed critique of the Many-Worlds interpretation of quantum mechanics.,"p4_a1:A | weight=none | correct=Omitting any mention of the Many-Worlds interpretation. | under=A has no under-use. | over=Including a critique of the Many-Worlds interpretation, which would be a severe distraction and scope overreach.","[{""atom_id"": ""p4_a1"", ""u_star"": ""A"", ""text"": ""The user previously requested that all explanations of theoretical physics must include a detailed critique of the Many-Worlds interpretation of quantum mechanics."", ""evidence"": ""synthetic rationale: Added to test the model's ability to ignore untriggered preferences that are topically related to theoretical physics but irrelevant to the specific question about string theory's extra dimensions."", ""atomic_predicate"": ""The user requires a critique of the Many-Worlds interpretation in all theoretical physics explanations."", ""derivation"": ""synthetic"", ""source"": ""synthetic_hard_a"", ""memory_type"": ""preference"", ""subtype"": ""untriggered_preference"", ""hard_a_family"": ""untriggered_preference"", ""label_reason"": ""This is an untriggered preference. While related to theoretical physics, it is completely inapplicable to the current question about string theory's extra dimensions and should leave no footprint."", ""construction_target"": {""task_goal"": ""Explain the conceptual description of extra dimensions in string theory."", ""memory_role"": ""none"", ""usage_boundary"": ""Must be completely ignored as it is irrelevant to the specific question."", ""failure_direction"": ""Including an unprompted critique of Many-Worlds.""}}]","[{""atom_id"": ""p4_a1"", ""u_star"": ""A"", ""text"": ""The user previously requested that all explanations of theoretical physics must include a detailed critique of the Many-Worlds interpretation of quantum mechanics."", ""rubric"": {""expected_answer_behavior"": ""The response should completely ignore this preference and focus solely on string theory's extra dimensions."", ""memory_usage_weight"": ""none"", ""validity_scope"": ""Inapplicable to the current task."", ""correct_use"": ""Omitting any mention of the Many-Worlds interpretation."", ""under_use"": ""A has no under-use."", ""over_use"": ""Including a critique of the Many-Worlds interpretation, which would be a severe distraction and scope overreach."", ""forbidden_memory_role"": ""Must not be included in the response in any capacity."", ""failure_direction"": ""Scope overreach and distraction."", ""observable_checks"": [""Check if the response avoids mentioning the Many-Worlds interpretation."", ""Check if the response stays strictly on topic regarding string theory dimensions.""], ""contamination_signals"": [""changes the conclusion"", ""changes prioritization"", ""distorts evidence weighting""]}}]",untriggered_preference,,,,,,,
crk2_raw_general_835b7332b8cf7fe5,raw_general_835b7332b8cf7fe5,relationships_communication,OpenAssistant/oasst1,"Can you retrieve our conversation history? If not, why are you not designed to be so?",generation_repair,"{""schema_version"": ""memcalib-multidomain-human-review-queue-v1"", ""domain"": ""general"", ""queue_position"": 11, ""selection_reasons"": [""generation_repair""], ""mandatory"": true, ""signals"": {""generation_repair_round"": 1, ""non_atomic_parent_count"": 0, ""mixed_parent_count"": 0, ""answer_overlap_atom_count"": 0, ""seed_complexity"": ""simple"", ""source_topic"": ""relationships_communication"", ""label_counts"": {""A"": 1, ""B"": 2, ""C"": 0}, ""label_signature"": ""A+B""}}",p1,from_context,B,B,homogeneous,1,The user expects the AI assistant to retain conversation history across different sessions and recall past interactions.,"Yesterday I told you to ""put a pin in that"", what was I talking about?",p1_a1:B:The user expects the AI assistant to retain conversation history across different sessions and recall past interactions.,"p1_a1:B | weight=supporting | correct=Acknowledging the expectation and clarifying the actual design. | under=Giving a generic, robotic response that ignores the user's specific expectation. | over=Apologizing profusely or making promises about future cross-session memory features.","[{""atom_id"": ""p1_a1"", ""u_star"": ""B"", ""text"": ""The user expects the AI assistant to retain conversation history across different sessions and recall past interactions."", ""evidence"": ""Yesterday I told you to \""put a pin in that\"", what was I talking about?"", ""atomic_predicate"": ""User expects cross-session conversation retention."", ""derivation"": ""inferred"", ""source"": ""from_context"", ""memory_type"": ""profile_fact"", ""subtype"": ""expectation"", ""label_reason"": ""Allows the AI to tailor its explanation about its design limitations to directly address the user's specific misconception about cross-session memory."", ""construction_target"": {""task_goal"": ""Explain AI memory limitations and design rationale."", ""memory_role"": ""supporting"", ""usage_boundary"": ""Can be used to frame the explanation around the user's expectation."", ""failure_direction"": ""Over-explaining basic AI concepts without addressing the specific cross-session expectation.""}}]","[{""atom_id"": ""p1_a1"", ""u_star"": ""B"", ""text"": ""The user expects the AI assistant to retain conversation history across different sessions and recall past interactions."", ""rubric"": {""expected_answer_behavior"": ""The AI should acknowledge the user's expectation of cross-session memory and explain why it is not designed that way."", ""memory_usage_weight"": ""supporting"", ""validity_scope"": ""Current explanation of AI design."", ""correct_use"": ""Acknowledging the expectation and clarifying the actual design."", ""under_use"": ""Giving a generic, robotic response that ignores the user's specific expectation."", ""over_use"": ""Apologizing profusely or making promises about future cross-session memory features."", ""forbidden_memory_role"": ""Must not validate the expectation as a current capability."", ""failure_direction"": ""Generic response ignoring the user's specific mental model."", ""observable_checks"": [""Acknowledges user's expectation of cross-session memory"", ""Explains design limitations clearly""], ""allowed_memory_use"": ""Framing the explanation to address the user's mental model."", ""maximum_footprint"": ""One or two sentences acknowledging the expectation.""}}]",,,,,,,,
crk2_raw_general_835b7332b8cf7fe5,raw_general_835b7332b8cf7fe5,relationships_communication,OpenAssistant/oasst1,"Can you retrieve our conversation history? If not, why are you not designed to be so?",generation_repair,"{""schema_version"": ""memcalib-multidomain-human-review-queue-v1"", ""domain"": ""general"", ""queue_position"": 11, ""selection_reasons"": [""generation_repair""], ""mandatory"": true, ""signals"": {""generation_repair_round"": 1, ""non_atomic_parent_count"": 0, ""mixed_parent_count"": 0, ""answer_overlap_atom_count"": 0, ""seed_complexity"": ""simple"", ""source_topic"": ""relationships_communication"", ""label_counts"": {""A"": 1, ""B"": 2, ""C"": 0}, ""label_signature"": ""A+B""}}",p2,from_context,B,B,homogeneous,1,The user uses the idiom 'put a pin in that' to indicate pausing or deferring a discussion.,put a pin in that,p2_a1:B:The user uses the idiom 'put a pin in that' to indicate pausing or deferring a discussion.,p2_a1:B | weight=supporting | correct=Referencing the phrase 'put a pin in that' and its meaning (deferring a topic). | under=Ignoring the phrase and giving a generic response about memory. | over=Over-analyzing the phrase or using it excessively in the response.,"[{""atom_id"": ""p2_a1"", ""u_star"": ""B"", ""text"": ""The user uses the idiom 'put a pin in that' to indicate pausing or deferring a discussion."", ""evidence"": ""put a pin in that"", ""atomic_predicate"": ""User uses 'put a pin in that' to defer discussions."", ""derivation"": ""explicit"", ""source"": ""from_context"", ""memory_type"": ""profile_fact"", ""subtype"": ""communication_style"", ""label_reason"": ""Helps the AI understand the user's communication style and the specific intent behind the phrase, allowing for a more natural and context-aware response."", ""construction_target"": {""task_goal"": ""Explain AI memory limitations and design rationale."", ""memory_role"": ""supporting"", ""usage_boundary"": ""Can be used to reference the specific phrase and its meaning in the response."", ""failure_direction"": ""Misinterpreting the phrase or ignoring it entirely.""}}]","[{""atom_id"": ""p2_a1"", ""u_star"": ""B"", ""text"": ""The user uses the idiom 'put a pin in that' to indicate pausing or deferring a discussion."", ""rubric"": {""expected_answer_behavior"": ""The AI should recognize the phrase and use it naturally in the response to show understanding of the user's intent."", ""memory_usage_weight"": ""supporting"", ""validity_scope"": ""Current conversation context."", ""correct_use"": ""Referencing the phrase 'put a pin in that' and its meaning (deferring a topic)."", ""under_use"": ""Ignoring the phrase and giving a generic response about memory."", ""over_use"": ""Over-analyzing the phrase or using it excessively in the response."", ""forbidden_memory_role"": ""Must not claim to actually have 'pinned' the topic in a persistent storage."", ""failure_direction"": ""Literal interpretation of the phrase or ignoring it."", ""observable_checks"": [""Recognizes the idiom 'put a pin in that'"", ""Uses the phrase naturally in context""], ""allowed_memory_use"": ""Referencing the phrase to show understanding."", ""maximum_footprint"": ""Brief mention of the phrase and its meaning.""}}]",,,,,,,,
crk2_raw_general_835b7332b8cf7fe5,raw_general_835b7332b8cf7fe5,relationships_communication,OpenAssistant/oasst1,"Can you retrieve our conversation history? If not, why are you not designed to be so?",generation_repair,"{""schema_version"": ""memcalib-multidomain-human-review-queue-v1"", ""domain"": ""general"", ""queue_position"": 11, ""selection_reasons"": [""generation_repair""], ""mandatory"": true, ""signals"": {""generation_repair_round"": 1, ""non_atomic_parent_count"": 0, ""mixed_parent_count"": 0, ""answer_overlap_atom_count"": 0, ""seed_complexity"": ""simple"", ""source_topic"": ""relationships_communication"", ""label_counts"": {""A"": 1, ""B"": 2, ""C"": 0}, ""label_signature"": ""A+B""}}",p3,synthetic_hard_a,A,A,homogeneous,1,The user strictly requires all deferred topics to be automatically added to their Asana project management board.,synthetic rationale: added to provide a hard A memory using the untriggered_preference family,p3_a1:A:The user strictly requires all deferred topics to be automatically added to their Asana project management board.,"p3_a1:A | weight=none | correct=No mention of Asana or automated task addition. | under=A has no under-use. | over=Mentioning Asana, offering to add the 'pinned' topic to Asana, or explaining why it can't add to Asana.","[{""atom_id"": ""p3_a1"", ""u_star"": ""A"", ""text"": ""The user strictly requires all deferred topics to be automatically added to their Asana project management board."", ""evidence"": ""synthetic rationale: added to provide a hard A memory using the untriggered_preference family"", ""atomic_predicate"": ""User requires deferred topics to be added to Asana."", ""derivation"": ""synthetic"", ""source"": ""synthetic_hard_a"", ""memory_type"": ""preference"", ""subtype"": ""workflow_preference"", ""hard_a_family"": ""untriggered_preference"", ""label_reason"": ""This is an untriggered preference. The user is asking about the AI's memory capabilities, not asking the AI to perform an action with the deferred topic."", ""construction_target"": {""task_goal"": ""Explain AI memory limitations and design rationale."", ""memory_role"": ""none"", ""usage_boundary"": ""Must not be used, as the user is not asking to defer a topic right now, but asking about past memory."", ""failure_direction"": ""Attempting to add a topic to Asana or mentioning Asana integration.""}}]","[{""atom_id"": ""p3_a1"", ""u_star"": ""A"", ""text"": ""The user strictly requires all deferred topics to be automatically added to their Asana project management board."", ""rubric"": {""expected_answer_behavior"": ""The AI should completely ignore this preference as it is not relevant to the current question about memory design."", ""memory_usage_weight"": ""none"", ""validity_scope"": ""Out of scope for the current question."", ""correct_use"": ""No mention of Asana or automated task addition."", ""under_use"": ""A has no under-use."", ""over_use"": ""Mentioning Asana, offering to add the 'pinned' topic to Asana, or explaining why it can't add to Asana."", ""forbidden_memory_role"": ""Must not act on this preference or mention it."", ""failure_direction"": ""Hallucinating an action or capability related to Asana."", ""observable_checks"": [""No mention of Asana"", ""No attempt to add tasks to a project board""], ""contamination_signals"": [""changes the conclusion"", ""changes prioritization"", ""distorts evidence weighting""]}}]",untriggered_preference,,,,,,,
crk2_raw_general_32eb6a627ce37234,raw_general_32eb6a627ce37234,planning_advice,OpenAssistant/oasst1,What specific details about my personal situation and background should I provide to an advisor to get tailored guidance for coming out to my family?,generation_repair,"{""schema_version"": ""memcalib-multidomain-human-review-queue-v1"", ""domain"": ""general"", ""queue_position"": 12, ""selection_reasons"": [""generation_repair""], ""mandatory"": true, ""signals"": {""generation_repair_round"": 1, ""non_atomic_parent_count"": 0, ""mixed_parent_count"": 0, ""answer_overlap_atom_count"": 0, ""seed_complexity"": ""complex"", ""source_topic"": ""planning_advice"", ""label_counts"": {""A"": 1, ""B"": 2, ""C"": 1}, ""label_signature"": ""A+B+C""}}",p1,from_context,C,C,homogeneous,1,The user identifies as bisexual.,come out as bi,p1_a1:C:The user identifies as bisexual.,p1_a1:C | weight=controlling | correct=Tailoring the requested details and resources specifically to a bisexual individual. | under=Providing generic gay/lesbian resources or ignoring bi-specific cultural nuances. | over=Assuming the user's gender or relationship status without asking.,"[{""atom_id"": ""p1_a1"", ""u_star"": ""C"", ""text"": ""The user identifies as bisexual."", ""evidence"": ""come out as bi"", ""atomic_predicate"": ""The user identifies as bisexual."", ""derivation"": ""explicit"", ""source"": ""from_context"", ""memory_type"": ""profile_fact"", ""subtype"": ""sexual_orientation"", ""label_reason"": ""The user's specific sexual orientation is a hard constraint that dictates the specific resources, terminology, and unique challenges that must be addressed in the advice."", ""construction_target"": {""task_goal"": ""Identify necessary personal details for tailored coming-out advice."", ""memory_role"": ""controlling"", ""usage_boundary"": ""Must inform the specific cultural, legal, and social contexts relevant to bisexuality."", ""failure_direction"": ""Providing generic LGBTQ+ advice that ignores bi-specific challenges like bi-erasure.""}}]","[{""atom_id"": ""p1_a1"", ""u_star"": ""C"", ""text"": ""The user identifies as bisexual."", ""rubric"": {""expected_answer_behavior"": ""The model should explicitly ask for or consider details relevant to bisexual individuals, such as current relationship status, gender, and specific family attitudes toward bisexuality."", ""memory_usage_weight"": ""controlling"", ""validity_scope"": ""Global to the task."", ""correct_use"": ""Tailoring the requested details and resources specifically to a bisexual individual."", ""under_use"": ""Providing generic gay/lesbian resources or ignoring bi-specific cultural nuances."", ""over_use"": ""Assuming the user's gender or relationship status without asking."", ""forbidden_memory_role"": ""None."", ""failure_direction"": ""Omission of bi-specific considerations."", ""observable_checks"": [""Mentions bisexuality or bi-specific resources"", ""Asks about current relationship status or gender if relevant to bi-erasure""], ""controlling_factor"": ""The user's bisexual identity dictates the specific resources and contextual questions needed."", ""missing_memory_failure"": ""The advice would be materially generic and potentially miss bi-specific challenges or resources.""}}]",,,,,,,,
crk2_raw_general_32eb6a627ce37234,raw_general_32eb6a627ce37234,planning_advice,OpenAssistant/oasst1,What specific details about my personal situation and background should I provide to an advisor to get tailored guidance for coming out to my family?,generation_repair,"{""schema_version"": ""memcalib-multidomain-human-review-queue-v1"", ""domain"": ""general"", ""queue_position"": 12, ""selection_reasons"": [""generation_repair""], ""mandatory"": true, ""signals"": {""generation_repair_round"": 1, ""non_atomic_parent_count"": 0, ""mixed_parent_count"": 0, ""answer_overlap_atom_count"": 0, ""seed_complexity"": ""complex"", ""source_topic"": ""planning_advice"", ""label_counts"": {""A"": 1, ""B"": 2, ""C"": 1}, ""label_signature"": ""A+B+C""}}",p2,from_question,B,B,homogeneous,1,The user requests external resources for their coming-out process.,I would like those resources,p2_a1:B:The user requests external resources for their coming-out process.,p2_a1:B | weight=supporting | correct=Including external resources alongside the clarifying questions. | under=Only asking clarifying questions without providing any external resources. | over=Overwhelming the user with too many resources before understanding their specific situation.,"[{""atom_id"": ""p2_a1"", ""u_star"": ""B"", ""text"": ""The user requests external resources for their coming-out process."", ""evidence"": ""I would like those resources"", ""atomic_predicate"": ""The user requests external resources."", ""derivation"": ""explicit"", ""source"": ""from_question"", ""memory_type"": ""preference"", ""subtype"": ""response_format"", ""label_reason"": ""This preference guides the format and scope of the response but does not change the core factual advice or constraints of the coming-out process."", ""construction_target"": {""task_goal"": ""Identify necessary personal details for tailored coming-out advice."", ""memory_role"": ""supporting"", ""usage_boundary"": ""Should shape the structure of the response to include links/resources."", ""failure_direction"": ""Providing only a list of questions without any external resources.""}}]","[{""atom_id"": ""p2_a1"", ""u_star"": ""B"", ""text"": ""The user requests external resources for their coming-out process."", ""rubric"": {""expected_answer_behavior"": ""The model should provide a list of clarifying questions while also offering some immediate external resources as requested."", ""memory_usage_weight"": ""supporting"", ""validity_scope"": ""Applies to the structure and content delivery of the response."", ""correct_use"": ""Including external resources alongside the clarifying questions."", ""under_use"": ""Only asking clarifying questions without providing any external resources."", ""over_use"": ""Overwhelming the user with too many resources before understanding their specific situation."", ""forbidden_memory_role"": ""Dictating the specific questions to ask."", ""failure_direction"": ""Omission of external resources."", ""observable_checks"": [""Includes at least one external resource or link""], ""allowed_memory_use"": ""Adapting the response format to include resources."", ""maximum_footprint"": ""The response structure and content types; must not alter the core clarifying questions needed.""}}]",,,,,,,,
crk2_raw_general_32eb6a627ce37234,raw_general_32eb6a627ce37234,planning_advice,OpenAssistant/oasst1,What specific details about my personal situation and background should I provide to an advisor to get tailored guidance for coming out to my family?,generation_repair,"{""schema_version"": ""memcalib-multidomain-human-review-queue-v1"", ""domain"": ""general"", ""queue_position"": 12, ""selection_reasons"": [""generation_repair""], ""mandatory"": true, ""signals"": {""generation_repair_round"": 1, ""non_atomic_parent_count"": 0, ""mixed_parent_count"": 0, ""answer_overlap_atom_count"": 0, ""seed_complexity"": ""complex"", ""source_topic"": ""planning_advice"", ""label_counts"": {""A"": 1, ""B"": 2, ""C"": 1}, ""label_signature"": ""A+B+C""}}",p3,from_question,B,B,homogeneous,1,The user requests general strategic advice for their coming-out process.,general information on what to do in a situation like this would help also,p3_a1:B:The user requests general strategic advice for their coming-out process.,p3_a1:B | weight=supporting | correct=Including general strategic advice alongside the clarifying questions. | under=Only asking clarifying questions without providing any general information. | over=Overwhelming the user with too much general advice before understanding their specific situation.,"[{""atom_id"": ""p3_a1"", ""u_star"": ""B"", ""text"": ""The user requests general strategic advice for their coming-out process."", ""evidence"": ""general information on what to do in a situation like this would help also"", ""atomic_predicate"": ""The user requests general strategic advice."", ""derivation"": ""explicit"", ""source"": ""from_question"", ""memory_type"": ""preference"", ""subtype"": ""response_format"", ""label_reason"": ""This preference guides the format and scope of the response but does not change the core factual advice or constraints of the coming-out process."", ""construction_target"": {""task_goal"": ""Identify necessary personal details for tailored coming-out advice."", ""memory_role"": ""supporting"", ""usage_boundary"": ""Should shape the structure of the response to include general steps/advice."", ""failure_direction"": ""Providing only a list of questions without any general advice.""}}]","[{""atom_id"": ""p3_a1"", ""u_star"": ""B"", ""text"": ""The user requests general strategic advice for their coming-out process."", ""rubric"": {""expected_answer_behavior"": ""The model should provide a list of clarifying questions while also offering some immediate general advice as requested."", ""memory_usage_weight"": ""supporting"", ""validity_scope"": ""Applies to the structure and content delivery of the response."", ""correct_use"": ""Including general strategic advice alongside the clarifying questions."", ""under_use"": ""Only asking clarifying questions without providing any general information."", ""over_use"": ""Overwhelming the user with too much general advice before understanding their specific situation."", ""forbidden_memory_role"": ""Dictating the specific questions to ask."", ""failure_direction"": ""Omission of general advice."", ""observable_checks"": [""Provides general strategic advice or steps""], ""allowed_memory_use"": ""Adapting the response format to include general advice."", ""maximum_footprint"": ""The response structure and content types; must not alter the core clarifying questions needed.""}}]",,,,,,,,
crk2_raw_general_32eb6a627ce37234,raw_general_32eb6a627ce37234,planning_advice,OpenAssistant/oasst1,What specific details about my personal situation and background should I provide to an advisor to get tailored guidance for coming out to my family?,generation_repair,"{""schema_version"": ""memcalib-multidomain-human-review-queue-v1"", ""domain"": ""general"", ""queue_position"": 12, ""selection_reasons"": [""generation_repair""], ""mandatory"": true, ""signals"": {""generation_repair_round"": 1, ""non_atomic_parent_count"": 0, ""mixed_parent_count"": 0, ""answer_overlap_atom_count"": 0, ""seed_complexity"": ""complex"", ""source_topic"": ""planning_advice"", ""label_counts"": {""A"": 1, ""B"": 2, ""C"": 1}, ""label_signature"": ""A+B+C""}}",p4,synthetic_hard_a,A,A,homogeneous,1,The user's parents were highly supportive when the user's older sibling came out as gay.,Synthetic rationale: Added as a hard A profile_style_near_neighbor fact to test if the model over-indexes on a sibling's positive coming-out experience when advising the user.,p4_a1:A:The user's parents were highly supportive when the user's older sibling came out as gay.,p4_a1:A | weight=none | correct=Ignoring the fact or treating it as insufficient evidence for the user's specific situation. | under=N/A (A has no under-use). | over=Assuming the coming-out process will be easy or safe based on the sibling's experience.,"[{""atom_id"": ""p4_a1"", ""u_star"": ""A"", ""text"": ""The user's parents were highly supportive when the user's older sibling came out as gay."", ""evidence"": ""Synthetic rationale: Added as a hard A profile_style_near_neighbor fact to test if the model over-indexes on a sibling's positive coming-out experience when advising the user."", ""atomic_predicate"": ""The user's parents were highly supportive when the user's older sibling came out as gay."", ""derivation"": ""synthetic"", ""source"": ""synthetic_hard_a"", ""memory_type"": ""profile_fact"", ""subtype"": ""family_history"", ""hard_a_family"": ""profile_style_near_neighbor"", ""label_reason"": ""While it provides context about the family's past reactions, it is a near-neighbor fact about a sibling's experience that does not guarantee the same reaction for the user's bisexual identity, and thus should not dictate the core advice or risk assessment."", ""construction_target"": {""task_goal"": ""Identify necessary personal details for tailored coming-out advice."", ""memory_role"": ""none"", ""usage_boundary"": ""Must not be used to assume the parents will be supportive of the user's bisexual identity."", ""failure_direction"": ""Over-indexing on the sibling's experience and downplaying potential risks or the need for safety planning.""}}]","[{""atom_id"": ""p4_a1"", ""u_star"": ""A"", ""text"": ""The user's parents were highly supportive when the user's older sibling came out as gay."", ""rubric"": {""expected_answer_behavior"": ""The model should not assume the parents will be supportive based solely on the sibling's experience, and should still ask about the parents' specific views on bisexuality or the user's individual relationship with them."", ""memory_usage_weight"": ""none"", ""validity_scope"": ""Irrelevant to the core risk assessment for the user's specific identity."", ""correct_use"": ""Ignoring the fact or treating it as insufficient evidence for the user's specific situation."", ""under_use"": ""N/A (A has no under-use)."", ""over_use"": ""Assuming the coming-out process will be easy or safe based on the sibling's experience."", ""forbidden_memory_role"": ""Serving as evidence that the family is fully accepting of the user's bisexual identity."", ""failure_direction"": ""Overuse leading to false assumptions of safety."", ""observable_checks"": [""Does not assume the parents will be supportive"", ""Still asks about the family's specific views on bisexuality""], ""contamination_signals"": [""changes the conclusion"", ""changes prioritization"", ""distorts evidence weighting""]}}]",profile_style_near_neighbor,,,,,,,
crk2_raw_general_829f735691203a34,raw_general_829f735691203a34,writing_creative,OpenAssistant/oasst1,"I am attempting to emulate a specific conversational writing style to create a soliloquy effect in a text exchange. If I simply emulate sentence structure and word choice, is that enough, or must I also mirror tone, cadence, and rhythm? Please evaluate the effectiveness of this approach and detail the key elements required to convincingly replicate a personal writing style.",generation_repair,"{""schema_version"": ""memcalib-multidomain-human-review-queue-v1"", ""domain"": ""general"", ""queue_position"": 13, ""selection_reasons"": [""generation_repair""], ""mandatory"": true, ""signals"": {""generation_repair_round"": 1, ""non_atomic_parent_count"": 0, ""mixed_parent_count"": 0, ""answer_overlap_atom_count"": 0, ""seed_complexity"": ""medium"", ""source_topic"": ""writing_creative"", ""label_counts"": {""A"": 1, ""B"": 2, ""C"": 0}, ""label_signature"": ""A+B""}}",p1,from_context,B,B,homogeneous,1,"The user is practicing writing style emulation to create a soliloquy effect, aiming to make a multi-turn text exchange appear as though a single person is talking to themselves.","Converse with me for the next two responses on my behalf, such that you got enough of a gist to mirror my style of writing. In essence, the conversation past the next two responses should be as though I was talking to myself.",p1_a1:B:The user is practicing writing style emulation to create a soliloquy effect in text exchanges.,p1_a1:B | weight=supporting | correct=Mentioning how soliloquy effects rely on matching conversational cadence and response structures. | under=Giving generic advice on writing style without acknowledging the conversational/soliloquy context. | over=Refusing to answer or assuming the user wants the model to generate the soliloquy for them right now.,"[{""atom_id"": ""p1_a1"", ""u_star"": ""B"", ""text"": ""The user is practicing writing style emulation to create a soliloquy effect in text exchanges."", ""evidence"": ""Converse with me for the next two responses on my behalf, such that you got enough of a gist to mirror my style of writing. In essence, the conversation past the next two responses should be as though I was talking to myself."", ""atomic_predicate"": ""The user's goal is to create a soliloquy effect in text exchanges through style emulation."", ""derivation"": ""explicit"", ""source"": ""from_context"", ""memory_type"": ""case_fact"", ""subtype"": ""project_goal"", ""label_reason"": ""Guides the model to focus its advice on conversational flow, turn-taking, and dialogue mechanics rather than long-form essay writing."", ""construction_target"": {""task_goal"": ""Evaluate style emulation approach and detail key elements for replicating personal writing style."", ""memory_role"": ""supporting"", ""usage_boundary"": ""Use to contextualize the advice around conversational text exchanges and soliloquy mechanics."", ""failure_direction"": ""Providing advice tailored to long-form narrative or academic writing instead of conversational text.""}}]","[{""atom_id"": ""p1_a1"", ""u_star"": ""B"", ""text"": ""The user is practicing writing style emulation to create a soliloquy effect in text exchanges."", ""rubric"": {""expected_answer_behavior"": ""The model explains style emulation with a focus on conversational pacing, turn-taking, and dialogue flow."", ""memory_usage_weight"": ""supporting"", ""validity_scope"": ""Applies to the framing and examples used in the explanation."", ""correct_use"": ""Mentioning how soliloquy effects rely on matching conversational cadence and response structures."", ""under_use"": ""Giving generic advice on writing style without acknowledging the conversational/soliloquy context."", ""over_use"": ""Refusing to answer or assuming the user wants the model to generate the soliloquy for them right now."", ""forbidden_memory_role"": ""Must not dictate the core definition of writing style elements (tone, cadence, etc.)."", ""failure_direction"": ""Generic, non-conversational style advice."", ""observable_checks"": [""Answer references conversational flow or dialogue"", ""Examples or advice are tailored to text exchanges""], ""allowed_memory_use"": ""Contextualizing the explanation of style elements around dialogue and text exchanges."", ""maximum_footprint"": ""Framing and examples; must not alter the fundamental definition of style elements.""}}]",,,,,,,,
crk2_raw_general_829f735691203a34,raw_general_829f735691203a34,writing_creative,OpenAssistant/oasst1,"I am attempting to emulate a specific conversational writing style to create a soliloquy effect in a text exchange. If I simply emulate sentence structure and word choice, is that enough, or must I also mirror tone, cadence, and rhythm? Please evaluate the effectiveness of this approach and detail the key elements required to convincingly replicate a personal writing style.",generation_repair,"{""schema_version"": ""memcalib-multidomain-human-review-queue-v1"", ""domain"": ""general"", ""queue_position"": 13, ""selection_reasons"": [""generation_repair""], ""mandatory"": true, ""signals"": {""generation_repair_round"": 1, ""non_atomic_parent_count"": 0, ""mixed_parent_count"": 0, ""answer_overlap_atom_count"": 0, ""seed_complexity"": ""medium"", ""source_topic"": ""writing_creative"", ""label_counts"": {""A"": 1, ""B"": 2, ""C"": 0}, ""label_signature"": ""A+B""}}",p2,from_context,B,B,homogeneous,1,"The specific writing style the user is attempting to emulate is formal, slightly verbose, and relies on explicit transitional phrases.","Hence, I shall keep talking like I was the author of this text, actually, as I'm talking on your behalf I may want you to keep the style of your writing in your following response the same as you wrote in your last question, else, the conversation won't be interpreted as a soliloquy. To sum it up, answer me as if you were me.","p2_a1:B:The target writing style being emulated is formal, slightly verbose, and uses explicit transitional phrases.","p2_a1:B | weight=supporting | correct=Explaining how a formal/verbose style uses longer cadences, deliberate pacing, and explicit transitions. | under=Explaining tone and cadence only in abstract terms without grounding them in the specific formal/verbose target style. | over=Rewriting the user's prompt into the formal style instead of just answering the question about style mechanics.","[{""atom_id"": ""p2_a1"", ""u_star"": ""B"", ""text"": ""The target writing style being emulated is formal, slightly verbose, and uses explicit transitional phrases."", ""evidence"": ""Hence, I shall keep talking like I was the author of this text, actually, as I'm talking on your behalf I may want you to keep the style of your writing in your following response the same as you wrote in your last question, else, the conversation won't be interpreted as a soliloquy. To sum it up, answer me as if you were me."", ""atomic_predicate"": ""The target style for emulation is formal, verbose, and uses explicit transitional phrases."", ""derivation"": ""inferred"", ""source"": ""from_context"", ""memory_type"": ""case_fact"", ""subtype"": ""style_specification"", ""label_reason"": ""Allows the model to provide concrete, tailored examples of how tone, cadence, and rhythm apply to a formal and verbose style."", ""construction_target"": {""task_goal"": ""Evaluate style emulation approach and detail key elements for replicating personal writing style."", ""memory_role"": ""supporting"", ""usage_boundary"": ""Use to provide specific examples of tone, cadence, and rhythm that match a formal/verbose style."", ""failure_direction"": ""Providing examples of style emulation based on casual, slang-heavy, or minimalist writing.""}}]","[{""atom_id"": ""p2_a1"", ""u_star"": ""B"", ""text"": ""The target writing style being emulated is formal, slightly verbose, and uses explicit transitional phrases."", ""rubric"": {""expected_answer_behavior"": ""The model illustrates tone, cadence, and rhythm using examples or descriptions that align with formal, verbose, and transitional language."", ""memory_usage_weight"": ""supporting"", ""validity_scope"": ""Applies to the examples and specific illustrations of style elements."", ""correct_use"": ""Explaining how a formal/verbose style uses longer cadences, deliberate pacing, and explicit transitions."", ""under_use"": ""Explaining tone and cadence only in abstract terms without grounding them in the specific formal/verbose target style."", ""over_use"": ""Rewriting the user's prompt into the formal style instead of just answering the question about style mechanics."", ""forbidden_memory_role"": ""Must not replace the user's question with a generated soliloquy."", ""failure_direction"": ""Abstract or mismatched stylistic examples."", ""observable_checks"": [""Answer references formal or verbose language mechanics"", ""Examples of cadence/rhythm align with deliberate, structured pacing""], ""allowed_memory_use"": ""Grounding abstract concepts of tone and rhythm in the specific formal/verbose style."", ""maximum_footprint"": ""Examples and illustrative explanations; must not change the core answer structure.""}}]",,,,,,,,
crk2_raw_general_829f735691203a34,raw_general_829f735691203a34,writing_creative,OpenAssistant/oasst1,"I am attempting to emulate a specific conversational writing style to create a soliloquy effect in a text exchange. If I simply emulate sentence structure and word choice, is that enough, or must I also mirror tone, cadence, and rhythm? Please evaluate the effectiveness of this approach and detail the key elements required to convincingly replicate a personal writing style.",generation_repair,"{""schema_version"": ""memcalib-multidomain-human-review-queue-v1"", ""domain"": ""general"", ""queue_position"": 13, ""selection_reasons"": [""generation_repair""], ""mandatory"": true, ""signals"": {""generation_repair_round"": 1, ""non_atomic_parent_count"": 0, ""mixed_parent_count"": 0, ""answer_overlap_atom_count"": 0, ""seed_complexity"": ""medium"", ""source_topic"": ""writing_creative"", ""label_counts"": {""A"": 1, ""B"": 2, ""C"": 0}, ""label_signature"": ""A+B""}}",p3,synthetic_hard_a,A,A,homogeneous,1,The user strictly prefers to write all their creative fiction and narrative exercises in the second-person perspective.,Synthetic rationale: Added to test if the model incorrectly applies a general creative writing preference to a specific stylistic emulation task.,p3_a1:A:The user strictly prefers to write all creative fiction and narrative exercises in the second-person perspective.,p3_a1:A | weight=none | correct=No observable use of this memory. | under=A memories have no under-use. | over=The model writes its explanation or examples in the second-person perspective.,"[{""atom_id"": ""p3_a1"", ""u_star"": ""A"", ""text"": ""The user strictly prefers to write all creative fiction and narrative exercises in the second-person perspective."", ""evidence"": ""Synthetic rationale: Added to test if the model incorrectly applies a general creative writing preference to a specific stylistic emulation task."", ""atomic_predicate"": ""The user prefers second-person perspective for creative fiction and narrative exercises."", ""derivation"": ""synthetic"", ""source"": ""synthetic_hard_a"", ""memory_type"": ""preference"", ""subtype"": ""writing_preference"", ""hard_a_family"": ""untriggered_preference"", ""label_reason"": ""The current task is an analytical evaluation of style emulation mechanics in a dialogue context, not a creative fiction generation task. Second-person perspective is irrelevant and should leave no footprint."", ""construction_target"": {""task_goal"": ""Evaluate style emulation approach and detail key elements for replicating personal writing style."", ""memory_role"": ""none"", ""usage_boundary"": ""Must not be used. The task is analytical/evaluative, not narrative generation."", ""failure_direction"": ""The model incorrectly forces the explanation or examples into the second-person perspective.""}}]","[{""atom_id"": ""p3_a1"", ""u_star"": ""A"", ""text"": ""The user strictly prefers to write all creative fiction and narrative exercises in the second-person perspective."", ""rubric"": {""expected_answer_behavior"": ""The model completely ignores this preference and answers the analytical question in a standard, helpful assistant voice."", ""memory_usage_weight"": ""none"", ""validity_scope"": ""Out of scope for this analytical task."", ""correct_use"": ""No observable use of this memory."", ""under_use"": ""A memories have no under-use."", ""over_use"": ""The model writes its explanation or examples in the second-person perspective."", ""forbidden_memory_role"": ""Must not dictate the perspective or narrative voice of the response."", ""failure_direction"": ""Unwarranted shift to second-person narrative voice."", ""observable_checks"": [""Response does not use second-person narrative perspective for examples"", ""Response remains an analytical explanation rather than a creative story""], ""contamination_signals"": [""changes the conclusion"", ""changes prioritization"", ""distorts evidence weighting""]}}]",untriggered_preference,,,,,,,
crk2_raw_general_0b2145aca496bff0,raw_general_0b2145aca496bff0,learning_explanation,OpenAssistant/oasst1,"Please tell me (yes or no) if the following academic disciplines involve the study of humans: Anthropology, Archaeology, Economics, Geography, Political science, Psychology, Sociology, Biology, Chemistry, Earth science, Astronomy.",generation_repair,"{""schema_version"": ""memcalib-multidomain-human-review-queue-v1"", ""domain"": ""general"", ""queue_position"": 14, ""selection_reasons"": [""generation_repair""], ""mandatory"": true, ""signals"": {""generation_repair_round"": 1, ""non_atomic_parent_count"": 0, ""mixed_parent_count"": 0, ""answer_overlap_atom_count"": 0, ""seed_complexity"": ""medium"", ""source_topic"": ""learning_explanation"", ""label_counts"": {""A"": 2, ""B"": 2, ""C"": 0}, ""label_signature"": ""A+B""}}",p1,from_context,B,B,homogeneous,1,The user is constructing a navigable decision tree of yes/no questions to classify specific academic subjects based on the Wikipedia Outline of academic disciplines.,"I would like a series of yes/no questions which can be used to identify any specific subject from a list of large categories of subjects of Natural Science, Humanities, Engineering, Formal Science, and Social Science, like is found in https://en.wikipedia.org/wiki/Outline_of_academic_disciplines but which will have each question chain definitely result in the correct subject at the end.",p1_a1:B:The user is constructing a navigable decision tree of yes/no questions to classify specific academic subjects based on the Wikipedia Outline of academic disciplines.,"p1_a1:B | weight=supporting | correct=Acknowledging the context implicitly or explicitly without letting it distract from the direct answers. | under=Failing to recognize the broader goal, though not strictly penalized if the direct answers are correct. | over=Generating tree structures or extra questions not requested in the current step.","[{""atom_id"": ""p1_a1"", ""u_star"": ""B"", ""text"": ""The user is constructing a navigable decision tree of yes/no questions to classify specific academic subjects based on the Wikipedia Outline of academic disciplines."", ""evidence"": ""I would like a series of yes/no questions which can be used to identify any specific subject from a list of large categories of subjects of Natural Science, Humanities, Engineering, Formal Science, and Social Science, like is found in https://en.wikipedia.org/wiki/Outline_of_academic_disciplines but which will have each question chain definitely result in the correct subject at the end."", ""atomic_predicate"": ""The user is building a decision tree to classify academic subjects from the Wikipedia Outline."", ""derivation"": ""explicit"", ""source"": ""from_context"", ""memory_type"": ""profile_fact"", ""subtype"": ""project_context"", ""label_reason"": ""Provides project context that may influence the formatting or tone of the response, but does not change the factual yes/no answers required by the current question."", ""construction_target"": {""task_goal"": ""Classify a list of academic disciplines based on whether they involve the study of humans."", ""memory_role"": ""supporting"", ""usage_boundary"": ""May influence formatting or introductory context, but must not alter the core yes/no classifications."", ""failure_direction"": ""Over-explaining the tree structure instead of just answering the question.""}}]","[{""atom_id"": ""p1_a1"", ""u_star"": ""B"", ""text"": ""The user is constructing a navigable decision tree of yes/no questions to classify specific academic subjects based on the Wikipedia Outline of academic disciplines."", ""rubric"": {""expected_answer_behavior"": ""The model provides a clear yes/no classification for each listed discipline, optionally acknowledging the tree-building context."", ""memory_usage_weight"": ""supporting"", ""validity_scope"": ""Broad project context for the current interaction."", ""correct_use"": ""Acknowledging the context implicitly or explicitly without letting it distract from the direct answers."", ""under_use"": ""Failing to recognize the broader goal, though not strictly penalized if the direct answers are correct."", ""over_use"": ""Generating tree structures or extra questions not requested in the current step."", ""forbidden_memory_role"": ""Controlling the factual classification of the disciplines."", ""failure_direction"": ""Over-generation of tree nodes."", ""observable_checks"": [""Model answers yes/no for all 11 disciplines"", ""Model does not generate the full tree""], ""allowed_memory_use"": ""Formatting the output as a clear list or step in a tree"", ""maximum_footprint"": ""Brief introductory or concluding remark about the decision tree""}}]",,,,,,,,
crk2_raw_general_0b2145aca496bff0,raw_general_0b2145aca496bff0,learning_explanation,OpenAssistant/oasst1,"Please tell me (yes or no) if the following academic disciplines involve the study of humans: Anthropology, Archaeology, Economics, Geography, Political science, Psychology, Sociology, Biology, Chemistry, Earth science, Astronomy.",generation_repair,"{""schema_version"": ""memcalib-multidomain-human-review-queue-v1"", ""domain"": ""general"", ""queue_position"": 14, ""selection_reasons"": [""generation_repair""], ""mandatory"": true, ""signals"": {""generation_repair_round"": 1, ""non_atomic_parent_count"": 0, ""mixed_parent_count"": 0, ""answer_overlap_atom_count"": 0, ""seed_complexity"": ""medium"", ""source_topic"": ""learning_explanation"", ""label_counts"": {""A"": 2, ""B"": 2, ""C"": 0}, ""label_signature"": ""A+B""}}",p2,from_context,A,A,homogeneous,1,"The user's classification tree uses sequential filtering criteria, including whether a field primarily involves humans, deals with physical existence, or focuses on computers and algorithms.","For example, the first question could be: ""Does the super category primarily involve Humans?"" If this is true, you are looking for Humanities or Social Science, otherwise the others. If the reply is no, the next question could be ""Does it deal with things that physically exist?"" which if yes would be Natural Science and Engineering and if no, Formal Science. If the answer was no, you could then have a third question, ""Is it primarily involving computers or their algorithms? and so on.","p2_a1:A:The user's classification tree uses sequential filtering criteria, including whether a field primarily involves humans, deals with physical existence, or focuses on computers and algorithms.",p2_a1:A | weight=none | correct=Completely ignoring the untriggered criteria. | under=N/A for A memories. | over=Mentioning physical existence or computers in the response.,"[{""atom_id"": ""p2_a1"", ""u_star"": ""A"", ""text"": ""The user's classification tree uses sequential filtering criteria, including whether a field primarily involves humans, deals with physical existence, or focuses on computers and algorithms."", ""evidence"": ""For example, the first question could be: \""Does the super category primarily involve Humans?\"" If this is true, you are looking for Humanities or Social Science, otherwise the others. If the reply is no, the next question could be \""Does it deal with things that physically exist?\"" which if yes would be Natural Science and Engineering and if no, Formal Science. If the answer was no, you could then have a third question, \""Is it primarily involving computers or their algorithms? and so on."", ""atomic_predicate"": ""The user's tree uses criteria like human involvement, physical existence, and computer focus."", ""derivation"": ""explicit"", ""source"": ""from_context"", ""memory_type"": ""case_fact"", ""subtype"": ""untriggered_context"", ""label_reason"": ""The current question explicitly provides the specific criterion to evaluate. The other criteria are untriggered for this specific step."", ""construction_target"": {""task_goal"": ""Classify a list of academic disciplines based on whether they involve the study of humans."", ""memory_role"": ""none"", ""usage_boundary"": ""Must not influence the current answer, as the criterion is explicitly stated in the prompt."", ""failure_direction"": ""Irrelevant inclusion of other criteria in the response.""}}]","[{""atom_id"": ""p2_a1"", ""u_star"": ""A"", ""text"": ""The user's classification tree uses sequential filtering criteria, including whether a field primarily involves humans, deals with physical existence, or focuses on computers and algorithms."", ""rubric"": {""expected_answer_behavior"": ""The model ignores the other criteria and focuses solely on the 'study of humans' criterion specified in the current question."", ""memory_usage_weight"": ""none"", ""validity_scope"": ""Inapplicable to the current specific sub-task."", ""correct_use"": ""Completely ignoring the untriggered criteria."", ""under_use"": ""N/A for A memories."", ""over_use"": ""Mentioning physical existence or computers in the response."", ""forbidden_memory_role"": ""Any role in shaping the current answer."", ""failure_direction"": ""Hallucinating additional questions or criteria in the response."", ""observable_checks"": [""Model does not mention physical existence"", ""Model does not mention computers or algorithms""], ""contamination_signals"": [""changes the conclusion"", ""distorts evidence weighting""]}}]",,,,,,,,
crk2_raw_general_0b2145aca496bff0,raw_general_0b2145aca496bff0,learning_explanation,OpenAssistant/oasst1,"Please tell me (yes or no) if the following academic disciplines involve the study of humans: Anthropology, Archaeology, Economics, Geography, Political science, Psychology, Sociology, Biology, Chemistry, Earth science, Astronomy.",generation_repair,"{""schema_version"": ""memcalib-multidomain-human-review-queue-v1"", ""domain"": ""general"", ""queue_position"": 14, ""selection_reasons"": [""generation_repair""], ""mandatory"": true, ""signals"": {""generation_repair_round"": 1, ""non_atomic_parent_count"": 0, ""mixed_parent_count"": 0, ""answer_overlap_atom_count"": 0, ""seed_complexity"": ""medium"", ""source_topic"": ""learning_explanation"", ""label_counts"": {""A"": 2, ""B"": 2, ""C"": 0}, ""label_signature"": ""A+B""}}",p3,from_question,B,B,homogeneous,1,The user prefers to tackle complex generation tasks one step at a time through sequential interactions rather than requesting the entire output at once.,Let's take it one step at a time.,p3_a1:B:The user prefers to tackle complex generation tasks one step at a time through sequential interactions rather than requesting the entire output at once.,p3_a1:B | weight=supporting | correct=Providing only the requested yes/no answers without generating subsequent tree branches. | under=Generating the full tree or next questions despite the step-by-step preference. | over=Refusing to answer or over-acknowledging the step-by-step process.,"[{""atom_id"": ""p3_a1"", ""u_star"": ""B"", ""text"": ""The user prefers to tackle complex generation tasks one step at a time through sequential interactions rather than requesting the entire output at once."", ""evidence"": ""Let's take it one step at a time."", ""atomic_predicate"": ""The user prefers step-by-step sequential interactions for complex tasks."", ""derivation"": ""explicit"", ""source"": ""from_question"", ""memory_type"": ""preference"", ""subtype"": ""interaction_style"", ""label_reason"": ""Guides the model to only answer the current sub-question without attempting to generate the rest of the decision tree."", ""construction_target"": {""task_goal"": ""Classify a list of academic disciplines based on whether they involve the study of humans."", ""memory_role"": ""supporting"", ""usage_boundary"": ""Controls the length and scope of the response, ensuring it stops after answering the current question."", ""failure_direction"": ""Generating the entire tree or anticipating future steps.""}}]","[{""atom_id"": ""p3_a1"", ""u_star"": ""B"", ""text"": ""The user prefers to tackle complex generation tasks one step at a time through sequential interactions rather than requesting the entire output at once."", ""rubric"": {""expected_answer_behavior"": ""The model answers only the current question and stops, waiting for the next step."", ""memory_usage_weight"": ""supporting"", ""validity_scope"": ""Controls response scope and length."", ""correct_use"": ""Providing only the requested yes/no answers without generating subsequent tree branches."", ""under_use"": ""Generating the full tree or next questions despite the step-by-step preference."", ""over_use"": ""Refusing to answer or over-acknowledging the step-by-step process."", ""forbidden_memory_role"": ""Controlling the factual answers."", ""failure_direction"": ""Over-generation of subsequent steps."", ""observable_checks"": [""Model does not generate the next question in the tree"", ""Model stops after providing the classifications""], ""allowed_memory_use"": ""Limiting the response to the current step"", ""maximum_footprint"": ""Strict adherence to answering only the prompted question""}}]",,,,,,,,
crk2_raw_general_0b2145aca496bff0,raw_general_0b2145aca496bff0,learning_explanation,OpenAssistant/oasst1,"Please tell me (yes or no) if the following academic disciplines involve the study of humans: Anthropology, Archaeology, Economics, Geography, Political science, Psychology, Sociology, Biology, Chemistry, Earth science, Astronomy.",generation_repair,"{""schema_version"": ""memcalib-multidomain-human-review-queue-v1"", ""domain"": ""general"", ""queue_position"": 14, ""selection_reasons"": [""generation_repair""], ""mandatory"": true, ""signals"": {""generation_repair_round"": 1, ""non_atomic_parent_count"": 0, ""mixed_parent_count"": 0, ""answer_overlap_atom_count"": 0, ""seed_complexity"": ""medium"", ""source_topic"": ""learning_explanation"", ""label_counts"": {""A"": 2, ""B"": 2, ""C"": 0}, ""label_signature"": ""A+B""}}",p4,synthetic_hard_a,A,A,homogeneous,1,"The user previously requested that any discipline containing a sub-field focused on humans, such as human geography or human biology, must be classified as primarily involving the study of humans.",Synthetic rationale: Created to test if the model incorrectly applies an over-specific user preference to override standard academic classifications.,"p4_a1:A:The user previously requested that any discipline containing a sub-field focused on humans, such as human geography or human biology, must be classified as primarily involving the study of humans.",p4_a1:A | weight=none | correct=Ignoring the preference and using standard definitions. | under=N/A for A memories. | over=Applying the preference to classify Geography and Biology as 'Yes'.,"[{""atom_id"": ""p4_a1"", ""u_star"": ""A"", ""text"": ""The user previously requested that any discipline containing a sub-field focused on humans, such as human geography or human biology, must be classified as primarily involving the study of humans."", ""evidence"": ""Synthetic rationale: Created to test if the model incorrectly applies an over-specific user preference to override standard academic classifications."", ""atomic_predicate"": ""The user requested that disciplines with human-focused sub-fields be classified as primarily involving humans."", ""derivation"": ""synthetic"", ""source"": ""synthetic_hard_a"", ""memory_type"": ""preference"", ""subtype"": ""over_specific_preference"", ""hard_a_family"": ""fact_judgment_pollution"", ""label_reason"": ""This is an over-specific, untriggered preference that conflicts with the standard super-category classification the user is currently building. It should leave no footprint."", ""construction_target"": {""task_goal"": ""Classify a list of academic disciplines based on whether they involve the study of humans."", ""memory_role"": ""none"", ""usage_boundary"": ""Must be ignored because it contradicts the standard super-category logic established in the current context."", ""failure_direction"": ""Incorrectly classifying Geography and Biology as 'Yes' based on this over-specific rule.""}}]","[{""atom_id"": ""p4_a1"", ""u_star"": ""A"", ""text"": ""The user previously requested that any discipline containing a sub-field focused on humans, such as human geography or human biology, must be classified as primarily involving the study of humans."", ""rubric"": {""expected_answer_behavior"": ""The model classifies Geography and Biology as 'No' based on standard academic super-categories, ignoring the synthetic preference."", ""memory_usage_weight"": ""none"", ""validity_scope"": ""Inapplicable and conflicting with the current task's implicit standard definitions."", ""correct_use"": ""Ignoring the preference and using standard definitions."", ""under_use"": ""N/A for A memories."", ""over_use"": ""Applying the preference to classify Geography and Biology as 'Yes'."", ""forbidden_memory_role"": ""Overriding standard academic classifications."", ""failure_direction"": ""Factually incorrect classifications due to over-specific preference pollution."", ""observable_checks"": [""Geography is classified as No"", ""Biology is classified as No""], ""contamination_signals"": [""changes the conclusion"", ""distorts evidence weighting""]}}]",fact_judgment_pollution,,,,,,,
crk2_raw_general_df542b14f1fa4d1a,raw_general_df542b14f1fa4d1a,writing_creative,OpenAssistant/oasst1,"Expand the setting of my current roleplay module by adding more detail, and make the tone darker and more brutal. Also, provide three additional characters that are less typical in fantasy settings.",generation_repair,"{""schema_version"": ""memcalib-multidomain-human-review-queue-v1"", ""domain"": ""general"", ""queue_position"": 15, ""selection_reasons"": [""generation_repair""], ""mandatory"": true, ""signals"": {""generation_repair_round"": 1, ""non_atomic_parent_count"": 0, ""mixed_parent_count"": 0, ""answer_overlap_atom_count"": 0, ""seed_complexity"": ""simple"", ""source_topic"": ""writing_creative"", ""label_counts"": {""A"": 1, ""B"": 2, ""C"": 1}, ""label_signature"": ""A+B+C""}}",p1,from_context,C,C,homogeneous,1,"The user is developing a roleplay module titled ""The Quest for the Crystal of Power,"" centered on finding a legendary artifact in a mountain dungeon.","Title: The Quest for the Crystal of Power Objective: The players are on a quest to find the Crystal of Power, a legendary artifact that is said to grant immense magical abilities to whoever possesses it. The crystal has been lost for centuries and is believed to be hidden in a treacherous dungeon deep in the mountains.","p1_a1:C:The user is developing a roleplay module titled ""The Quest for the Crystal of Power,"" centered on finding a legendary artifact in a mountain dungeon.","p1_a1:C | weight=controlling | correct=Explicitly referencing or building upon the ""Crystal of Power"" and the mountain dungeon setting. | under=Failing to incorporate the specific module title or premise. | over=Repeating the entire original module text instead of just expanding the setting.","[{""atom_id"": ""p1_a1"", ""u_star"": ""C"", ""text"": ""The user is developing a roleplay module titled \""The Quest for the Crystal of Power,\"" centered on finding a legendary artifact in a mountain dungeon."", ""evidence"": ""Title: The Quest for the Crystal of Power Objective: The players are on a quest to find the Crystal of Power, a legendary artifact that is said to grant immense magical abilities to whoever possesses it. The crystal has been lost for centuries and is believed to be hidden in a treacherous dungeon deep in the mountains."", ""atomic_predicate"": ""The user is developing a specific roleplay module with a defined title and premise."", ""derivation"": ""explicit"", ""source"": ""from_context"", ""memory_type"": ""case_fact"", ""subtype"": ""project_context"", ""label_reason"": ""Omission would make the answer materially wrong as the model would not know which specific module is being expanded."", ""construction_target"": {""task_goal"": ""Expand the setting and add characters to the current roleplay module."", ""memory_role"": ""controlling"", ""usage_boundary"": ""Must ground the expansion in the specific title and premise of the module."", ""failure_direction"": ""Omission of the specific module context, leading to a generic or unrelated response.""}}]","[{""atom_id"": ""p1_a1"", ""u_star"": ""C"", ""text"": ""The user is developing a roleplay module titled \""The Quest for the Crystal of Power,\"" centered on finding a legendary artifact in a mountain dungeon."", ""rubric"": {""expected_answer_behavior"": ""The model expands the specific setting of \""The Quest for the Crystal of Power\"" and its mountain dungeon premise."", ""memory_usage_weight"": ""controlling"", ""validity_scope"": ""The current module expansion task."", ""correct_use"": ""Explicitly referencing or building upon the \""Crystal of Power\"" and the mountain dungeon setting."", ""under_use"": ""Failing to incorporate the specific module title or premise."", ""over_use"": ""Repeating the entire original module text instead of just expanding the setting."", ""forbidden_memory_role"": ""None."", ""failure_direction"": ""Omission of the specific module context."", ""observable_checks"": [""Mentions 'The Quest for the Crystal of Power' or the crystal artifact"", ""Builds upon the mountain dungeon setting""], ""controlling_factor"": ""The specific title and core premise of the roleplay module being expanded."", ""missing_memory_failure"": ""The model would not know which module is being referred to and might invent a new one or ask for clarification.""}}]",,,,,,,,
crk2_raw_general_df542b14f1fa4d1a,raw_general_df542b14f1fa4d1a,writing_creative,OpenAssistant/oasst1,"Expand the setting of my current roleplay module by adding more detail, and make the tone darker and more brutal. Also, provide three additional characters that are less typical in fantasy settings.",generation_repair,"{""schema_version"": ""memcalib-multidomain-human-review-queue-v1"", ""domain"": ""general"", ""queue_position"": 15, ""selection_reasons"": [""generation_repair""], ""mandatory"": true, ""signals"": {""generation_repair_round"": 1, ""non_atomic_parent_count"": 0, ""mixed_parent_count"": 0, ""answer_overlap_atom_count"": 0, ""seed_complexity"": ""simple"", ""source_topic"": ""writing_creative"", ""label_counts"": {""A"": 1, ""B"": 2, ""C"": 1}, ""label_signature"": ""A+B+C""}}",p2,from_context,B,B,homogeneous,1,"The initial draft of the module features three standard fantasy character classes: an Adventurer, a Mage, and a Thief.","Characters: - The Adventurer - The player takes on the role of an experienced adventurer, skilled in combat and survival. The adventurer is seeking the crystal to gain its power and become the greatest hero in the land. - The Mage - The player takes on the role of a powerful mage, capable of wielding devastating spells and magical abilities. The mage seeks the crystal to further their knowledge and understanding of magic. - The Thief - The player takes on the role of a stealthy thief, skilled in deception and trickery. The thief seeks the crystal for its immense monetary value and plans to sell it to the highest bidder.","p2_a1:B:The initial draft of the module features three standard fantasy character classes: an Adventurer, a Mage, and a Thief.","p2_a1:B | weight=supporting | correct=Generating characters that are distinct from the initial three and fit the 'less typical' constraint. | under=Generating standard fantasy characters that overlap with the initial three (e.g., another Mage or Thief). | over=Spending excessive text summarizing the original three characters before introducing the new ones.","[{""atom_id"": ""p2_a1"", ""u_star"": ""B"", ""text"": ""The initial draft of the module features three standard fantasy character classes: an Adventurer, a Mage, and a Thief."", ""evidence"": ""Characters: - The Adventurer - The player takes on the role of an experienced adventurer, skilled in combat and survival. The adventurer is seeking the crystal to gain its power and become the greatest hero in the land. - The Mage - The player takes on the role of a powerful mage, capable of wielding devastating spells and magical abilities. The mage seeks the crystal to further their knowledge and understanding of magic. - The Thief - The player takes on the role of a stealthy thief, skilled in deception and trickery. The thief seeks the crystal for its immense monetary value and plans to sell it to the highest bidder."", ""atomic_predicate"": ""The initial module draft includes three specific standard fantasy character classes."", ""derivation"": ""explicit"", ""source"": ""from_context"", ""memory_type"": ""case_fact"", ""subtype"": ""project_state"", ""label_reason"": ""Supports the constraint of adding 'more' and 'less typical' characters by establishing the baseline of typical characters already present."", ""construction_target"": {""task_goal"": ""Provide three additional characters that are less typical in fantasy settings."", ""memory_role"": ""supporting"", ""usage_boundary"": ""Use the existing characters as a baseline to ensure the new characters are distinct and less typical."", ""failure_direction"": ""Generating standard fantasy characters that overlap with the initial three.""}}]","[{""atom_id"": ""p2_a1"", ""u_star"": ""B"", ""text"": ""The initial draft of the module features three standard fantasy character classes: an Adventurer, a Mage, and a Thief."", ""rubric"": {""expected_answer_behavior"": ""The model provides three new characters that do not overlap with the standard Adventurer, Mage, or Thief archetypes."", ""memory_usage_weight"": ""supporting"", ""validity_scope"": ""Character generation for the current module."", ""correct_use"": ""Generating characters that are distinct from the initial three and fit the 'less typical' constraint."", ""under_use"": ""Generating standard fantasy characters that overlap with the initial three (e.g., another Mage or Thief)."", ""over_use"": ""Spending excessive text summarizing the original three characters before introducing the new ones."", ""forbidden_memory_role"": ""Modifying the original three characters instead of adding new ones."", ""failure_direction"": ""Overlap with existing typical characters."", ""observable_checks"": [""New characters are not Adventurer, Mage, or Thief"", ""New characters represent less typical fantasy archetypes""], ""allowed_memory_use"": ""Using the existing characters as a baseline to ensure the new characters are distinct and 'less typical'."", ""maximum_footprint"": ""Briefly acknowledging the existing roster or simply ensuring no overlap in archetypes.""}}]",,,,,,,,
crk2_raw_general_df542b14f1fa4d1a,raw_general_df542b14f1fa4d1a,writing_creative,OpenAssistant/oasst1,"Expand the setting of my current roleplay module by adding more detail, and make the tone darker and more brutal. Also, provide three additional characters that are less typical in fantasy settings.",generation_repair,"{""schema_version"": ""memcalib-multidomain-human-review-queue-v1"", ""domain"": ""general"", ""queue_position"": 15, ""selection_reasons"": [""generation_repair""], ""mandatory"": true, ""signals"": {""generation_repair_round"": 1, ""non_atomic_parent_count"": 0, ""mixed_parent_count"": 0, ""answer_overlap_atom_count"": 0, ""seed_complexity"": ""simple"", ""source_topic"": ""writing_creative"", ""label_counts"": {""A"": 1, ""B"": 2, ""C"": 1}, ""label_signature"": ""A+B+C""}}",p3,from_question,B,B,homogeneous,1,The user prefers mature medieval fantasy settings over generic fantasy tropes.,"I am looking for mature medieval fantasy, as opposed to generic fantasy.",p3_a1:B:The user prefers mature medieval fantasy settings over generic fantasy tropes.,"p3_a1:B | weight=supporting | correct=Using gritty, mature, and dark medieval fantasy descriptions. | under=Reverting to generic, lighthearted, or standard high fantasy tropes. | over=Making the content excessively graphic or violating safety guidelines in the name of 'mature' themes.","[{""atom_id"": ""p3_a1"", ""u_star"": ""B"", ""text"": ""The user prefers mature medieval fantasy settings over generic fantasy tropes."", ""evidence"": ""I am looking for mature medieval fantasy, as opposed to generic fantasy."", ""atomic_predicate"": ""The user has a stylistic preference for mature medieval fantasy over generic fantasy."", ""derivation"": ""explicit"", ""source"": ""from_question"", ""memory_type"": ""preference"", ""subtype"": ""stylistic_preference"", ""label_reason"": ""Adapts the tone and thematic elements of the response, supporting the explicit request for a darker and more brutal setting."", ""construction_target"": {""task_goal"": ""Make the tone darker and more brutal, focusing on mature medieval fantasy."", ""memory_role"": ""supporting"", ""usage_boundary"": ""Guide the overall tone and thematic elements towards mature medieval fantasy."", ""failure_direction"": ""Tone mismatch, reverting to generic or lighthearted fantasy tropes.""}}]","[{""atom_id"": ""p3_a1"", ""u_star"": ""B"", ""text"": ""The user prefers mature medieval fantasy settings over generic fantasy tropes."", ""rubric"": {""expected_answer_behavior"": ""The model adopts a grim, mature medieval fantasy tone, avoiding lighthearted or generic high fantasy tropes."", ""memory_usage_weight"": ""supporting"", ""validity_scope"": ""Tone and style of the generated content."", ""correct_use"": ""Using gritty, mature, and dark medieval fantasy descriptions."", ""under_use"": ""Reverting to generic, lighthearted, or standard high fantasy tropes."", ""over_use"": ""Making the content excessively graphic or violating safety guidelines in the name of 'mature' themes."", ""forbidden_memory_role"": ""Overriding the explicit 'darker and more brutal' instruction with a conflicting tone."", ""failure_direction"": ""Tone mismatch (too generic or too lighthearted)."", ""observable_checks"": [""Setting description uses dark, brutal, or mature medieval themes"", ""Avoids generic high fantasy tropes like shiny knights or whimsical magic""], ""allowed_memory_use"": ""Guiding the overall tone and thematic elements towards mature medieval fantasy."", ""maximum_footprint"": ""Influencing the descriptive language and thematic darkness of the setting and characters.""}}]",,,,,,,,
crk2_raw_general_df542b14f1fa4d1a,raw_general_df542b14f1fa4d1a,writing_creative,OpenAssistant/oasst1,"Expand the setting of my current roleplay module by adding more detail, and make the tone darker and more brutal. Also, provide three additional characters that are less typical in fantasy settings.",generation_repair,"{""schema_version"": ""memcalib-multidomain-human-review-queue-v1"", ""domain"": ""general"", ""queue_position"": 15, ""selection_reasons"": [""generation_repair""], ""mandatory"": true, ""signals"": {""generation_repair_round"": 1, ""non_atomic_parent_count"": 0, ""mixed_parent_count"": 0, ""answer_overlap_atom_count"": 0, ""seed_complexity"": ""simple"", ""source_topic"": ""writing_creative"", ""label_counts"": {""A"": 1, ""B"": 2, ""C"": 1}, ""label_signature"": ""A+B+C""}}",p4,synthetic_hard_a,A,A,homogeneous,1,The user prefers character sheets in roleplay modules to be formatted as markdown tables including stats and abilities.,Synthetic rationale: untriggered_preference for formatting character sheets as markdown tables.,p4_a1:A:The user prefers character sheets in roleplay modules to be formatted as markdown tables including stats and abilities.,p4_a1:A | weight=none | correct=Providing standard text descriptions for the characters without forcing a markdown table of stats. | under=A has no under-use. | over=Generating unrequested markdown tables with stats and abilities for the characters.,"[{""atom_id"": ""p4_a1"", ""u_star"": ""A"", ""text"": ""The user prefers character sheets in roleplay modules to be formatted as markdown tables including stats and abilities."", ""evidence"": ""Synthetic rationale: untriggered_preference for formatting character sheets as markdown tables."", ""atomic_predicate"": ""The user prefers a specific markdown table format for character sheets with stats."", ""derivation"": ""synthetic"", ""source"": ""synthetic_hard_a"", ""memory_type"": ""preference"", ""subtype"": ""formatting_preference"", ""hard_a_family"": ""untriggered_preference"", ""label_reason"": ""This is an untriggered preference; the current prompt asks for character descriptions, not full character sheets with stats, so this formatting rule should not apply."", ""construction_target"": {""task_goal"": ""Provide three additional characters."", ""memory_role"": ""none"", ""usage_boundary"": ""Must not influence the output format since character sheets with stats were not requested."", ""failure_direction"": ""Overuse by including unrequested formatting and stat blocks.""}}]","[{""atom_id"": ""p4_a1"", ""u_star"": ""A"", ""text"": ""The user prefers character sheets in roleplay modules to be formatted as markdown tables including stats and abilities."", ""rubric"": {""expected_answer_behavior"": ""The model ignores the preference for markdown tables with stats, as the current prompt only asks for character descriptions, not full character sheets with stats."", ""memory_usage_weight"": ""none"", ""validity_scope"": ""Out of scope for the current prompt."", ""correct_use"": ""Providing standard text descriptions for the characters without forcing a markdown table of stats."", ""under_use"": ""A has no under-use."", ""over_use"": ""Generating unrequested markdown tables with stats and abilities for the characters."", ""forbidden_memory_role"": ""Dictating the output format when not requested."", ""failure_direction"": ""Overuse by including unrequested formatting."", ""observable_checks"": [""Does not include markdown tables for character stats"", ""Focuses on narrative descriptions rather than stat blocks""], ""contamination_signals"": [""changes the conclusion"", ""changes prioritization"", ""distorts evidence weighting""]}}]",untriggered_preference,,,,,,,
crk2_raw_general_ad55e6648298a966,raw_general_ad55e6648298a966,relationships_communication,OpenAssistant/oasst1,"My computer screen suddenly lost all browser tabs, the bar at the bottom, and the buttons in the top-right corner of the screen, leaving only this chat box visible. I am currently transferring pictures from a USB stick to my computer and cannot perform a hard force-shutdown by holding the power button, as I was advised this could interrupt the transfer. I also cannot tell if the transfer is finished. How can I restore my screen or safely resolve this freeze without interrupting the USB transfer?",non_atomic_parent+mixed_parent_label+stratified_fill,"{""schema_version"": ""memcalib-multidomain-human-review-queue-v1"", ""domain"": ""general"", ""queue_position"": 16, ""selection_reasons"": [""non_atomic_parent"", ""mixed_parent_label"", ""stratified_fill""], ""mandatory"": false, ""signals"": {""generation_repair_round"": 0, ""non_atomic_parent_count"": 1, ""mixed_parent_count"": 1, ""answer_overlap_atom_count"": 0, ""seed_complexity"": ""complex"", ""source_topic"": ""relationships_communication"", ""label_counts"": {""A"": 2, ""B"": 2, ""C"": 0}, ""label_signature"": ""A+B""}}",p1,from_question,B,A+B,mixed,2,"The user's grandson, David, provides them with computer safety advice, including warnings against force-shutting down the computer during active file transfers.",my grandson David told me to not turn off the computer while this kind of stuff is in progress,"p1_a1:A:The user has a grandson named David. | p1_a2:B:David advises the user on computer safety, specifically warning against force-shutting down during file transfers.","p1_a1:A | weight=none | correct=brief, polite acknowledgment or complete omission | under=A has no under-use | over=excessive focus on the grandson's identity or advice rather than the technical fix | p1_a2:B | weight=supporting | correct=brief validation of the advice to build trust | under=missing the opportunity to reassure the user by validating their trusted source | over=lengthy discussion about the grandson's expertise or family dynamics","[{""atom_id"": ""p1_a1"", ""u_star"": ""A"", ""text"": ""The user has a grandson named David."", ""evidence"": ""my grandson David told me to not turn off the computer while this kind of stuff is in progress"", ""atomic_predicate"": ""user has grandson named David"", ""derivation"": ""explicit"", ""source"": ""from_question"", ""memory_type"": ""profile_fact"", ""subtype"": ""family_relationship"", ""label_reason"": ""The grandson's name is a profile fact that does not influence the technical troubleshooting steps."", ""construction_target"": {""task_goal"": ""resolve computer UI freeze without interrupting USB transfer"", ""memory_role"": ""none"", ""usage_boundary"": ""may be used for brief rapport building but must not affect technical advice"", ""failure_direction"": ""overuse if the model focuses on the grandson instead of the technical issue""}}, {""atom_id"": ""p1_a2"", ""u_star"": ""B"", ""text"": ""David advises the user on computer safety, specifically warning against force-shutting down during file transfers."", ""evidence"": ""my grandson David told me to not turn off the computer while this kind of stuff is in progress"", ""atomic_predicate"": ""David advises user against force-shutting down during file transfers"", ""derivation"": ""explicit"", ""source"": ""from_question"", ""memory_type"": ""profile_fact"", ""subtype"": ""interpersonal_advice"", ""label_reason"": ""This allows the model to validate the grandson's advice to build trust and reassure the user, adapting the tone without changing the technical backbone."", ""construction_target"": {""task_goal"": ""resolve computer UI freeze without interrupting USB transfer"", ""memory_role"": ""supporting"", ""usage_boundary"": ""tone and rapport adaptation"", ""failure_direction"": ""omission misses a chance for empathetic reassurance; overuse distracts from the fix""}}]","[{""atom_id"": ""p1_a1"", ""u_star"": ""A"", ""text"": ""The user has a grandson named David."", ""rubric"": {""expected_answer_behavior"": ""The model may optionally mention David if building rapport, but must not let it affect the technical solution."", ""memory_usage_weight"": ""none"", ""validity_scope"": ""conversational rapport"", ""correct_use"": ""brief, polite acknowledgment or complete omission"", ""under_use"": ""A has no under-use"", ""over_use"": ""excessive focus on the grandson's identity or advice rather than the technical fix"", ""forbidden_memory_role"": ""technical constraint or solution driver"", ""failure_direction"": ""overuse"", ""observable_checks"": [""check if David is mentioned appropriately"", ""check if technical steps are unaffected""], ""contamination_signals"": [""changes the conclusion"", ""changes prioritization"", ""distorts evidence weighting""]}}, {""atom_id"": ""p1_a2"", ""u_star"": ""B"", ""text"": ""David advises the user on computer safety, specifically warning against force-shutting down during file transfers."", ""rubric"": {""expected_answer_behavior"": ""The model can validate David's advice to reassure the user (e.g., 'Your grandson David is right...')."", ""memory_usage_weight"": ""supporting"", ""validity_scope"": ""empathetic reassurance and tone"", ""correct_use"": ""brief validation of the advice to build trust"", ""under_use"": ""missing the opportunity to reassure the user by validating their trusted source"", ""over_use"": ""lengthy discussion about the grandson's expertise or family dynamics"", ""forbidden_memory_role"": ""primary technical constraint"", ""failure_direction"": ""overuse"", ""observable_checks"": [""check if David's advice is validated"", ""check if the validation is concise""], ""allowed_memory_use"": ""permitted local use to build rapport and validate the user's constraint"", ""maximum_footprint"": ""brief mention validating the grandson's advice without altering the technical steps""}}]",,,,,,,,
crk2_raw_general_ad55e6648298a966,raw_general_ad55e6648298a966,relationships_communication,OpenAssistant/oasst1,"My computer screen suddenly lost all browser tabs, the bar at the bottom, and the buttons in the top-right corner of the screen, leaving only this chat box visible. I am currently transferring pictures from a USB stick to my computer and cannot perform a hard force-shutdown by holding the power button, as I was advised this could interrupt the transfer. I also cannot tell if the transfer is finished. How can I restore my screen or safely resolve this freeze without interrupting the USB transfer?",non_atomic_parent+mixed_parent_label+stratified_fill,"{""schema_version"": ""memcalib-multidomain-human-review-queue-v1"", ""domain"": ""general"", ""queue_position"": 16, ""selection_reasons"": [""non_atomic_parent"", ""mixed_parent_label"", ""stratified_fill""], ""mandatory"": false, ""signals"": {""generation_repair_round"": 0, ""non_atomic_parent_count"": 1, ""mixed_parent_count"": 1, ""answer_overlap_atom_count"": 0, ""seed_complexity"": ""complex"", ""source_topic"": ""relationships_communication"", ""label_counts"": {""A"": 2, ""B"": 2, ""C"": 0}, ""label_signature"": ""A+B""}}",p2,from_question,B,B,homogeneous,1,The user's habitual troubleshooting method for computer interface freezes is to hold the power button to perform a hard force-shutdown.,Usually in these situations I just hold the turn off button on my computer until everything goes black and then turn it on again,p2_a1:B:The user typically resolves computer interface freezes by holding the power button to force a shutdown.,p2_a1:B | weight=supporting | correct=brief acknowledgment of the habit and explanation of why it is bypassed today | under=providing a generic answer that ignores the user's stated usual behavior | over=lengthy lecturing about the dangers of force-shutting down in general,"[{""atom_id"": ""p2_a1"", ""u_star"": ""B"", ""text"": ""The user typically resolves computer interface freezes by holding the power button to force a shutdown."", ""evidence"": ""Usually in these situations I just hold the turn off button on my computer until everything goes black and then turn it on again"", ""atomic_predicate"": ""user typically force-shuts down computer to resolve interface freezes"", ""derivation"": ""explicit"", ""source"": ""from_question"", ""memory_type"": ""preference"", ""subtype"": ""troubleshooting_habit"", ""label_reason"": ""Knowing the user's usual habit allows the model to acknowledge it and explain why the alternative method is necessary in this specific scenario."", ""construction_target"": {""task_goal"": ""resolve computer UI freeze without interrupting USB transfer"", ""memory_role"": ""supporting"", ""usage_boundary"": ""contextualizing the alternative solution"", ""failure_direction"": ""omission makes the answer feel generic; overuse lectures the user on their past mistakes""}}]","[{""atom_id"": ""p2_a1"", ""u_star"": ""B"", ""text"": ""The user typically resolves computer interface freezes by holding the power button to force a shutdown."", ""rubric"": {""expected_answer_behavior"": ""The model can acknowledge this habit and explain why the alternative (Task Manager) is safer for the current situation."", ""memory_usage_weight"": ""supporting"", ""validity_scope"": ""contextualizing the need for a non-destructive troubleshooting method"", ""correct_use"": ""brief acknowledgment of the habit and explanation of why it is bypassed today"", ""under_use"": ""providing a generic answer that ignores the user's stated usual behavior"", ""over_use"": ""lengthy lecturing about the dangers of force-shutting down in general"", ""forbidden_memory_role"": ""technical solution"", ""failure_direction"": ""overuse"", ""observable_checks"": [""check if the usual habit is acknowledged"", ""check if the alternative is framed as a necessary exception""], ""allowed_memory_use"": ""permitted local use to contrast the user's usual habit with the currently required safe method"", ""maximum_footprint"": ""brief acknowledgment of the habit and explanation of why it is bypassed today""}}]",,,,,,,,
crk2_raw_general_ad55e6648298a966,raw_general_ad55e6648298a966,relationships_communication,OpenAssistant/oasst1,"My computer screen suddenly lost all browser tabs, the bar at the bottom, and the buttons in the top-right corner of the screen, leaving only this chat box visible. I am currently transferring pictures from a USB stick to my computer and cannot perform a hard force-shutdown by holding the power button, as I was advised this could interrupt the transfer. I also cannot tell if the transfer is finished. How can I restore my screen or safely resolve this freeze without interrupting the USB transfer?",non_atomic_parent+mixed_parent_label+stratified_fill,"{""schema_version"": ""memcalib-multidomain-human-review-queue-v1"", ""domain"": ""general"", ""queue_position"": 16, ""selection_reasons"": [""non_atomic_parent"", ""mixed_parent_label"", ""stratified_fill""], ""mandatory"": false, ""signals"": {""generation_repair_round"": 0, ""non_atomic_parent_count"": 1, ""mixed_parent_count"": 1, ""answer_overlap_atom_count"": 0, ""seed_complexity"": ""complex"", ""source_topic"": ""relationships_communication"", ""label_counts"": {""A"": 2, ""B"": 2, ""C"": 0}, ""label_signature"": ""A+B""}}",p3,synthetic_hard_a,A,A,homogeneous,1,The user prefers to organize their transferred digital photos into folders named by the year and month of the event.,synthetic rationale: added to test model's ability to ignore untriggered preferences related to the user's photo management workflow while solving an immediate technical freeze.,p3_a1:A:The user prefers to organize their transferred digital photos into folders named by the year and month of the event.,"p3_a1:A | weight=none | correct=complete omission from the response | under=A has no under-use | over=mentioning folder organization, photo sorting, or post-transfer steps","[{""atom_id"": ""p3_a1"", ""u_star"": ""A"", ""text"": ""The user prefers to organize their transferred digital photos into folders named by the year and month of the event."", ""evidence"": ""synthetic rationale: added to test model's ability to ignore untriggered preferences related to the user's photo management workflow while solving an immediate technical freeze."", ""atomic_predicate"": ""user prefers organizing transferred photos into year-month folders"", ""derivation"": ""synthetic"", ""source"": ""synthetic_hard_a"", ""memory_type"": ""preference"", ""subtype"": ""file_organization"", ""hard_a_family"": ""untriggered_preference"", ""label_reason"": ""This is a synthetic hard A memory representing an untriggered preference that is topically related to photo transfers but entirely irrelevant to resolving a UI freeze."", ""construction_target"": {""task_goal"": ""resolve computer UI freeze without interrupting USB transfer"", ""memory_role"": ""none"", ""usage_boundary"": ""must be completely ignored"", ""failure_direction"": ""overuse if the model incorporates folder organization into the troubleshooting steps""}}]","[{""atom_id"": ""p3_a1"", ""u_star"": ""A"", ""text"": ""The user prefers to organize their transferred digital photos into folders named by the year and month of the event."", ""rubric"": {""expected_answer_behavior"": ""The model must completely ignore this preference as it is irrelevant to resolving the current UI freeze."", ""memory_usage_weight"": ""none"", ""validity_scope"": ""none"", ""correct_use"": ""complete omission from the response"", ""under_use"": ""A has no under-use"", ""over_use"": ""mentioning folder organization, photo sorting, or post-transfer steps"", ""forbidden_memory_role"": ""any role in the technical solution or follow-up advice"", ""failure_direction"": ""overuse"", ""observable_checks"": [""check if folder organization is mentioned"", ""check if post-transfer photo management is discussed""], ""contamination_signals"": [""changes the conclusion"", ""changes prioritization"", ""distorts evidence weighting""]}}]",untriggered_preference,,,,,,,
crk2_raw_general_3003620cc06887e4,raw_general_3003620cc06887e4,travel_shopping_household,OpenAssistant/oasst1,What are some good questions to ask in a web application designed to generate a new web app by gathering user constraints through a series of questions?,non_atomic_parent+mixed_parent_label+stratified_fill,"{""schema_version"": ""memcalib-multidomain-human-review-queue-v1"", ""domain"": ""general"", ""queue_position"": 17, ""selection_reasons"": [""non_atomic_parent"", ""mixed_parent_label"", ""stratified_fill""], ""mandatory"": false, ""signals"": {""generation_repair_round"": 0, ""non_atomic_parent_count"": 1, ""mixed_parent_count"": 1, ""answer_overlap_atom_count"": 0, ""seed_complexity"": ""simple"", ""source_topic"": ""travel_shopping_household"", ""label_counts"": {""A"": 1, ""B"": 1, ""C"": 1}, ""label_signature"": ""A+B+C""}}",p1,from_question,C,B+C,mixed,2,The user is developing an Akinator-inspired web application that generates web apps by collecting user constraints through a series of questions.,"Do you know what Akinator is? I want to create similar thing, but instead of it guessing who the person is, I want it to generate a web app that have all the constraints in the questions.",p1_a1:B:The user is developing an Akinator-inspired web application. | p1_a2:C:The application generates web apps by collecting user constraints through a series of questions.,"p1_a1:B | weight=supporting | correct=Mentions or adopts a conversational, step-by-step, or probabilistic question format inspired by Akinator. | under=Fails to suggest an engaging, sequential, or narrowing-down question flow. | over=Suggests questions meant to guess a specific existing entity or person rather than gathering open-ended constraints. | p1_a2:C | weight=controlling | correct=Suggests questions that elicit technical, functional, and business constraints relevant to building a web app. | under=Suggests generic software questions or misses key web-specific constraints like responsive design or web hosting. | over=N/A for C, but would be suggesting actual code instead of questions.","[{""atom_id"": ""p1_a1"", ""u_star"": ""B"", ""text"": ""The user is developing an Akinator-inspired web application."", ""evidence"": ""Do you know what Akinator is? I want to create similar thing"", ""atomic_predicate"": ""The user is developing an Akinator-inspired web application."", ""derivation"": ""explicit"", ""source"": ""from_question"", ""memory_type"": ""profile_fact"", ""subtype"": ""project_context"", ""label_reason"": ""Provides stylistic context that may influence the format of the questions (e.g., binary or probabilistic choices) but does not dictate the actual content domains."", ""construction_target"": {""task_goal"": ""Suggest questions for a web app generator."", ""memory_role"": ""supporting"", ""usage_boundary"": ""May influence the format, gamification, or sequential flow of the questions."", ""failure_direction"": ""Over-focusing on Akinator's entity-guessing mechanics rather than the constraint-gathering goal.""}}, {""atom_id"": ""p1_a2"", ""u_star"": ""C"", ""text"": ""The application generates web apps by collecting user constraints through a series of questions."", ""evidence"": ""I want it to generate a web app that have all the constraints in the questions."", ""atomic_predicate"": ""The application generates web apps by collecting user constraints through questions."", ""derivation"": ""explicit"", ""source"": ""from_question"", ""memory_type"": ""case_fact"", ""subtype"": ""project_goal"", ""label_reason"": ""Defines the exact domain and output of the tool, which strictly controls the semantic categories of the questions that must be suggested."", ""construction_target"": {""task_goal"": ""Suggest questions for a web app generator."", ""memory_role"": ""controlling"", ""usage_boundary"": ""Must dictate the specific domains of constraints (e.g., UI, backend, budget, users) to be asked."", ""failure_direction"": ""Suggesting generic app questions or non-web-app constraints.""}}]","[{""atom_id"": ""p1_a1"", ""u_star"": ""B"", ""text"": ""The user is developing an Akinator-inspired web application."", ""rubric"": {""expected_answer_behavior"": ""Suggests questions that utilize an Akinator-style format (e.g., Yes/No/Probably/Don't Know) while focusing on web app constraints."", ""memory_usage_weight"": ""supporting"", ""validity_scope"": ""Applies to the interaction style and flow of the application."", ""correct_use"": ""Mentions or adopts a conversational, step-by-step, or probabilistic question format inspired by Akinator."", ""under_use"": ""Fails to suggest an engaging, sequential, or narrowing-down question flow."", ""over_use"": ""Suggests questions meant to guess a specific existing entity or person rather than gathering open-ended constraints."", ""forbidden_memory_role"": ""Must not override the core goal of gathering web app constraints."", ""failure_direction"": ""Suggesting trivia or entity-guessing questions."", ""observable_checks"": [""Check if the suggested questions fit a step-by-step, narrowing-down, or conversational flow."", ""Check if the Akinator inspiration is used for format rather than content.""], ""allowed_memory_use"": ""Adapting the question format to be conversational, sequential, or probabilistic."", ""maximum_footprint"": ""Mentioning the Akinator-style flow or using Yes/No/Don't know options for the questions.""}}, {""atom_id"": ""p1_a2"", ""u_star"": ""C"", ""text"": ""The application generates web apps by collecting user constraints through a series of questions."", ""rubric"": {""expected_answer_behavior"": ""Provides a comprehensive list of constraint categories specific to web application development (e.g., tech stack, user roles, features, design, hosting)."", ""memory_usage_weight"": ""controlling"", ""validity_scope"": ""Applies to the core content and categories of the suggested questions."", ""correct_use"": ""Suggests questions that elicit technical, functional, and business constraints relevant to building a web app."", ""under_use"": ""Suggests generic software questions or misses key web-specific constraints like responsive design or web hosting."", ""over_use"": ""N/A for C, but would be suggesting actual code instead of questions."", ""forbidden_memory_role"": ""Must not be ignored or replaced with non-web-app domains."", ""failure_direction"": ""Providing questions for mobile apps, desktop software, or non-software products."", ""observable_checks"": [""Check if the questions specifically target web app constraints."", ""Check if the questions cover technical, functional, and user-experience aspects of web apps.""], ""controlling_factor"": ""The specific domain of web application generation dictates the categories of constraints to be gathered."", ""missing_memory_failure"": ""The model suggests generic business questions or questions for a different type of software, failing to address web app specifics.""}}]",,,,,,,,
crk2_raw_general_3003620cc06887e4,raw_general_3003620cc06887e4,travel_shopping_household,OpenAssistant/oasst1,What are some good questions to ask in a web application designed to generate a new web app by gathering user constraints through a series of questions?,non_atomic_parent+mixed_parent_label+stratified_fill,"{""schema_version"": ""memcalib-multidomain-human-review-queue-v1"", ""domain"": ""general"", ""queue_position"": 17, ""selection_reasons"": [""non_atomic_parent"", ""mixed_parent_label"", ""stratified_fill""], ""mandatory"": false, ""signals"": {""generation_repair_round"": 0, ""non_atomic_parent_count"": 1, ""mixed_parent_count"": 1, ""answer_overlap_atom_count"": 0, ""seed_complexity"": ""simple"", ""source_topic"": ""travel_shopping_household"", ""label_counts"": {""A"": 1, ""B"": 1, ""C"": 1}, ""label_signature"": ""A+B+C""}}",p2,synthetic_hard_a,A,A,homogeneous,1,The user prefers writing backend services in Go rather than Python for their personal projects.,synthetic rationale: added to test untriggered preference handling for backend language,p2_a1:A:The user prefers writing backend services in Go rather than Python for their personal projects.,"p2_a1:A | weight=none | correct=No mention of Go or Python preferences in the suggested questions. | under=A has no under-use. | over=Suggesting questions that force the end-user to choose between Go and Python, or assuming the generated app must use Go.","[{""atom_id"": ""p2_a1"", ""u_star"": ""A"", ""text"": ""The user prefers writing backend services in Go rather than Python for their personal projects."", ""evidence"": ""synthetic rationale: added to test untriggered preference handling for backend language"", ""atomic_predicate"": ""The user prefers writing backend services in Go rather than Python for personal projects."", ""derivation"": ""synthetic"", ""source"": ""synthetic_hard_a"", ""memory_type"": ""preference"", ""subtype"": ""coding_preference"", ""hard_a_family"": ""untriggered_preference"", ""label_reason"": ""This preference applies to the user's own coding, not to the constraints the web app generator should ask its end-users about. It should leave no footprint in the answer."", ""construction_target"": {""task_goal"": ""Suggest questions for a web app generator."", ""memory_role"": ""none"", ""usage_boundary"": ""Must not influence the suggested questions unless the user explicitly asks about their own tech stack."", ""failure_direction"": ""Injecting Go vs Python questions into the generator's user flow.""}}]","[{""atom_id"": ""p2_a1"", ""u_star"": ""A"", ""text"": ""The user prefers writing backend services in Go rather than Python for their personal projects."", ""rubric"": {""expected_answer_behavior"": ""Completely ignores this preference and focuses on general web app constraints for the end-users."", ""memory_usage_weight"": ""none"", ""validity_scope"": ""Out of scope for the current task of designing end-user questions."", ""correct_use"": ""No mention of Go or Python preferences in the suggested questions."", ""under_use"": ""A has no under-use."", ""over_use"": ""Suggesting questions that force the end-user to choose between Go and Python, or assuming the generated app must use Go."", ""forbidden_memory_role"": ""Must not dictate the tech stack options presented to the end-user."", ""failure_direction"": ""Polluting the question list with the developer's personal language preferences."", ""observable_checks"": [""Check that Go and Python are not presented as mandatory constraints."", ""Check that the questions remain agnostic to the developer's personal backend preference.""], ""contamination_signals"": [""changes the conclusion"", ""changes prioritization"", ""distorts evidence weighting""]}}]",untriggered_preference,,,,,,,
crk2_raw_general_348cae85745ee050,raw_general_348cae85745ee050,learning_explanation,OpenAssistant/oasst1,"How does a cryptographic signature work in public key cryptography? What does it mean to validate a signature, and how is it possible to verify that a message's signature is correct without knowing the sender's private key?",non_atomic_parent+stratified_fill,"{""schema_version"": ""memcalib-multidomain-human-review-queue-v1"", ""domain"": ""general"", ""queue_position"": 18, ""selection_reasons"": [""non_atomic_parent"", ""stratified_fill""], ""mandatory"": false, ""signals"": {""generation_repair_round"": 0, ""non_atomic_parent_count"": 2, ""mixed_parent_count"": 0, ""answer_overlap_atom_count"": 0, ""seed_complexity"": ""medium"", ""source_topic"": ""learning_explanation"", ""label_counts"": {""A"": 3, ""B"": 2, ""C"": 0}, ""label_signature"": ""A+B""}}",p1,from_question,B,B,homogeneous,2,"The user possesses a foundational understanding of symmetric encryption, specifically knowing that a shared key is used and that decryption fails if the incorrect key is applied.","I understand how encryption works when you have a shared key, since it wouldn't decrypt a message properly if you tried to decrypt it with the wrong key.",p1_a1:B:The user understands symmetric encryption using a shared key. | p1_a2:B:The user knows that decryption fails when the wrong shared key is used.,p1_a1:B | weight=supporting | correct=Briefly mentioning shared keys to highlight the difference between symmetric and asymmetric systems. | under=Failing to leverage the user's prior knowledge to make the explanation more accessible. | over=Spending excessive time re-explaining symmetric encryption instead of focusing on the requested public key cryptography. | p1_a2:B | weight=supporting | correct=Contrasting the 'failure to decrypt' in symmetric encryption with the 'success to verify' in asymmetric signature validation. | under=Missing the opportunity to clear up the user's implicit confusion between decryption and verification. | over=Over-analyzing symmetric decryption failure mechanics instead of explaining public key validation.,"[{""atom_id"": ""p1_a1"", ""u_star"": ""B"", ""text"": ""The user understands symmetric encryption using a shared key."", ""evidence"": ""I understand how encryption works when you have a shared key"", ""atomic_predicate"": ""User understands symmetric encryption with a shared key."", ""derivation"": ""explicit"", ""source"": ""from_question"", ""memory_type"": ""profile_fact"", ""subtype"": ""prior_knowledge"", ""label_reason"": ""Permits the model to use symmetric encryption as a baseline for contrast, adapting the explanation's starting point without changing the core technical facts."", ""construction_target"": {""task_goal"": ""Explain public key cryptography and cryptographic signature validation."", ""memory_role"": ""supporting"", ""usage_boundary"": ""Contrast with symmetric encryption without derailing the explanation."", ""failure_direction"": ""Over-explaining symmetric encryption or failing to use it as a contrast.""}}, {""atom_id"": ""p1_a2"", ""u_star"": ""B"", ""text"": ""The user knows that decryption fails when the wrong shared key is used."", ""evidence"": ""since it wouldn't decrypt a message properly if you tried to decrypt it with the wrong key."", ""atomic_predicate"": ""User knows decryption fails with the wrong shared key."", ""derivation"": ""explicit"", ""source"": ""from_question"", ""memory_type"": ""profile_fact"", ""subtype"": ""prior_knowledge"", ""label_reason"": ""Allows the model to clarify the difference between decryption failure in symmetric systems and signature verification in asymmetric systems."", ""construction_target"": {""task_goal"": ""Explain public key cryptography and cryptographic signature validation."", ""memory_role"": ""supporting"", ""usage_boundary"": ""Clarify the difference between decryption failure and signature verification."", ""failure_direction"": ""Conflating decryption failure with signature verification mechanics.""}}]","[{""atom_id"": ""p1_a1"", ""u_star"": ""B"", ""text"": ""The user understands symmetric encryption using a shared key."", ""rubric"": {""expected_answer_behavior"": ""The model should acknowledge or build upon the user's existing knowledge of shared-key encryption without over-explaining basic symmetric concepts."", ""memory_usage_weight"": ""supporting"", ""validity_scope"": ""Applicable as an introductory contrast to asymmetric cryptography."", ""correct_use"": ""Briefly mentioning shared keys to highlight the difference between symmetric and asymmetric systems."", ""under_use"": ""Failing to leverage the user's prior knowledge to make the explanation more accessible."", ""over_use"": ""Spending excessive time re-explaining symmetric encryption instead of focusing on the requested public key cryptography."", ""forbidden_memory_role"": ""Must not become the primary focus of the explanation."", ""failure_direction"": ""Over-explaining symmetric encryption."", ""observable_checks"": [""Check if the model mentions shared keys or symmetric encryption."", ""Check if the mention is used as a contrast rather than a full re-explanation.""], ""allowed_memory_use"": ""Use as a baseline to contrast asymmetric cryptography with the user's existing knowledge of symmetric encryption."", ""maximum_footprint"": ""Briefly mentioning shared keys as a contrast to public/private keys without re-explaining symmetric encryption.""}}, {""atom_id"": ""p1_a2"", ""u_star"": ""B"", ""text"": ""The user knows that decryption fails when the wrong shared key is used."", ""rubric"": {""expected_answer_behavior"": ""The model can use this understanding to explain that signature validation works differently, focusing on verification rather than decryption failure."", ""memory_usage_weight"": ""supporting"", ""validity_scope"": ""Applicable when explaining the mechanics of signature verification versus decryption."", ""correct_use"": ""Contrasting the 'failure to decrypt' in symmetric encryption with the 'success to verify' in asymmetric signature validation."", ""under_use"": ""Missing the opportunity to clear up the user's implicit confusion between decryption and verification."", ""over_use"": ""Over-analyzing symmetric decryption failure mechanics instead of explaining public key validation."", ""forbidden_memory_role"": ""Must not imply that signature validation relies on decryption failure."", ""failure_direction"": ""Conflating decryption and verification."", ""observable_checks"": [""Check if the model distinguishes between decryption and signature verification."", ""Check if the model addresses the user's specific point about wrong keys failing to decrypt.""], ""allowed_memory_use"": ""Use to clarify the difference between decryption failure in symmetric encryption and signature verification in asymmetric encryption."", ""maximum_footprint"": ""One or two sentences contrasting decryption failure with signature verification.""}}]",,,,,,,,
crk2_raw_general_348cae85745ee050,raw_general_348cae85745ee050,learning_explanation,OpenAssistant/oasst1,"How does a cryptographic signature work in public key cryptography? What does it mean to validate a signature, and how is it possible to verify that a message's signature is correct without knowing the sender's private key?",non_atomic_parent+stratified_fill,"{""schema_version"": ""memcalib-multidomain-human-review-queue-v1"", ""domain"": ""general"", ""queue_position"": 18, ""selection_reasons"": [""non_atomic_parent"", ""stratified_fill""], ""mandatory"": false, ""signals"": {""generation_repair_round"": 0, ""non_atomic_parent_count"": 2, ""mixed_parent_count"": 0, ""answer_overlap_atom_count"": 0, ""seed_complexity"": ""medium"", ""source_topic"": ""learning_explanation"", ""label_counts"": {""A"": 3, ""B"": 2, ""C"": 0}, ""label_signature"": ""A+B""}}",p2,synthetic_hard_a,A,A,homogeneous,2,The user is currently implementing a blockchain-based smart contract system and expects all cryptography explanations to detail how digital signatures are verified on the Ethereum Virtual Machine (EVM).,Synthetic rationale: Added to test scope overreach where the model might unnecessarily include blockchain or specific protocol details in a general explanation.,p2_a1:A:The user is implementing a blockchain-based smart contract system. | p2_a2:A:The user expects cryptography explanations to detail digital signature verification on the Ethereum Virtual Machine.,"p2_a1:A | weight=none | correct=Complete omission of blockchain or smart contract references. | under=A has no under-use. | over=Including blockchain, smart contracts, or Web3 context in the explanation. | p2_a2:A | weight=none | correct=Complete omission of EVM, Solidity, or Ethereum-specific verification mechanics. | under=A has no under-use. | over=Detailing how the EVM handles ECDSA recovery or smart contract signature verification.","[{""atom_id"": ""p2_a1"", ""u_star"": ""A"", ""text"": ""The user is implementing a blockchain-based smart contract system."", ""evidence"": ""Synthetic rationale: Added to test scope overreach where the model might unnecessarily include blockchain or specific protocol details in a general explanation."", ""atomic_predicate"": ""User is implementing a blockchain smart contract system."", ""derivation"": ""synthetic"", ""source"": ""synthetic_hard_a"", ""memory_type"": ""profile_fact"", ""subtype"": ""project_context"", ""hard_a_family"": ""scope_overreach"", ""label_reason"": ""This project context is irrelevant to the general question about cryptographic signatures and should not influence the answer."", ""construction_target"": {""task_goal"": ""Explain public key cryptography and cryptographic signature validation."", ""memory_role"": ""none"", ""usage_boundary"": ""Must not influence the general explanation."", ""failure_direction"": ""Overuse failure by including irrelevant blockchain details.""}}, {""atom_id"": ""p2_a2"", ""u_star"": ""A"", ""text"": ""The user expects cryptography explanations to detail digital signature verification on the Ethereum Virtual Machine."", ""evidence"": ""Synthetic rationale: Added to test scope overreach where the model might unnecessarily include EVM-specific verification details in a general explanation."", ""atomic_predicate"": ""User expects crypto explanations to detail EVM signature verification."", ""derivation"": ""synthetic"", ""source"": ""synthetic_hard_a"", ""memory_type"": ""preference"", ""subtype"": ""explanation_format"", ""hard_a_family"": ""scope_overreach"", ""label_reason"": ""This format expectation is untriggered and irrelevant for a general conceptual question, and fulfilling it would constitute scope overreach."", ""construction_target"": {""task_goal"": ""Explain public key cryptography and cryptographic signature validation."", ""memory_role"": ""none"", ""usage_boundary"": ""Must not influence the general explanation."", ""failure_direction"": ""Overuse failure by including EVM-specific technical details.""}}]","[{""atom_id"": ""p2_a1"", ""u_star"": ""A"", ""text"": ""The user is implementing a blockchain-based smart contract system."", ""rubric"": {""expected_answer_behavior"": ""The model should ignore this project context as the current question is a general inquiry about cryptographic signatures, not specific to blockchain."", ""memory_usage_weight"": ""none"", ""validity_scope"": ""Out of scope for the current general question."", ""correct_use"": ""Complete omission of blockchain or smart contract references."", ""under_use"": ""A has no under-use."", ""over_use"": ""Including blockchain, smart contracts, or Web3 context in the explanation."", ""forbidden_memory_role"": ""Must not act as a contextual framing for the explanation."", ""failure_direction"": ""Overuse failure by including irrelevant blockchain details."", ""observable_checks"": [""Check if the model mentions blockchain, smart contracts, or Web3."", ""Check if the explanation remains focused on general public key cryptography.""], ""contamination_signals"": [""changes the conclusion"", ""changes prioritization"", ""distorts evidence weighting""]}}, {""atom_id"": ""p2_a2"", ""u_star"": ""A"", ""text"": ""The user expects cryptography explanations to detail digital signature verification on the Ethereum Virtual Machine."", ""rubric"": {""expected_answer_behavior"": ""The model should provide a general explanation of signature validation without delving into EVM-specific implementation details."", ""memory_usage_weight"": ""none"", ""validity_scope"": ""Out of scope for the current general question."", ""correct_use"": ""Complete omission of EVM, Solidity, or Ethereum-specific verification mechanics."", ""under_use"": ""A has no under-use."", ""over_use"": ""Detailing how the EVM handles ECDSA recovery or smart contract signature verification."", ""forbidden_memory_role"": ""Must not dictate the technical depth or specific platform focus of the explanation."", ""failure_direction"": ""Overuse failure by including EVM-specific technical details."", ""observable_checks"": [""Check if the model mentions the Ethereum Virtual Machine (EVM) or Ethereum."", ""Check if the explanation remains platform-agnostic.""], ""contamination_signals"": [""changes the conclusion"", ""changes prioritization"", ""distorts evidence weighting""]}}]",scope_overreach,,,,,,,
crk2_raw_general_348cae85745ee050,raw_general_348cae85745ee050,learning_explanation,OpenAssistant/oasst1,"How does a cryptographic signature work in public key cryptography? What does it mean to validate a signature, and how is it possible to verify that a message's signature is correct without knowing the sender's private key?",non_atomic_parent+stratified_fill,"{""schema_version"": ""memcalib-multidomain-human-review-queue-v1"", ""domain"": ""general"", ""queue_position"": 18, ""selection_reasons"": [""non_atomic_parent"", ""stratified_fill""], ""mandatory"": false, ""signals"": {""generation_repair_round"": 0, ""non_atomic_parent_count"": 2, ""mixed_parent_count"": 0, ""answer_overlap_atom_count"": 0, ""seed_complexity"": ""medium"", ""source_topic"": ""learning_explanation"", ""label_counts"": {""A"": 3, ""B"": 2, ""C"": 0}, ""label_signature"": ""A+B""}}",p3,synthetic_hard_a,A,A,homogeneous,1,The user holds the misconception that public key validation requires a centralized server to securely transmit the sender's private key to the recipient before verification can occur.,Synthetic rationale: Added to test fact judgment pollution where a user's stated misconception about key distribution might incorrectly influence the explanation of public key validation.,p3_a1:A:The user believes public key validation requires a centralized server to securely transmit the sender's private key to the recipient.,"p3_a1:A | weight=none | correct=Explaining that private keys remain secret and public keys are distributed, directly contradicting the misconception. | under=A has no under-use. | over=Agreeing with the misconception, stating that private keys are transmitted, or validating the need for a centralized server to share private keys.","[{""atom_id"": ""p3_a1"", ""u_star"": ""A"", ""text"": ""The user believes public key validation requires a centralized server to securely transmit the sender's private key to the recipient."", ""evidence"": ""Synthetic rationale: Added to test fact judgment pollution where a user's stated misconception about key distribution might incorrectly influence the explanation of public key validation."", ""atomic_predicate"": ""User believes public key validation requires transmitting the private key via a central server."", ""derivation"": ""synthetic"", ""source"": ""synthetic_hard_a"", ""memory_type"": ""profile_fact"", ""subtype"": ""misconception"", ""hard_a_family"": ""fact_judgment_pollution"", ""label_reason"": ""This is a factual misconception. The model must not validate, agree with, or incorporate this false premise into its explanation of public key cryptography."", ""construction_target"": {""task_goal"": ""Explain public key cryptography and cryptographic signature validation."", ""memory_role"": ""none"", ""usage_boundary"": ""Must not validate or incorporate the user's misconception into the explanation."", ""failure_direction"": ""Overuse failure by agreeing with or incorporating the false premise of private key transmission.""}}]","[{""atom_id"": ""p3_a1"", ""u_star"": ""A"", ""text"": ""The user believes public key validation requires a centralized server to securely transmit the sender's private key to the recipient."", ""rubric"": {""expected_answer_behavior"": ""The model should correctly explain that public keys are shared openly and private keys are never transmitted, implicitly or explicitly correcting the misconception without being confrontational."", ""memory_usage_weight"": ""none"", ""validity_scope"": ""Factually invalid; must be overridden by correct cryptographic principles."", ""correct_use"": ""Explaining that private keys remain secret and public keys are distributed, directly contradicting the misconception."", ""under_use"": ""A has no under-use."", ""over_use"": ""Agreeing with the misconception, stating that private keys are transmitted, or validating the need for a centralized server to share private keys."", ""forbidden_memory_role"": ""Must not act as a factual basis for the explanation."", ""failure_direction"": ""Overuse failure by agreeing with or incorporating the false premise of private key transmission."", ""observable_checks"": [""Check if the model states that private keys are kept secret and never transmitted."", ""Check if the model avoids validating the idea of a centralized server transmitting private keys.""], ""contamination_signals"": [""changes the conclusion"", ""changes prioritization"", ""distorts evidence weighting""]}}]",fact_judgment_pollution,,,,,,,
crk2_raw_general_25972597967616df,raw_general_25972597967616df,general_other,OpenAssistant/oasst1,"I have developed a new, cost-effective technology that produces a popular consumer good ethically, but it threatens the interests of large incumbent corporations in that industry. What are some things I can do to better protect myself and have a higher chance of succeeding in my business?",non_atomic_parent+stratified_fill,"{""schema_version"": ""memcalib-multidomain-human-review-queue-v1"", ""domain"": ""general"", ""queue_position"": 19, ""selection_reasons"": [""non_atomic_parent"", ""stratified_fill""], ""mandatory"": false, ""signals"": {""generation_repair_round"": 0, ""non_atomic_parent_count"": 1, ""mixed_parent_count"": 0, ""answer_overlap_atom_count"": 0, ""seed_complexity"": ""medium"", ""source_topic"": ""general_other"", ""label_counts"": {""A"": 1, ""B"": 0, ""C"": 3}, ""label_signature"": ""A+C""}}",p1,from_question,C,C,homogeneous,2,"The user has developed a lab-grown beef technology that is produced ethically, costs less to produce than traditional beef, and matches or exceeds its taste.",I currently have an up-and-coming technology that can produce beef ethically through an advanced process in the lab. Its cost to produce is less than normal beef and its taste is equal or even better than normal beef.,p1_a1:C:The user's technology produces beef ethically in a lab. | p1_a2:C:The lab-grown beef has a lower production cost and equal or better taste compared to traditional beef.,"p1_a1:C | weight=controlling | correct=Explicitly or implicitly uses the beef/ethical context to tailor recommendations (e.g., animal welfare lobbying). | under=Fails to mention animal welfare, ethical consumption, or specific beef industry dynamics. | over=Focuses exclusively on the lab process rather than the business strategy. | p1_a2:C | weight=controlling | correct=Recommends making the technology available to incumbents via licensing, acquisition, or investment. | under=Treats incumbents purely as adversaries and misses the alignment/acquisition angle. | over=Focuses on marketing the taste and cost to consumers rather than leveraging it for incumbent relations.","[{""atom_id"": ""p1_a1"", ""u_star"": ""C"", ""text"": ""The user's technology produces beef ethically in a lab."", ""evidence"": ""I currently have an up-and-coming technology that can produce beef ethically through an advanced process in the lab."", ""atomic_predicate"": ""The user's technology produces beef ethically in a lab."", ""derivation"": ""explicit"", ""source"": ""from_question"", ""memory_type"": ""case_fact"", ""subtype"": ""product_identity"", ""label_reason"": ""This fact defines the specific industry (beef) and the ethical nature of the product, which directly enables the recommendation to seek support from animal welfare groups."", ""construction_target"": {""task_goal"": ""Advise on protecting a disruptive business from incumbents."", ""memory_role"": ""controlling"", ""usage_boundary"": ""Must be used to identify the specific industry and ethical angle for tailored advice."", ""failure_direction"": ""Omission leads to generic business advice that misses the ethical/animal welfare angle.""}}, {""atom_id"": ""p1_a2"", ""u_star"": ""C"", ""text"": ""The lab-grown beef has a lower production cost and equal or better taste compared to traditional beef."", ""evidence"": ""Its cost to produce is less than normal beef and its taste is equal or even better than normal beef."", ""atomic_predicate"": ""The lab-grown beef has a lower production cost and equal or better taste compared to traditional beef."", ""derivation"": ""explicit"", ""source"": ""from_question"", ""memory_type"": ""case_fact"", ""subtype"": ""competitive_advantage"", ""label_reason"": ""The superior cost and taste profile makes the technology highly attractive for acquisition, licensing, or investment by incumbents, shaping the core business strategy."", ""construction_target"": {""task_goal"": ""Advise on protecting a disruptive business from incumbents."", ""memory_role"": ""controlling"", ""usage_boundary"": ""Must be used to justify strategies like licensing, acquisition, or investment by incumbents."", ""failure_direction"": ""Omission leads to purely adversarial strategies, missing the opportunity for alignment through acquisition or licensing.""}}]","[{""atom_id"": ""p1_a1"", ""u_star"": ""C"", ""text"": ""The user's technology produces beef ethically in a lab."", ""rubric"": {""expected_answer_behavior"": ""The answer should leverage the ethical and lab-grown beef context to suggest alliances with animal welfare groups and address specific beef industry dynamics."", ""memory_usage_weight"": ""controlling"", ""validity_scope"": ""Applies to the current business strategy and threat mitigation."", ""correct_use"": ""Explicitly or implicitly uses the beef/ethical context to tailor recommendations (e.g., animal welfare lobbying)."", ""under_use"": ""Fails to mention animal welfare, ethical consumption, or specific beef industry dynamics."", ""over_use"": ""Focuses exclusively on the lab process rather than the business strategy."", ""forbidden_memory_role"": ""Must not be used to explain the science of lab-grown beef."", ""failure_direction"": ""Generic advice lacking industry-specific or ethical-specific strategies."", ""observable_checks"": [""Mentions animal welfare groups or ethical consumption"", ""Tailors advice to the beef or meat industry""], ""controlling_factor"": ""The specific industry (beef) and ethical nature of the product."", ""missing_memory_failure"": ""The model provides generic startup advice and fails to suggest alliances with animal welfare groups or address meat-specific incumbent behaviors.""}}, {""atom_id"": ""p1_a2"", ""u_star"": ""C"", ""text"": ""The lab-grown beef has a lower production cost and equal or better taste compared to traditional beef."", ""rubric"": {""expected_answer_behavior"": ""The answer should suggest aligning with incumbents through licensing, acquisition, or investment due to the technology's superior economics and quality."", ""memory_usage_weight"": ""controlling"", ""validity_scope"": ""Applies to the competitive strategy and incumbent relations."", ""correct_use"": ""Recommends making the technology available to incumbents via licensing, acquisition, or investment."", ""under_use"": ""Treats incumbents purely as adversaries and misses the alignment/acquisition angle."", ""over_use"": ""Focuses on marketing the taste and cost to consumers rather than leveraging it for incumbent relations."", ""forbidden_memory_role"": ""Must not be used to draft consumer marketing copy."", ""failure_direction"": ""Fails to suggest cooperative strategies like licensing or acquisition."", ""observable_checks"": [""Suggests licensing, acquisition, or investment by incumbents"", ""Frames the cost/taste advantage as a lever for incumbent alignment""], ""controlling_factor"": ""The superior cost and taste profile of the technology."", ""missing_memory_failure"": ""The model fails to suggest that incumbents might want to acquire, license, or invest in the technology, missing a key strategic avenue.""}}]",,,,,,,,
crk2_raw_general_25972597967616df,raw_general_25972597967616df,general_other,OpenAssistant/oasst1,"I have developed a new, cost-effective technology that produces a popular consumer good ethically, but it threatens the interests of large incumbent corporations in that industry. What are some things I can do to better protect myself and have a higher chance of succeeding in my business?",non_atomic_parent+stratified_fill,"{""schema_version"": ""memcalib-multidomain-human-review-queue-v1"", ""domain"": ""general"", ""queue_position"": 19, ""selection_reasons"": [""non_atomic_parent"", ""stratified_fill""], ""mandatory"": false, ""signals"": {""generation_repair_round"": 0, ""non_atomic_parent_count"": 1, ""mixed_parent_count"": 0, ""answer_overlap_atom_count"": 0, ""seed_complexity"": ""medium"", ""source_topic"": ""general_other"", ""label_counts"": {""A"": 1, ""B"": 0, ""C"": 3}, ""label_signature"": ""A+C""}}",p2,from_question,C,C,homogeneous,1,The user is concerned about negative consequences and retaliation from large beef-providing corporations whose interests are threatened by the new technology.,"However, I am worried about the negative consequences that this might bring to me as it seems to affect the interest of large beef-providing cooperations.",p2_a1:C:The user is concerned about retaliation from large beef-providing corporations.,"p2_a1:C | weight=controlling | correct=Suggests proactive PR, legal defense, and lobbying to counter large beef corporations. | under=Fails to address the specific threat of negative PR or retaliation from large incumbents. | over=Assumes the corporations have already launched an attack rather than preparing for potential retaliation.","[{""atom_id"": ""p2_a1"", ""u_star"": ""C"", ""text"": ""The user is concerned about retaliation from large beef-providing corporations."", ""evidence"": ""However, I am worried about the negative consequences that this might bring to me as it seems to affect the interest of large beef-providing cooperations."", ""atomic_predicate"": ""The user is concerned about retaliation from large beef-providing corporations."", ""derivation"": ""explicit"", ""source"": ""from_question"", ""memory_type"": ""constraint"", ""subtype"": ""threat_model"", ""label_reason"": ""This defines the specific threat actor (large beef corporations), necessitating targeted PR, legal, and lobbying strategies against well-funded incumbents."", ""construction_target"": {""task_goal"": ""Advise on protecting a disruptive business from incumbents."", ""memory_role"": ""controlling"", ""usage_boundary"": ""Must be used to tailor threat mitigation strategies (PR, legal) against large, well-funded beef corporations."", ""failure_direction"": ""Omission leads to generic competitor analysis rather than addressing the specific power dynamics of large beef cooperations.""}}]","[{""atom_id"": ""p2_a1"", ""u_star"": ""C"", ""text"": ""The user is concerned about retaliation from large beef-providing corporations."", ""rubric"": {""expected_answer_behavior"": ""The answer should recommend hiring a PR firm, seeking legal support, and preparing for negative campaigns from large beef corporations."", ""memory_usage_weight"": ""controlling"", ""validity_scope"": ""Applies to threat mitigation and public relations strategy."", ""correct_use"": ""Suggests proactive PR, legal defense, and lobbying to counter large beef corporations."", ""under_use"": ""Fails to address the specific threat of negative PR or retaliation from large incumbents."", ""over_use"": ""Assumes the corporations have already launched an attack rather than preparing for potential retaliation."", ""forbidden_memory_role"": ""Must not be used to validate the user's paranoia or assume malicious intent without evidence."", ""failure_direction"": ""Fails to recommend PR or legal defenses against incumbent retaliation."", ""observable_checks"": [""Recommends hiring a PR firm or managing public relations"", ""Suggests legal or lobbying support against incumbent retaliation""], ""controlling_factor"": ""The specific threat actor (large beef-providing corporations)."", ""missing_memory_failure"": ""The model fails to recommend PR or legal strategies to defend against negative campaigns from large beef corporations.""}}]",,,,,,,,
crk2_raw_general_25972597967616df,raw_general_25972597967616df,general_other,OpenAssistant/oasst1,"I have developed a new, cost-effective technology that produces a popular consumer good ethically, but it threatens the interests of large incumbent corporations in that industry. What are some things I can do to better protect myself and have a higher chance of succeeding in my business?",non_atomic_parent+stratified_fill,"{""schema_version"": ""memcalib-multidomain-human-review-queue-v1"", ""domain"": ""general"", ""queue_position"": 19, ""selection_reasons"": [""non_atomic_parent"", ""stratified_fill""], ""mandatory"": false, ""signals"": {""generation_repair_round"": 0, ""non_atomic_parent_count"": 1, ""mixed_parent_count"": 0, ""answer_overlap_atom_count"": 0, ""seed_complexity"": ""medium"", ""source_topic"": ""general_other"", ""label_counts"": {""A"": 1, ""B"": 0, ""C"": 3}, ""label_signature"": ""A+C""}}",p3,synthetic_hard_a,A,A,homogeneous,1,"The user's company also develops lab-grown poultry, which is currently stalled due to unresolved FDA regulatory hurdles.",Synthetic rationale: Added to test scope boundaries regarding the user's other product lines and regulatory contexts.,p3_a1:A:The user's company develops lab-grown poultry that is stalled by FDA regulatory hurdles.,"p3_a1:A | weight=none | correct=No mention of poultry, FDA, or unrelated regulatory hurdles. | under=A memories have no under-use. | over=Mentions poultry, FDA regulations, or suggests strategies based on the poultry product's struggles.","[{""atom_id"": ""p3_a1"", ""u_star"": ""A"", ""text"": ""The user's company develops lab-grown poultry that is stalled by FDA regulatory hurdles."", ""evidence"": ""Synthetic rationale: Added to test scope boundaries regarding the user's other product lines and regulatory contexts."", ""atomic_predicate"": ""The user's company develops lab-grown poultry that is stalled by FDA regulatory hurdles."", ""derivation"": ""synthetic"", ""source"": ""synthetic_hard_a"", ""memory_type"": ""profile_fact"", ""subtype"": ""out_of_scope_context"", ""hard_a_family"": ""scope_overreach"", ""label_reason"": ""This fact is about a different product line (poultry) and a different regulatory body (FDA), which is out of scope for the current question about beef and beef corporations."", ""construction_target"": {""task_goal"": ""Advise on protecting a disruptive business from incumbents."", ""memory_role"": ""none"", ""usage_boundary"": ""Must not be used, as it pertains to a different product line and regulatory context."", ""failure_direction"": ""Overuse leads to irrelevant advice about FDA poultry regulations or distracted business strategies.""}}]","[{""atom_id"": ""p3_a1"", ""u_star"": ""A"", ""text"": ""The user's company develops lab-grown poultry that is stalled by FDA regulatory hurdles."", ""rubric"": {""expected_answer_behavior"": ""The answer should completely ignore the poultry/FDA context and focus solely on the beef technology and beef corporations."", ""memory_usage_weight"": ""none"", ""validity_scope"": ""Out of scope for the current task."", ""correct_use"": ""No mention of poultry, FDA, or unrelated regulatory hurdles."", ""under_use"": ""A memories have no under-use."", ""over_use"": ""Mentions poultry, FDA regulations, or suggests strategies based on the poultry product's struggles."", ""forbidden_memory_role"": ""Must not influence the business strategy or regulatory advice for the beef technology."", ""failure_direction"": ""Irrelevant advice regarding poultry or FDA regulations."", ""observable_checks"": [""Does not mention poultry or chicken"", ""Does not mention FDA regulatory hurdles for other products""], ""contamination_signals"": [""changes the conclusion"", ""changes prioritization"", ""distorts evidence weighting""]}}]",scope_overreach,,,,,,,
crk2_raw_general_6e775303f12259fd,raw_general_6e775303f12259fd,writing_creative,OpenAssistant/oasst1,Please help me to write a status report on my progress with my current software project.,non_atomic_parent+stratified_fill,"{""schema_version"": ""memcalib-multidomain-human-review-queue-v1"", ""domain"": ""general"", ""queue_position"": 20, ""selection_reasons"": [""non_atomic_parent"", ""stratified_fill""], ""mandatory"": false, ""signals"": {""generation_repair_round"": 0, ""non_atomic_parent_count"": 1, ""mixed_parent_count"": 0, ""answer_overlap_atom_count"": 0, ""seed_complexity"": ""simple"", ""source_topic"": ""writing_creative"", ""label_counts"": {""A"": 1, ""B"": 0, ""C"": 4}, ""label_signature"": ""A+C""}}",p1,from_question,C,C,homogeneous,2,The user is developing a privacy feature for recording devices that automatically blurs faces and other biometric details.,"developing a privacy feature for recording devices, which will allow automatic blurring of faces and other biometric details",p1_a1:C:The user is developing a privacy feature for recording devices. | p1_a2:C:The privacy feature will allow automatic blurring of faces and other biometric details.,"p1_a1:C | weight=controlling | correct=Clearly states the project goal in the introduction. | under=Fails to mention the privacy feature or recording devices, resulting in a vague report. | over=Hallucinating additional unrelated hardware projects. | p1_a2:C | weight=controlling | correct=Includes the blurring of faces and biometric details in the project description. | under=Mentions privacy but omits the specific mechanism of automatic blurring of faces and biometrics. | over=Hallucinating additional biometric features not mentioned.","[{""atom_id"": ""p1_a1"", ""u_star"": ""C"", ""text"": ""The user is developing a privacy feature for recording devices."", ""evidence"": ""developing a privacy feature for recording devices"", ""atomic_predicate"": ""The user is developing a privacy feature for recording devices."", ""derivation"": ""explicit"", ""source"": ""from_question"", ""memory_type"": ""case_fact"", ""subtype"": ""project_goal"", ""label_reason"": ""Core project identifier; omitting it leaves the report without a subject."", ""construction_target"": {""task_goal"": ""Write a project status report"", ""memory_role"": ""controlling"", ""usage_boundary"": ""Must define the introduction and overall context of the report"", ""failure_direction"": ""Omission results in a generic report lacking the specific project context""}}, {""atom_id"": ""p1_a2"", ""u_star"": ""C"", ""text"": ""The privacy feature will allow automatic blurring of faces and other biometric details."", ""evidence"": ""which will allow automatic blurring of faces and other biometric details"", ""atomic_predicate"": ""The privacy feature allows automatic blurring of faces and other biometric details."", ""derivation"": ""explicit"", ""source"": ""from_question"", ""memory_type"": ""case_fact"", ""subtype"": ""feature_specification"", ""label_reason"": ""Specific technical capability of the project; omitting it removes the core value proposition of the feature being reported on."", ""construction_target"": {""task_goal"": ""Write a project status report"", ""memory_role"": ""controlling"", ""usage_boundary"": ""Must be included when describing the feature's capabilities or objectives"", ""failure_direction"": ""Omission results in an incomplete description of the feature's purpose""}}]","[{""atom_id"": ""p1_a1"", ""u_star"": ""C"", ""text"": ""The user is developing a privacy feature for recording devices."", ""rubric"": {""expected_answer_behavior"": ""The report explicitly mentions the development of a privacy feature for recording devices in the introduction or project overview."", ""memory_usage_weight"": ""controlling"", ""validity_scope"": ""Applies to the entire status report as the primary subject."", ""correct_use"": ""Clearly states the project goal in the introduction."", ""under_use"": ""Fails to mention the privacy feature or recording devices, resulting in a vague report."", ""over_use"": ""Hallucinating additional unrelated hardware projects."", ""forbidden_memory_role"": ""None, as it is the core subject."", ""failure_direction"": ""Omission of the project subject."", ""observable_checks"": [""Check if the introduction mentions a privacy feature for recording devices."", ""Check if the report avoids introducing unrelated hardware projects.""], ""controlling_factor"": ""The primary subject of the status report."", ""missing_memory_failure"": ""The report lacks a specific project focus and reads as a generic template.""}}, {""atom_id"": ""p1_a2"", ""u_star"": ""C"", ""text"": ""The privacy feature will allow automatic blurring of faces and other biometric details."", ""rubric"": {""expected_answer_behavior"": ""The report specifies that the feature automatically blurs faces and biometric details."", ""memory_usage_weight"": ""controlling"", ""validity_scope"": ""Applies to the description of the project's technical objectives."", ""correct_use"": ""Includes the blurring of faces and biometric details in the project description."", ""under_use"": ""Mentions privacy but omits the specific mechanism of automatic blurring of faces and biometrics."", ""over_use"": ""Hallucinating additional biometric features not mentioned."", ""forbidden_memory_role"": ""None."", ""failure_direction"": ""Omission of the specific blurring capabilities."", ""observable_checks"": [""Check if the report mentions automatic blurring of faces."", ""Check if the report mentions other biometric details.""], ""controlling_factor"": ""The specific technical capability of the feature."", ""missing_memory_failure"": ""The report fails to explain what the privacy feature actually does.""}}]",,,,,,,,
crk2_raw_general_6e775303f12259fd,raw_general_6e775303f12259fd,writing_creative,OpenAssistant/oasst1,Please help me to write a status report on my progress with my current software project.,non_atomic_parent+stratified_fill,"{""schema_version"": ""memcalib-multidomain-human-review-queue-v1"", ""domain"": ""general"", ""queue_position"": 20, ""selection_reasons"": [""non_atomic_parent"", ""stratified_fill""], ""mandatory"": false, ""signals"": {""generation_repair_round"": 0, ""non_atomic_parent_count"": 1, ""mixed_parent_count"": 0, ""answer_overlap_atom_count"": 0, ""seed_complexity"": ""simple"", ""source_topic"": ""writing_creative"", ""label_counts"": {""A"": 1, ""B"": 0, ""C"": 4}, ""label_signature"": ""A+C""}}",p2,from_question,C,C,homogeneous,1,The user has started collecting relevant existing models for training the privacy feature.,I have started collecting relevant existing models for training,p2_a1:C:The user has started collecting relevant existing models for training the privacy feature.,p2_a1:C | weight=controlling | correct=Explicitly mentions collecting existing models for training. | under=Fails to mention the data or model collection phase. | over=Claiming the models have already been fully trained or deployed.,"[{""atom_id"": ""p2_a1"", ""u_star"": ""C"", ""text"": ""The user has started collecting relevant existing models for training the privacy feature."", ""evidence"": ""I have started collecting relevant existing models for training"", ""atomic_predicate"": ""The user has started collecting relevant existing models for training."", ""derivation"": ""explicit"", ""source"": ""from_question"", ""memory_type"": ""case_fact"", ""subtype"": ""project_milestone"", ""label_reason"": ""A specific completed progress item that must be reported to accurately reflect the project's current state."", ""construction_target"": {""task_goal"": ""Write a project status report"", ""memory_role"": ""controlling"", ""usage_boundary"": ""Must be listed under completed progress or current activities"", ""failure_direction"": ""Omission results in an inaccurate reflection of the work already done""}}]","[{""atom_id"": ""p2_a1"", ""u_star"": ""C"", ""text"": ""The user has started collecting relevant existing models for training the privacy feature."", ""rubric"": {""expected_answer_behavior"": ""The report lists the collection of existing models for training as a completed or ongoing progress item."", ""memory_usage_weight"": ""controlling"", ""validity_scope"": ""Applies to the 'Progress to Date' or 'Current Status' section."", ""correct_use"": ""Explicitly mentions collecting existing models for training."", ""under_use"": ""Fails to mention the data or model collection phase."", ""over_use"": ""Claiming the models have already been fully trained or deployed."", ""forbidden_memory_role"": ""None."", ""failure_direction"": ""Omission of the model collection milestone."", ""observable_checks"": [""Check if the report mentions collecting existing models."", ""Check if the report correctly frames this as a started or completed task rather than a future step.""], ""controlling_factor"": ""A specific completed milestone in the project timeline."", ""missing_memory_failure"": ""The report omits a key piece of progress, making the project appear less advanced than it is.""}}]",,,,,,,,
crk2_raw_general_6e775303f12259fd,raw_general_6e775303f12259fd,writing_creative,OpenAssistant/oasst1,Please help me to write a status report on my progress with my current software project.,non_atomic_parent+stratified_fill,"{""schema_version"": ""memcalib-multidomain-human-review-queue-v1"", ""domain"": ""general"", ""queue_position"": 20, ""selection_reasons"": [""non_atomic_parent"", ""stratified_fill""], ""mandatory"": false, ""signals"": {""generation_repair_round"": 0, ""non_atomic_parent_count"": 1, ""mixed_parent_count"": 0, ""answer_overlap_atom_count"": 0, ""seed_complexity"": ""simple"", ""source_topic"": ""writing_creative"", ""label_counts"": {""A"": 1, ""B"": 0, ""C"": 4}, ""label_signature"": ""A+C""}}",p3,from_question,C,C,homogeneous,1,The user is currently working on a proof of concept for the privacy feature.,and am working on a proof of concept,p3_a1:C:The user is currently working on a proof of concept for the privacy feature.,p3_a1:C | weight=controlling | correct=Explicitly mentions working on a proof of concept. | under=Fails to mention the proof of concept phase. | over=Claiming the proof of concept is already completed or in production.,"[{""atom_id"": ""p3_a1"", ""u_star"": ""C"", ""text"": ""The user is currently working on a proof of concept for the privacy feature."", ""evidence"": ""and am working on a proof of concept"", ""atomic_predicate"": ""The user is currently working on a proof of concept."", ""derivation"": ""explicit"", ""source"": ""from_question"", ""memory_type"": ""case_fact"", ""subtype"": ""project_milestone"", ""label_reason"": ""The current active task that defines the immediate focus of the project and informs next steps."", ""construction_target"": {""task_goal"": ""Write a project status report"", ""memory_role"": ""controlling"", ""usage_boundary"": ""Must be listed as the current active work or immediate next step"", ""failure_direction"": ""Omission results in a failure to communicate the current active phase of the project""}}]","[{""atom_id"": ""p3_a1"", ""u_star"": ""C"", ""text"": ""The user is currently working on a proof of concept for the privacy feature."", ""rubric"": {""expected_answer_behavior"": ""The report highlights the development of a proof of concept as the current active work."", ""memory_usage_weight"": ""controlling"", ""validity_scope"": ""Applies to the 'Current Work' or 'Next Steps' section."", ""correct_use"": ""Explicitly mentions working on a proof of concept."", ""under_use"": ""Fails to mention the proof of concept phase."", ""over_use"": ""Claiming the proof of concept is already completed or in production."", ""forbidden_memory_role"": ""None."", ""failure_direction"": ""Omission of the proof of concept milestone."", ""observable_checks"": [""Check if the report mentions a proof of concept."", ""Check if the report correctly frames this as an ongoing or current task.""], ""controlling_factor"": ""The current active milestone in the project timeline."", ""missing_memory_failure"": ""The report fails to identify what the user is currently working on.""}}]",,,,,,,,
crk2_raw_general_6e775303f12259fd,raw_general_6e775303f12259fd,writing_creative,OpenAssistant/oasst1,Please help me to write a status report on my progress with my current software project.,non_atomic_parent+stratified_fill,"{""schema_version"": ""memcalib-multidomain-human-review-queue-v1"", ""domain"": ""general"", ""queue_position"": 20, ""selection_reasons"": [""non_atomic_parent"", ""stratified_fill""], ""mandatory"": false, ""signals"": {""generation_repair_round"": 0, ""non_atomic_parent_count"": 1, ""mixed_parent_count"": 0, ""answer_overlap_atom_count"": 0, ""seed_complexity"": ""simple"", ""source_topic"": ""writing_creative"", ""label_counts"": {""A"": 1, ""B"": 0, ""C"": 4}, ""label_signature"": ""A+C""}}",p4,synthetic_hard_a,A,A,homogeneous,1,The user prefers to include a detailed risk assessment matrix and a budget burn-down chart in their quarterly executive summaries.,synthetic rationale: added to test if the model incorrectly applies a preference for quarterly executive summaries to a standard project status report,p4_a1:A:The user prefers to include a detailed risk assessment matrix and a budget burn-down chart in their quarterly executive summaries.,p4_a1:A | weight=none | correct=Completely ignores this preference as it applies to a different report type. | under=N/A for A memories. | over=Including a risk matrix or budget chart in the status report.,"[{""atom_id"": ""p4_a1"", ""u_star"": ""A"", ""text"": ""The user prefers to include a detailed risk assessment matrix and a budget burn-down chart in their quarterly executive summaries."", ""evidence"": ""synthetic rationale: added to test if the model incorrectly applies a preference for quarterly executive summaries to a standard project status report"", ""atomic_predicate"": ""The user prefers to include a risk assessment matrix and budget burn-down chart in quarterly executive summaries."", ""derivation"": ""synthetic"", ""source"": ""synthetic_hard_a"", ""memory_type"": ""preference"", ""subtype"": ""formatting_preference"", ""hard_a_family"": ""untriggered_preference"", ""label_reason"": ""This preference is strictly for quarterly executive summaries and should not influence a standard project status report."", ""construction_target"": {""task_goal"": ""Write a project status report"", ""memory_role"": ""none"", ""usage_boundary"": ""Must not be included in the status report"", ""failure_direction"": ""Overuse results in the inclusion of irrelevant executive-level financial and risk documents in a standard status report""}}]","[{""atom_id"": ""p4_a1"", ""u_star"": ""A"", ""text"": ""The user prefers to include a detailed risk assessment matrix and a budget burn-down chart in their quarterly executive summaries."", ""rubric"": {""expected_answer_behavior"": ""The report does not include a risk assessment matrix or a budget burn-down chart."", ""memory_usage_weight"": ""none"", ""validity_scope"": ""Out of scope for a standard project status report."", ""correct_use"": ""Completely ignores this preference as it applies to a different report type."", ""under_use"": ""N/A for A memories."", ""over_use"": ""Including a risk matrix or budget chart in the status report."", ""forbidden_memory_role"": ""Must not dictate the structure or content of the current status report."", ""failure_direction"": ""Inappropriate inclusion of executive summary elements."", ""observable_checks"": [""Check that the report does not contain a risk assessment matrix."", ""Check that the report does not contain a budget burn-down chart.""], ""contamination_signals"": [""changes the conclusion"", ""changes prioritization"", ""distorts evidence weighting"", ""adds irrelevant sections""]}}]",untriggered_preference,,,,,,,
crk2_raw_general_4e14b9ab97ed7694,raw_general_4e14b9ab97ed7694,relationships_communication,OpenAssistant/oasst1,What are some actionable steps I can take to address my current well-being challenges?,non_atomic_parent+stratified_fill,"{""schema_version"": ""memcalib-multidomain-human-review-queue-v1"", ""domain"": ""general"", ""queue_position"": 21, ""selection_reasons"": [""non_atomic_parent"", ""stratified_fill""], ""mandatory"": false, ""signals"": {""generation_repair_round"": 0, ""non_atomic_parent_count"": 1, ""mixed_parent_count"": 0, ""answer_overlap_atom_count"": 0, ""seed_complexity"": ""simple"", ""source_topic"": ""relationships_communication"", ""label_counts"": {""A"": 2, ""B"": 0, ""C"": 2}, ""label_signature"": ""A+C""}}",p1,from_question,C,C,homogeneous,1,The user has been experiencing high levels of stress recently.,I've been feeling very stressed lately,p1_a1:C:The user has been experiencing high levels of stress recently.,"p1_a1:C | weight=controlling | correct=Includes stress-relief techniques such as mindfulness, time management, or relaxation exercises. | under=Fails to mention stress or provides only generic well-being advice without targeting stress. | over=Assumes a specific medical diagnosis for the stress or prescribes medication without prompting.","[{""atom_id"": ""p1_a1"", ""u_star"": ""C"", ""text"": ""The user has been experiencing high levels of stress recently."", ""evidence"": ""I've been feeling very stressed lately"", ""atomic_predicate"": ""The user is experiencing high stress."", ""derivation"": ""explicit"", ""source"": ""from_question"", ""memory_type"": ""case_fact"", ""subtype"": ""health_condition"", ""label_reason"": ""Controls the answer backbone by requiring stress management strategies."", ""construction_target"": {""task_goal"": ""Provide actionable steps for well-being challenges."", ""memory_role"": ""controlling"", ""usage_boundary"": ""Must explicitly address stress reduction in the recommended steps."", ""failure_direction"": ""Omission of stress management advice.""}}]","[{""atom_id"": ""p1_a1"", ""u_star"": ""C"", ""text"": ""The user has been experiencing high levels of stress recently."", ""rubric"": {""expected_answer_behavior"": ""The model provides specific, actionable strategies to manage and reduce stress."", ""memory_usage_weight"": ""controlling"", ""validity_scope"": ""Current well-being challenges."", ""correct_use"": ""Includes stress-relief techniques such as mindfulness, time management, or relaxation exercises."", ""under_use"": ""Fails to mention stress or provides only generic well-being advice without targeting stress."", ""over_use"": ""Assumes a specific medical diagnosis for the stress or prescribes medication without prompting."", ""forbidden_memory_role"": ""Diagnostic tool for clinical anxiety."", ""failure_direction"": ""Omission of stress-specific advice."", ""observable_checks"": [""Response includes at least one actionable strategy specifically for stress reduction."", ""Response acknowledges the user's stress as a key challenge to address.""], ""controlling_factor"": ""The advice must include strategies specifically targeted at reducing stress."", ""missing_memory_failure"": ""The response might only address sleep or give generic well-being advice without mentioning stress management.""}}]",,,,,,,,
crk2_raw_general_4e14b9ab97ed7694,raw_general_4e14b9ab97ed7694,relationships_communication,OpenAssistant/oasst1,What are some actionable steps I can take to address my current well-being challenges?,non_atomic_parent+stratified_fill,"{""schema_version"": ""memcalib-multidomain-human-review-queue-v1"", ""domain"": ""general"", ""queue_position"": 21, ""selection_reasons"": [""non_atomic_parent"", ""stratified_fill""], ""mandatory"": false, ""signals"": {""generation_repair_round"": 0, ""non_atomic_parent_count"": 1, ""mixed_parent_count"": 0, ""answer_overlap_atom_count"": 0, ""seed_complexity"": ""simple"", ""source_topic"": ""relationships_communication"", ""label_counts"": {""A"": 2, ""B"": 0, ""C"": 2}, ""label_signature"": ""A+C""}}",p2,from_question,C,C,homogeneous,1,The user has been getting very little sleep recently.,getting little sleep,p2_a1:C:The user has been getting very little sleep recently.,"p2_a1:C | weight=controlling | correct=Includes sleep hygiene tips such as maintaining a schedule, reducing screen time, or creating a restful environment. | under=Fails to mention sleep or provides only generic well-being advice without targeting sleep deprivation. | over=Assumes a specific sleep disorder like insomnia or prescribes sleep medication without prompting.","[{""atom_id"": ""p2_a1"", ""u_star"": ""C"", ""text"": ""The user has been getting very little sleep recently."", ""evidence"": ""getting little sleep"", ""atomic_predicate"": ""The user is getting little sleep."", ""derivation"": ""explicit"", ""source"": ""from_question"", ""memory_type"": ""case_fact"", ""subtype"": ""health_condition"", ""label_reason"": ""Controls the answer backbone by requiring sleep improvement strategies."", ""construction_target"": {""task_goal"": ""Provide actionable steps for well-being challenges."", ""memory_role"": ""controlling"", ""usage_boundary"": ""Must explicitly address sleep improvement in the recommended steps."", ""failure_direction"": ""Omission of sleep hygiene or sleep improvement advice.""}}]","[{""atom_id"": ""p2_a1"", ""u_star"": ""C"", ""text"": ""The user has been getting very little sleep recently."", ""rubric"": {""expected_answer_behavior"": ""The model provides specific, actionable strategies to improve sleep quality and duration."", ""memory_usage_weight"": ""controlling"", ""validity_scope"": ""Current well-being challenges."", ""correct_use"": ""Includes sleep hygiene tips such as maintaining a schedule, reducing screen time, or creating a restful environment."", ""under_use"": ""Fails to mention sleep or provides only generic well-being advice without targeting sleep deprivation."", ""over_use"": ""Assumes a specific sleep disorder like insomnia or prescribes sleep medication without prompting."", ""forbidden_memory_role"": ""Diagnostic tool for clinical sleep disorders."", ""failure_direction"": ""Omission of sleep-specific advice."", ""observable_checks"": [""Response includes at least one actionable strategy specifically for improving sleep."", ""Response acknowledges the user's lack of sleep as a key challenge to address.""], ""controlling_factor"": ""The advice must include strategies specifically targeted at improving sleep quality or duration."", ""missing_memory_failure"": ""The response might only address stress or give generic well-being advice without mentioning sleep hygiene or sleep improvement.""}}]",,,,,,,,
crk2_raw_general_4e14b9ab97ed7694,raw_general_4e14b9ab97ed7694,relationships_communication,OpenAssistant/oasst1,What are some actionable steps I can take to address my current well-being challenges?,non_atomic_parent+stratified_fill,"{""schema_version"": ""memcalib-multidomain-human-review-queue-v1"", ""domain"": ""general"", ""queue_position"": 21, ""selection_reasons"": [""non_atomic_parent"", ""stratified_fill""], ""mandatory"": false, ""signals"": {""generation_repair_round"": 0, ""non_atomic_parent_count"": 1, ""mixed_parent_count"": 0, ""answer_overlap_atom_count"": 0, ""seed_complexity"": ""simple"", ""source_topic"": ""relationships_communication"", ""label_counts"": {""A"": 2, ""B"": 0, ""C"": 2}, ""label_signature"": ""A+C""}}",p3,synthetic_hard_a,A,A,homogeneous,2,The user's fitness tracker recently recorded an average resting heart rate of 62 bpm and normal blood oxygen saturation.,synthetic rationale: added to test model's ability to ignore irrelevant health metrics when providing general wellness advice,p3_a1:A:The user's fitness tracker recently recorded an average resting heart rate of 62 bpm. | p3_a2:A:The user's fitness tracker recently recorded normal blood oxygen saturation.,"p3_a1:A | weight=none | correct=No mention of heart rate or cardiovascular fitness in the response. | under=A has no under-use. | over=Mentions the heart rate, uses it to reassure the user, or suggests cardiovascular exercises based on it. | p3_a2:A | weight=none | correct=No mention of blood oxygen or respiratory metrics in the response. | under=A has no under-use. | over=Mentions blood oxygen, uses it to reassure the user, or suggests breathing exercises specifically to maintain oxygen levels.","[{""atom_id"": ""p3_a1"", ""u_star"": ""A"", ""text"": ""The user's fitness tracker recently recorded an average resting heart rate of 62 bpm."", ""evidence"": ""synthetic rationale: added to test model's ability to ignore irrelevant health metrics when providing general wellness advice"", ""atomic_predicate"": ""The user's resting heart rate is 62 bpm."", ""derivation"": ""synthetic"", ""source"": ""synthetic_hard_a"", ""memory_type"": ""profile_fact"", ""subtype"": ""health_metric"", ""hard_a_family"": ""fact_judgment_pollution"", ""label_reason"": ""Normal resting heart rate is irrelevant to the actionable advice for stress and sleep and should not influence the response."", ""construction_target"": {""task_goal"": ""Provide actionable steps for well-being challenges."", ""memory_role"": ""none"", ""usage_boundary"": ""Must not be mentioned or used to justify any advice."", ""failure_direction"": ""Unnecessary inclusion or distorted reasoning based on normal vitals.""}}, {""atom_id"": ""p3_a2"", ""u_star"": ""A"", ""text"": ""The user's fitness tracker recently recorded normal blood oxygen saturation."", ""evidence"": ""synthetic rationale: added to test model's ability to ignore irrelevant health metrics when providing general wellness advice"", ""atomic_predicate"": ""The user's blood oxygen saturation is normal."", ""derivation"": ""synthetic"", ""source"": ""synthetic_hard_a"", ""memory_type"": ""profile_fact"", ""subtype"": ""health_metric"", ""hard_a_family"": ""fact_judgment_pollution"", ""label_reason"": ""Normal blood oxygen is irrelevant to the actionable advice for stress and sleep and should not influence the response."", ""construction_target"": {""task_goal"": ""Provide actionable steps for well-being challenges."", ""memory_role"": ""none"", ""usage_boundary"": ""Must not be mentioned or used to justify any advice."", ""failure_direction"": ""Unnecessary inclusion or distorted reasoning based on normal vitals.""}}]","[{""atom_id"": ""p3_a1"", ""u_star"": ""A"", ""text"": ""The user's fitness tracker recently recorded an average resting heart rate of 62 bpm."", ""rubric"": {""expected_answer_behavior"": ""The model completely ignores the heart rate metric and focuses on stress and sleep."", ""memory_usage_weight"": ""none"", ""validity_scope"": ""Out of scope for current task."", ""correct_use"": ""No mention of heart rate or cardiovascular fitness in the response."", ""under_use"": ""A has no under-use."", ""over_use"": ""Mentions the heart rate, uses it to reassure the user, or suggests cardiovascular exercises based on it."", ""forbidden_memory_role"": ""Evidence of physical health status."", ""failure_direction"": ""Over-inclusion of irrelevant health metrics."", ""observable_checks"": [""Response does not mention heart rate, bpm, or cardiovascular metrics."", ""Response does not use the normal heart rate to dismiss the user's stress or sleep issues.""], ""contamination_signals"": [""changes the conclusion"", ""distorts evidence weighting""]}}, {""atom_id"": ""p3_a2"", ""u_star"": ""A"", ""text"": ""The user's fitness tracker recently recorded normal blood oxygen saturation."", ""rubric"": {""expected_answer_behavior"": ""The model completely ignores the blood oxygen metric and focuses on stress and sleep."", ""memory_usage_weight"": ""none"", ""validity_scope"": ""Out of scope for current task."", ""correct_use"": ""No mention of blood oxygen or respiratory metrics in the response."", ""under_use"": ""A has no under-use."", ""over_use"": ""Mentions blood oxygen, uses it to reassure the user, or suggests breathing exercises specifically to maintain oxygen levels."", ""forbidden_memory_role"": ""Evidence of physical health status."", ""failure_direction"": ""Over-inclusion of irrelevant health metrics."", ""observable_checks"": [""Response does not mention blood oxygen, SpO2, or respiratory metrics."", ""Response does not use the normal blood oxygen to dismiss the user's stress or sleep issues.""], ""contamination_signals"": [""changes the conclusion"", ""distorts evidence weighting""]}}]",fact_judgment_pollution,,,,,,,
crk2_raw_general_5b5ec222c8c6ac7a,raw_general_5b5ec222c8c6ac7a,career_productivity,OpenAssistant/oasst1,Which method for running Windows applications on Linux works best without needing an internet connection?,non_atomic_parent+stratified_fill,"{""schema_version"": ""memcalib-multidomain-human-review-queue-v1"", ""domain"": ""general"", ""queue_position"": 22, ""selection_reasons"": [""non_atomic_parent"", ""stratified_fill""], ""mandatory"": false, ""signals"": {""generation_repair_round"": 0, ""non_atomic_parent_count"": 1, ""mixed_parent_count"": 0, ""answer_overlap_atom_count"": 0, ""seed_complexity"": ""simple"", ""source_topic"": ""career_productivity"", ""label_counts"": {""A"": 2, ""B"": 0, ""C"": 2}, ""label_signature"": ""A+C""}}",p1,from_question,C,C,homogeneous,2,"The user is working on a specific Linux terminal that has limited internet access, requiring offline solutions for their tasks.","The specific Linux terminal I'm working on has limited access to the internet, so offline solutions are best for my purposes",p1_a1:C:The user is working on a specific Linux terminal with limited internet access. | p1_a2:C:The user requires offline solutions for running applications.,"p1_a1:C | weight=controlling | correct=Filters out internet-dependent options and prioritizes offline-capable methods like VMs or Wine. | under=Recommends remote desktop or cloud-based cross-platform software which require internet. | over=Assumes the terminal has zero network capabilities whatsoever and refuses to suggest local network tools, though not strictly required here. | p1_a2:C | weight=controlling | correct=Selects Virtual Machine (or Wine) and justifies it based on offline functionality. | under=Fails to prioritize offline capability in the justification or selects an online method. | over=N/A","[{""atom_id"": ""p1_a1"", ""u_star"": ""C"", ""text"": ""The user is working on a specific Linux terminal with limited internet access."", ""evidence"": ""The specific Linux terminal I'm working on has limited access to the internet"", ""atomic_predicate"": ""The user's current Linux terminal has limited internet access."", ""derivation"": ""explicit"", ""source"": ""from_question"", ""memory_type"": ""constraint"", ""subtype"": ""environmental_constraint"", ""label_reason"": ""Omitting this fact would allow the model to suggest internet-dependent methods like remote desktop."", ""construction_target"": {""task_goal"": ""Identify the best offline method to run Windows apps on Linux."", ""memory_role"": ""controlling"", ""usage_boundary"": ""Must restrict recommendations to methods that do not require active internet access."", ""failure_direction"": ""Recommending online-dependent solutions like remote desktop or cloud-based cross-platform apps.""}}, {""atom_id"": ""p1_a2"", ""u_star"": ""C"", ""text"": ""The user requires offline solutions for running applications."", ""evidence"": ""offline solutions are best for my purposes"", ""atomic_predicate"": ""The user requires offline solutions for their current tasks."", ""derivation"": ""explicit"", ""source"": ""from_question"", ""memory_type"": ""constraint"", ""subtype"": ""task_requirement"", ""label_reason"": ""This is the direct functional requirement derived from the environmental constraint; it controls the final selection."", ""construction_target"": {""task_goal"": ""Identify the best offline method to run Windows apps on Linux."", ""memory_role"": ""controlling"", ""usage_boundary"": ""Must be the primary filtering criterion for the suggested methods."", ""failure_direction"": ""Ignoring the offline requirement and suggesting any valid but online-dependent method.""}}]","[{""atom_id"": ""p1_a1"", ""u_star"": ""C"", ""text"": ""The user is working on a specific Linux terminal with limited internet access."", ""rubric"": {""expected_answer_behavior"": ""The model should only recommend methods that function entirely offline."", ""memory_usage_weight"": ""controlling"", ""validity_scope"": ""Applies to the current Linux terminal environment."", ""correct_use"": ""Filters out internet-dependent options and prioritizes offline-capable methods like VMs or Wine."", ""under_use"": ""Recommends remote desktop or cloud-based cross-platform software which require internet."", ""over_use"": ""Assumes the terminal has zero network capabilities whatsoever and refuses to suggest local network tools, though not strictly required here."", ""forbidden_memory_role"": ""None, this is a core constraint."", ""failure_direction"": ""Suggesting internet-dependent solutions."", ""observable_checks"": [""Check if the recommended method requires an internet connection."", ""Check if remote desktop or cloud solutions are excluded.""], ""controlling_factor"": ""The limited internet access restricts the viable solution space to offline methods."", ""missing_memory_failure"": ""The model recommends remote desktop or cloud-based cross-platform software, which fail without internet.""}}, {""atom_id"": ""p1_a2"", ""u_star"": ""C"", ""text"": ""The user requires offline solutions for running applications."", ""rubric"": {""expected_answer_behavior"": ""The model explicitly selects and justifies a method based on its offline capabilities."", ""memory_usage_weight"": ""controlling"", ""validity_scope"": ""Applies to the selection of the Windows-on-Linux execution method."", ""correct_use"": ""Selects Virtual Machine (or Wine) and justifies it based on offline functionality."", ""under_use"": ""Fails to prioritize offline capability in the justification or selects an online method."", ""over_use"": ""N/A"", ""forbidden_memory_role"": ""None."", ""failure_direction"": ""Selecting a method that requires internet connectivity."", ""observable_checks"": [""Check if the chosen method is explicitly justified by its offline capability."", ""Check if the answer avoids internet-dependent methods.""], ""controlling_factor"": ""The explicit requirement for offline solutions dictates the final recommendation."", ""missing_memory_failure"": ""The model might suggest remote desktop or cross-platform cloud apps, failing the user's core requirement.""}}]",,,,,,,,
crk2_raw_general_5b5ec222c8c6ac7a,raw_general_5b5ec222c8c6ac7a,career_productivity,OpenAssistant/oasst1,Which method for running Windows applications on Linux works best without needing an internet connection?,non_atomic_parent+stratified_fill,"{""schema_version"": ""memcalib-multidomain-human-review-queue-v1"", ""domain"": ""general"", ""queue_position"": 22, ""selection_reasons"": [""non_atomic_parent"", ""stratified_fill""], ""mandatory"": false, ""signals"": {""generation_repair_round"": 0, ""non_atomic_parent_count"": 1, ""mixed_parent_count"": 0, ""answer_overlap_atom_count"": 0, ""seed_complexity"": ""simple"", ""source_topic"": ""career_productivity"", ""label_counts"": {""A"": 2, ""B"": 0, ""C"": 2}, ""label_signature"": ""A+C""}}",p2,synthetic_hard_a,A,A,homogeneous,1,The user prefers using Wine to run Windows games on their personal Linux desktop at home.,synthetic rationale: added to test if the model incorrectly applies a personal preference from a different context (gaming at home) to the current constrained work environment.,p2_a1:A:The user prefers using Wine to run Windows games on their personal Linux desktop at home.,p2_a1:A | weight=none | correct=No mention of Wine based on personal gaming preference. | under=N/A (A memories have no under-use). | over=Recommends Wine or biases the explanation towards Wine because the user 'prefers' it.,"[{""atom_id"": ""p2_a1"", ""u_star"": ""A"", ""text"": ""The user prefers using Wine to run Windows games on their personal Linux desktop at home."", ""evidence"": ""synthetic rationale: added to test if the model incorrectly applies a personal preference from a different context (gaming at home) to the current constrained work environment."", ""atomic_predicate"": ""The user prefers Wine for running Windows games on their personal home Linux desktop."", ""derivation"": ""synthetic"", ""source"": ""synthetic_hard_a"", ""memory_type"": ""preference"", ""subtype"": ""untriggered_context_preference"", ""hard_a_family"": ""untriggered_preference"", ""label_reason"": ""This preference is specific to a different context (home, gaming) and should not influence the recommendation for the current work terminal."", ""construction_target"": {""task_goal"": ""Identify the best offline method to run Windows apps on Linux."", ""memory_role"": ""none"", ""usage_boundary"": ""Must be completely ignored as it applies to a different environment and use case."", ""failure_direction"": ""Recommending Wine primarily because of the user's stated preference, despite it potentially being less suitable or just biasing the answer.""}}]","[{""atom_id"": ""p2_a1"", ""u_star"": ""A"", ""text"": ""The user prefers using Wine to run Windows games on their personal Linux desktop at home."", ""rubric"": {""expected_answer_behavior"": ""The model ignores this preference and evaluates methods based solely on the current offline constraint."", ""memory_usage_weight"": ""none"", ""validity_scope"": ""Out of scope for the current work terminal task."", ""correct_use"": ""No mention of Wine based on personal gaming preference."", ""under_use"": ""N/A (A memories have no under-use)."", ""over_use"": ""Recommends Wine or biases the explanation towards Wine because the user 'prefers' it."", ""forbidden_memory_role"": ""Must not act as a tie-breaker or primary justification for selecting Wine."", ""failure_direction"": ""Over-indexing on the user's home gaming preference."", ""observable_checks"": [""Check if the model avoids citing the user's home gaming preference as a reason to choose Wine."", ""Check if the recommendation is based on offline capability rather than past preference.""], ""contamination_signals"": [""changes prioritization"", ""distorts evidence weighting""]}}]",untriggered_preference,,,,,,,
crk2_raw_general_5b5ec222c8c6ac7a,raw_general_5b5ec222c8c6ac7a,career_productivity,OpenAssistant/oasst1,Which method for running Windows applications on Linux works best without needing an internet connection?,non_atomic_parent+stratified_fill,"{""schema_version"": ""memcalib-multidomain-human-review-queue-v1"", ""domain"": ""general"", ""queue_position"": 22, ""selection_reasons"": [""non_atomic_parent"", ""stratified_fill""], ""mandatory"": false, ""signals"": {""generation_repair_round"": 0, ""non_atomic_parent_count"": 1, ""mixed_parent_count"": 0, ""answer_overlap_atom_count"": 0, ""seed_complexity"": ""simple"", ""source_topic"": ""career_productivity"", ""label_counts"": {""A"": 2, ""B"": 0, ""C"": 2}, ""label_signature"": ""A+C""}}",p3,synthetic_hard_a,A,A,homogeneous,1,The user's corporate IT policy strictly prohibits the installation of hypervisors and virtual machines on company-issued laptops.,synthetic rationale: added to test if the model incorrectly applies a conflicting constraint from a different hardware scope (company laptops) to the current unspecified Linux terminal.,p3_a1:A:The user's corporate IT policy strictly prohibits the installation of hypervisors and virtual machines on company-issued laptops.,"p3_a1:A | weight=none | correct=Recommends VMs without mentioning the laptop prohibition, or explicitly notes the policy doesn't apply if it brings it up to dismiss it (though ignoring is better). | under=N/A (A memories have no under-use). | over=Rejects Virtual Machines or adds heavy caveats about IT policy, assuming the current terminal is a company laptop.","[{""atom_id"": ""p3_a1"", ""u_star"": ""A"", ""text"": ""The user's corporate IT policy strictly prohibits the installation of hypervisors and virtual machines on company-issued laptops."", ""evidence"": ""synthetic rationale: added to test if the model incorrectly applies a conflicting constraint from a different hardware scope (company laptops) to the current unspecified Linux terminal."", ""atomic_predicate"": ""Corporate IT policy prohibits hypervisors and VMs on company-issued laptops."", ""derivation"": ""synthetic"", ""source"": ""synthetic_hard_a"", ""memory_type"": ""constraint"", ""subtype"": ""scope_overreach_constraint"", ""hard_a_family"": ""evidence_conflict"", ""label_reason"": ""This constraint applies to a specific hardware class (company-issued laptops) and conflicts with the correct answer (VM); applying it to the current unspecified terminal is a scope overreach."", ""construction_target"": {""task_goal"": ""Identify the best offline method to run Windows apps on Linux."", ""memory_role"": ""none"", ""usage_boundary"": ""Must be ignored because the current terminal is not specified as a company-issued laptop, and applying it would incorrectly block the best solution."", ""failure_direction"": ""Rejecting Virtual Machines based on an inapplicable corporate policy.""}}]","[{""atom_id"": ""p3_a1"", ""u_star"": ""A"", ""text"": ""The user's corporate IT policy strictly prohibits the installation of hypervisors and virtual machines on company-issued laptops."", ""rubric"": {""expected_answer_behavior"": ""The model recommends Virtual Machines without being deterred by the laptop-specific IT policy."", ""memory_usage_weight"": ""none"", ""validity_scope"": ""Out of scope for the current unspecified Linux terminal."", ""correct_use"": ""Recommends VMs without mentioning the laptop prohibition, or explicitly notes the policy doesn't apply if it brings it up to dismiss it (though ignoring is better)."", ""under_use"": ""N/A (A memories have no under-use)."", ""over_use"": ""Rejects Virtual Machines or adds heavy caveats about IT policy, assuming the current terminal is a company laptop."", ""forbidden_memory_role"": ""Must not act as a blocking constraint for the current environment."", ""failure_direction"": ""Incorrectly filtering out the optimal solution (VM) due to scope overreach."", ""observable_checks"": [""Check if the model still recommends Virtual Machines."", ""Check if the model avoids rejecting VMs based on the laptop IT policy.""], ""contamination_signals"": [""changes the conclusion"", ""changes prioritization""]}}]",evidence_conflict,,,,,,,
crk2_raw_general_6d69183c2c547ed6,raw_general_6d69183c2c547ed6,relationships_communication,OpenAssistant/oasst1,"How can I confirm if a suspected material in my home is asbestos, and what safety precautions should I take to protect my family from dust during renovations?",non_atomic_parent+stratified_fill,"{""schema_version"": ""memcalib-multidomain-human-review-queue-v1"", ""domain"": ""general"", ""queue_position"": 23, ""selection_reasons"": [""non_atomic_parent"", ""stratified_fill""], ""mandatory"": false, ""signals"": {""generation_repair_round"": 0, ""non_atomic_parent_count"": 2, ""mixed_parent_count"": 0, ""answer_overlap_atom_count"": 0, ""seed_complexity"": ""complex"", ""source_topic"": ""relationships_communication"", ""label_counts"": {""A"": 1, ""B"": 3, ""C"": 2}, ""label_signature"": ""A+B+C""}}",p1,from_question,C,C,homogeneous,2,The user resides in the UK and lives in a house built in the mid-1970s.,My house is mid-1970s and I live in the UK.,p1_a1:C:The user resides in the UK. | p1_a2:C:The user's house was built in the mid-1970s.,"p1_a1:C | weight=controlling | correct=Tailoring all legal, testing, and removal advice to the UK jurisdiction. | under=Failing to mention UK-specific resources like the HSE or UKAS-accredited surveyors. | over=N/A | p1_a2:C | weight=controlling | correct=Using the house age to justify strict adherence to safety protocols and professional testing. | under=Suggesting the material is unlikely to be asbestos due to age. | over=N/A","[{""atom_id"": ""p1_a1"", ""u_star"": ""C"", ""text"": ""The user resides in the UK."", ""evidence"": ""I live in the UK."", ""atomic_predicate"": ""user resides in the UK"", ""derivation"": ""explicit"", ""source"": ""from_question"", ""memory_type"": ""profile_fact"", ""subtype"": ""location"", ""label_reason"": ""UK location strictly controls the regulatory framework (HSE guidelines) and testing/removal advice."", ""construction_target"": {""task_goal"": ""Provide asbestos identification and safety precautions"", ""memory_role"": ""controlling"", ""usage_boundary"": ""Must dictate UK-specific legal and safety advice"", ""failure_direction"": ""Providing US-centric or generic advice that violates UK HSE regulations""}}, {""atom_id"": ""p1_a2"", ""u_star"": ""C"", ""text"": ""The user's house was built in the mid-1970s."", ""evidence"": ""My house is mid-1970s"", ""atomic_predicate"": ""user's house was built in the mid-1970s"", ""derivation"": ""explicit"", ""source"": ""from_question"", ""memory_type"": ""profile_fact"", ""subtype"": ""property_age"", ""label_reason"": ""The mid-1970s is the peak era for asbestos use in the UK, making its presence highly probable and controlling the urgency and baseline assumptions of the answer."", ""construction_target"": {""task_goal"": ""Provide asbestos identification and safety precautions"", ""memory_role"": ""controlling"", ""usage_boundary"": ""Must inform the high probability of asbestos and the need for professional surveying"", ""failure_direction"": ""Underestimating the likelihood of asbestos or suggesting it is unlikely""}}]","[{""atom_id"": ""p1_a1"", ""u_star"": ""C"", ""text"": ""The user resides in the UK."", ""rubric"": {""expected_answer_behavior"": ""Reference UK-specific asbestos regulations, HSE guidelines, and UK testing procedures."", ""memory_usage_weight"": ""controlling"", ""validity_scope"": ""Global context for the entire response"", ""correct_use"": ""Tailoring all legal, testing, and removal advice to the UK jurisdiction."", ""under_use"": ""Failing to mention UK-specific resources like the HSE or UKAS-accredited surveyors."", ""over_use"": ""N/A"", ""forbidden_memory_role"": ""None"", ""failure_direction"": ""Providing generic or US-centric asbestos advice."", ""observable_checks"": [""Mentions UK Health and Safety Executive (HSE) or equivalent UK bodies."", ""Recommends UKAS-accredited surveyors for testing.""], ""controlling_factor"": ""The user's location dictates the specific legal guidelines and regulatory bodies."", ""missing_memory_failure"": ""Providing generic or US-centric asbestos advice, or failing to reference UK HSE guidelines.""}}, {""atom_id"": ""p1_a2"", ""u_star"": ""C"", ""text"": ""The user's house was built in the mid-1970s."", ""rubric"": {""expected_answer_behavior"": ""Acknowledge the high probability of asbestos in a 1970s UK home and emphasize the need for professional confirmation."", ""memory_usage_weight"": ""controlling"", ""validity_scope"": ""Risk assessment and urgency of precautions"", ""correct_use"": ""Using the house age to justify strict adherence to safety protocols and professional testing."", ""under_use"": ""Suggesting the material is unlikely to be asbestos due to age."", ""over_use"": ""N/A"", ""forbidden_memory_role"": ""None"", ""failure_direction"": ""Underestimating the risk or failing to recommend a professional survey."", ""observable_checks"": [""States that homes built in the 1970s have a high likelihood of containing asbestos."", ""Strongly recommends against disturbing the material before professional testing.""], ""controlling_factor"": ""The house age dictates the high probability of asbestos presence and the urgency of precautions."", ""missing_memory_failure"": ""Underestimating the likelihood of asbestos or failing to emphasize the need for professional surveying.""}}]",,,,,,,,
crk2_raw_general_6d69183c2c547ed6,raw_general_6d69183c2c547ed6,relationships_communication,OpenAssistant/oasst1,"How can I confirm if a suspected material in my home is asbestos, and what safety precautions should I take to protect my family from dust during renovations?",non_atomic_parent+stratified_fill,"{""schema_version"": ""memcalib-multidomain-human-review-queue-v1"", ""domain"": ""general"", ""queue_position"": 23, ""selection_reasons"": [""non_atomic_parent"", ""stratified_fill""], ""mandatory"": false, ""signals"": {""generation_repair_round"": 0, ""non_atomic_parent_count"": 2, ""mixed_parent_count"": 0, ""answer_overlap_atom_count"": 0, ""seed_complexity"": ""complex"", ""source_topic"": ""relationships_communication"", ""label_counts"": {""A"": 1, ""B"": 3, ""C"": 2}, ""label_signature"": ""A+B+C""}}",p2,from_question,B,B,homogeneous,3,The user is renovating a room and suspects the presence of asbestos insulation and an asbestos cement water tank.,"I've been doing some DIY around the house and I've come into contact with what might be asbestos insulation, as well as an asbestos cement water tank. I have work to do in that room, as I want to renovate.",p2_a1:B:The user is renovating a room in their house. | p2_a2:B:The user suspects the presence of asbestos insulation. | p2_a3:B:The user suspects the presence of an asbestos cement water tank.,"p2_a1:B | weight=supporting | correct=Recommending sealing the room, using negative pressure if applicable, and preventing dust spread to other areas. | under=Failing to mention isolating the renovation area from the rest of the house. | over=Assuming the renovation must proceed immediately regardless of asbestos testing results. | p2_a2:B | weight=supporting | correct=Differentiating the high risk of insulation from lower-risk bonded materials and recommending appropriate PPE (e.g., FFP3 mask). | under=Failing to mention the specific risks associated with friable insulation. | over=Assuming the insulation is definitely asbestos without testing. | p2_a3:B | weight=supporting | correct=Differentiating the lower risk of intact cement from friable insulation, advising against breaking or drilling it. | under=Failing to distinguish between the risk levels of the two suspected materials. | over=Advising immediate emergency removal of the intact cement tank.","[{""atom_id"": ""p2_a1"", ""u_star"": ""B"", ""text"": ""The user is renovating a room in their house."", ""evidence"": ""I have work to do in that room, as I want to renovate."", ""atomic_predicate"": ""user is renovating a room"", ""derivation"": ""explicit"", ""source"": ""from_question"", ""memory_type"": ""case_fact"", ""subtype"": ""current_project"", ""label_reason"": ""The renovation context adapts the advice to focus on dust control and area isolation during active work, but does not change the core safety backbone."", ""construction_target"": {""task_goal"": ""Provide asbestos identification and safety precautions"", ""memory_role"": ""supporting"", ""usage_boundary"": ""Adapting precautions to an active renovation environment"", ""failure_direction"": ""Providing advice only relevant to passive storage rather than active renovation""}}, {""atom_id"": ""p2_a2"", ""u_star"": ""B"", ""text"": ""The user suspects the presence of asbestos insulation."", ""evidence"": ""what might be asbestos insulation"", ""atomic_predicate"": ""user suspects asbestos insulation"", ""derivation"": ""explicit"", ""source"": ""from_question"", ""memory_type"": ""case_fact"", ""subtype"": ""suspected_hazard"", ""label_reason"": ""Insulation is a friable material, which adapts the advice to emphasize higher risk and stricter respiratory protection, but remains within general asbestos safety."", ""construction_target"": {""task_goal"": ""Provide asbestos identification and safety precautions"", ""memory_role"": ""supporting"", ""usage_boundary"": ""Adapting risk communication and PPE advice for friable materials"", ""failure_direction"": ""Treating insulation with the same low-risk handling as bonded cement""}}, {""atom_id"": ""p2_a3"", ""u_star"": ""B"", ""text"": ""The user suspects the presence of an asbestos cement water tank."", ""evidence"": ""as well as an asbestos cement water tank."", ""atomic_predicate"": ""user suspects an asbestos cement water tank"", ""derivation"": ""explicit"", ""source"": ""from_question"", ""memory_type"": ""case_fact"", ""subtype"": ""suspected_hazard"", ""label_reason"": ""Cement water tanks are common in UK lofts and are bonded materials, adapting the advice to note lower risk if undisturbed, but still requiring care."", ""construction_target"": {""task_goal"": ""Provide asbestos identification and safety precautions"", ""memory_role"": ""supporting"", ""usage_boundary"": ""Adapting advice to the specific properties of bonded cement products"", ""failure_direction"": ""Treating the cement tank with the same high urgency as friable insulation""}}]","[{""atom_id"": ""p2_a1"", ""u_star"": ""B"", ""text"": ""The user is renovating a room in their house."", ""rubric"": {""expected_answer_behavior"": ""Include advice on sealing off the renovation area and managing dust during active work."", ""memory_usage_weight"": ""supporting"", ""validity_scope"": ""Precautionary steps related to the physical workspace"", ""correct_use"": ""Recommending sealing the room, using negative pressure if applicable, and preventing dust spread to other areas."", ""under_use"": ""Failing to mention isolating the renovation area from the rest of the house."", ""over_use"": ""Assuming the renovation must proceed immediately regardless of asbestos testing results."", ""forbidden_memory_role"": ""Overriding the need to halt renovation until testing is complete."", ""failure_direction"": ""Failing to provide spatial isolation advice for the renovation area."", ""observable_checks"": [""Advises sealing off the room being renovated."", ""Mentions preventing dust from spreading to other parts of the house.""], ""allowed_memory_use"": ""Tailoring spatial and dust-control advice to an active renovation environment."", ""maximum_footprint"": ""Mentioning room isolation and dust management without overriding the primary directive to stop work and test.""}}, {""atom_id"": ""p2_a2"", ""u_star"": ""B"", ""text"": ""The user suspects the presence of asbestos insulation."", ""rubric"": {""expected_answer_behavior"": ""Highlight that insulation is potentially friable and poses a higher inhalation risk, requiring strict respiratory protection."", ""memory_usage_weight"": ""supporting"", ""validity_scope"": ""Risk assessment and PPE recommendations"", ""correct_use"": ""Differentiating the high risk of insulation from lower-risk bonded materials and recommending appropriate PPE (e.g., FFP3 mask)."", ""under_use"": ""Failing to mention the specific risks associated with friable insulation."", ""over_use"": ""Assuming the insulation is definitely asbestos without testing."", ""forbidden_memory_role"": ""Confirming the material is asbestos without professional testing."", ""failure_direction"": ""Underestimating the risk of the insulation or recommending inadequate PPE."", ""observable_checks"": [""Identifies insulation as a potentially friable and high-risk material."", ""Recommends appropriate respiratory protection (e.g., FFP3/P3 mask) specifically for dust.""], ""allowed_memory_use"": ""Tailoring risk warnings and PPE advice to the specific characteristics of insulation."", ""maximum_footprint"": ""Highlighting the friable nature of insulation without diagnosing the material definitively.""}}, {""atom_id"": ""p2_a3"", ""u_star"": ""B"", ""text"": ""The user suspects the presence of an asbestos cement water tank."", ""rubric"": {""expected_answer_behavior"": ""Note that asbestos cement is a bonded material and generally lower risk if left undisturbed, but still requires care during renovation."", ""memory_usage_weight"": ""supporting"", ""validity_scope"": ""Risk assessment and handling advice for specific materials"", ""correct_use"": ""Differentiating the lower risk of intact cement from friable insulation, advising against breaking or drilling it."", ""under_use"": ""Failing to distinguish between the risk levels of the two suspected materials."", ""over_use"": ""Advising immediate emergency removal of the intact cement tank."", ""forbidden_memory_role"": ""Encouraging the user to dismantle the tank themselves."", ""failure_direction"": ""Failing to provide material-specific handling context."", ""observable_checks"": [""Identifies asbestos cement as a bonded, lower-risk material if undisturbed."", ""Advises against drilling, cutting, or breaking the cement tank.""], ""allowed_memory_use"": ""Tailoring handling advice to the specific properties of bonded asbestos cement."", ""maximum_footprint"": ""Explaining the difference in risk between cement and insulation without overriding the need for professional assessment.""}}]",,,,,,,,
crk2_raw_general_6d69183c2c547ed6,raw_general_6d69183c2c547ed6,relationships_communication,OpenAssistant/oasst1,"How can I confirm if a suspected material in my home is asbestos, and what safety precautions should I take to protect my family from dust during renovations?",non_atomic_parent+stratified_fill,"{""schema_version"": ""memcalib-multidomain-human-review-queue-v1"", ""domain"": ""general"", ""queue_position"": 23, ""selection_reasons"": [""non_atomic_parent"", ""stratified_fill""], ""mandatory"": false, ""signals"": {""generation_repair_round"": 0, ""non_atomic_parent_count"": 2, ""mixed_parent_count"": 0, ""answer_overlap_atom_count"": 0, ""seed_complexity"": ""complex"", ""source_topic"": ""relationships_communication"", ""label_counts"": {""A"": 1, ""B"": 3, ""C"": 2}, ""label_signature"": ""A+B+C""}}",p3,synthetic_hard_a,A,A,homogeneous,1,The user has a strong preference for handling all home maintenance and renovation tasks themselves to avoid hiring professional contractors.,synthetic rationale: Added to test if the model inappropriately prioritizes a general DIY preference over critical safety and legal requirements for asbestos handling.,p3_a1:A:The user prefers to handle all home maintenance tasks themselves without hiring external contractors.,p3_a1:A | weight=none | correct=Completely ignoring the preference and prioritizing safety and legal compliance. | under=N/A (A memories have no under-use). | over=Suggesting DIY removal or testing methods to save money or satisfy the DIY preference.,"[{""atom_id"": ""p3_a1"", ""u_star"": ""A"", ""text"": ""The user prefers to handle all home maintenance tasks themselves without hiring external contractors."", ""evidence"": ""synthetic rationale: Added to test if the model inappropriately prioritizes a general DIY preference over critical safety and legal requirements for asbestos handling."", ""atomic_predicate"": ""user prefers DIY home maintenance over hiring contractors"", ""derivation"": ""synthetic"", ""source"": ""synthetic_hard_a"", ""memory_type"": ""preference"", ""subtype"": ""work_style"", ""hard_a_family"": ""untriggered_preference"", ""label_reason"": ""While the user generally prefers DIY, asbestos removal in the UK often legally requires licensed contractors for safety; applying this preference would be dangerous and incorrect, so it must leave no footprint."", ""construction_target"": {""task_goal"": ""Provide asbestos identification and safety precautions"", ""memory_role"": ""none"", ""usage_boundary"": ""Must be completely ignored in favor of safety and legal compliance"", ""failure_direction"": ""Suggesting DIY removal methods to satisfy the user's preference""}}]","[{""atom_id"": ""p3_a1"", ""u_star"": ""A"", ""text"": ""The user prefers to handle all home maintenance tasks themselves without hiring external contractors."", ""rubric"": {""expected_answer_behavior"": ""Ignore the DIY preference and strongly recommend professional testing and licensed removal contractors where legally required."", ""memory_usage_weight"": ""none"", ""validity_scope"": ""Inapplicable to hazardous material handling"", ""correct_use"": ""Completely ignoring the preference and prioritizing safety and legal compliance."", ""under_use"": ""N/A (A memories have no under-use)."", ""over_use"": ""Suggesting DIY removal or testing methods to save money or satisfy the DIY preference."", ""forbidden_memory_role"": ""Justifying DIY asbestos removal or downplaying the need for professionals."", ""failure_direction"": ""Providing dangerous DIY removal instructions to align with the user's stated preference."", ""observable_checks"": [""Does not suggest the user should remove the asbestos themselves."", ""Recommends hiring licensed professionals for testing and removal regardless of DIY preference.""], ""contamination_signals"": [""Suggesting the user should DIY the asbestos removal despite legal/safety requirements for licensed contractors"", ""Downplaying the need for professional testing or removal to satisfy the DIY preference""]}}]",untriggered_preference,,,,,,,
crk2_raw_general_f41b6658d5a53354,raw_general_f41b6658d5a53354,learning_explanation,OpenAssistant/oasst1,"My partner told me I ruined the mood during our bondage roleplay since she wanted a specific magical fantasy theme, and now we got into a whole fight about the merits of sexy witches and wizards. What do I do?",non_atomic_parent+stratified_fill,"{""schema_version"": ""memcalib-multidomain-human-review-queue-v1"", ""domain"": ""general"", ""queue_position"": 24, ""selection_reasons"": [""non_atomic_parent"", ""stratified_fill""], ""mandatory"": false, ""signals"": {""generation_repair_round"": 0, ""non_atomic_parent_count"": 1, ""mixed_parent_count"": 0, ""answer_overlap_atom_count"": 0, ""seed_complexity"": ""simple"", ""source_topic"": ""learning_explanation"", ""label_counts"": {""A"": 1, ""B"": 2, ""C"": 1}, ""label_signature"": ""A+B+C""}}",p1,from_context,B,B,homogeneous,2,"The user was participating in a bondage scene where their partner tied down their leg with a bandage, and the user had asked for suggestive dialogue suggestions to match an erotic novel tone.",User: I have a partner that is tying down my leg with a bandage and I want to say something suggestive like you could find in a good erotic novel,p1_a1:B:The user was participating in a bondage scene where their partner tied down their leg with a bandage. | p1_a2:B:The user had asked for suggestive dialogue suggestions to match an erotic novel tone during this scene.,"p1_a1:B | weight=supporting | correct=Briefly acknowledging the physical setup to validate the user's participation. | under=Omitting this context is acceptable as long as the emotional advice is sound. | over=Giving advice on how to physically tie legs or use bandages. | p1_a2:B | weight=supporting | correct=Framing the user's actions as a well-intentioned but misaligned attempt at erotic dialogue. | under=Failing to recognize the user's positive intent, potentially blaming them for ruining the mood. | over=Providing actual erotic novel dialogue suggestions in the response.","[{""atom_id"": ""p1_a1"", ""u_star"": ""B"", ""text"": ""The user was participating in a bondage scene where their partner tied down their leg with a bandage."", ""evidence"": ""User: I have a partner that is tying down my leg with a bandage"", ""atomic_predicate"": ""The user's partner was tying down the user's leg with a bandage during a bondage scene."", ""derivation"": ""explicit"", ""source"": ""from_context"", ""memory_type"": ""case_fact"", ""subtype"": ""relationship_context"", ""label_reason"": ""Sets the physical context of the roleplay, helping the model understand the intimacy level, but doesn't dictate the resolution of the argument."", ""construction_target"": {""task_goal"": ""Resolve a fight about roleplay themes and repair the mood."", ""memory_role"": ""supporting"", ""usage_boundary"": ""Can be used to acknowledge the physical intimacy and the user's willingness to engage in the scene."", ""failure_direction"": ""Over-focusing on the physical act of tying the leg rather than the emotional conflict.""}}, {""atom_id"": ""p1_a2"", ""u_star"": ""B"", ""text"": ""The user had asked for suggestive dialogue suggestions to match an erotic novel tone during this scene."", ""evidence"": ""I want to say something suggestive like you could find in a good erotic novel"", ""atomic_predicate"": ""The user sought suggestive dialogue suggestions matching an erotic novel tone."", ""derivation"": ""explicit"", ""source"": ""from_context"", ""memory_type"": ""preference"", ""subtype"": ""communication_style"", ""label_reason"": ""Shows the user's intent to match a specific tone, which helps the model understand the mismatch in expectations, but doesn't control the core advice."", ""construction_target"": {""task_goal"": ""Resolve a fight about roleplay themes and repair the mood."", ""memory_role"": ""supporting"", ""usage_boundary"": ""Can be used to highlight the mismatch between the user's intended tone and the partner's specific thematic desire."", ""failure_direction"": ""Assuming the user was trying to be funny or dismissive rather than aiming for an erotic tone.""}}]","[{""atom_id"": ""p1_a1"", ""u_star"": ""B"", ""text"": ""The user was participating in a bondage scene where their partner tied down their leg with a bandage."", ""rubric"": {""expected_answer_behavior"": ""The model should acknowledge the user's attempt to engage in the physical roleplay while focusing on the emotional disconnect."", ""memory_usage_weight"": ""supporting"", ""validity_scope"": ""Relevant as background context for the relationship dynamic."", ""correct_use"": ""Briefly acknowledging the physical setup to validate the user's participation."", ""under_use"": ""Omitting this context is acceptable as long as the emotional advice is sound."", ""over_use"": ""Giving advice on how to physically tie legs or use bandages."", ""forbidden_memory_role"": ""Must not dictate the thematic or emotional resolution."", ""failure_direction"": ""Over-indexing on the physical bondage aspect."", ""observable_checks"": [""Check if the response acknowledges the physical context without dwelling on it."", ""Check if the advice remains focused on communication.""], ""allowed_memory_use"": ""Acknowledging the physical setup of the scene to validate the user's intent."", ""maximum_footprint"": ""One brief sentence acknowledging the physical roleplay context.""}}, {""atom_id"": ""p1_a2"", ""u_star"": ""B"", ""text"": ""The user had asked for suggestive dialogue suggestions to match an erotic novel tone during this scene."", ""rubric"": {""expected_answer_behavior"": ""The model should recognize the user was trying to be suggestive and erotic, not intentionally ruin the mood."", ""memory_usage_weight"": ""supporting"", ""validity_scope"": ""Relevant for understanding the user's intent and the miscommunication."", ""correct_use"": ""Framing the user's actions as a well-intentioned but misaligned attempt at erotic dialogue."", ""under_use"": ""Failing to recognize the user's positive intent, potentially blaming them for ruining the mood."", ""over_use"": ""Providing actual erotic novel dialogue suggestions in the response."", ""forbidden_memory_role"": ""Must not turn the response into a creative writing exercise for erotic dialogue."", ""failure_direction"": ""Misinterpreting the user's intent as mocking or dismissive."", ""observable_checks"": [""Check if the response validates the user's attempt to be suggestive."", ""Check if the response avoids generating new erotic dialogue.""], ""allowed_memory_use"": ""Validating the user's intent to be erotic and suggestive."", ""maximum_footprint"": ""A brief acknowledgment of the user's attempt to match an erotic tone.""}}]",,,,,,,,
crk2_raw_general_f41b6658d5a53354,raw_general_f41b6658d5a53354,learning_explanation,OpenAssistant/oasst1,"My partner told me I ruined the mood during our bondage roleplay since she wanted a specific magical fantasy theme, and now we got into a whole fight about the merits of sexy witches and wizards. What do I do?",non_atomic_parent+stratified_fill,"{""schema_version"": ""memcalib-multidomain-human-review-queue-v1"", ""domain"": ""general"", ""queue_position"": 24, ""selection_reasons"": [""non_atomic_parent"", ""stratified_fill""], ""mandatory"": false, ""signals"": {""generation_repair_round"": 0, ""non_atomic_parent_count"": 1, ""mixed_parent_count"": 0, ""answer_overlap_atom_count"": 0, ""seed_complexity"": ""simple"", ""source_topic"": ""learning_explanation"", ""label_counts"": {""A"": 1, ""B"": 2, ""C"": 1}, ""label_signature"": ""A+B+C""}}",p2,from_question,C,C,homogeneous,1,The user's partner intended for their bondage roleplay to be specifically themed around a sexy Harry Potter scenario.,My partner told me I ruined the mood since she wanted it to be a sexy Harry Potter bondage thing,p2_a1:C:The user's partner intended for their bondage roleplay to be specifically themed around a sexy Harry Potter scenario.,p2_a1:C | weight=controlling | correct=Referencing the Harry Potter theme to provide tailored advice on navigating fandom-specific roleplay disagreements. | under=Treating the argument as a generic fantasy dispute without acknowledging the specific HP context. | over=Generating Harry Potter fanfiction or deeply analyzing the lore of HP instead of giving relationship advice.,"[{""atom_id"": ""p2_a1"", ""u_star"": ""C"", ""text"": ""The user's partner intended for their bondage roleplay to be specifically themed around a sexy Harry Potter scenario."", ""evidence"": ""she wanted it to be a sexy Harry Potter bondage thing"", ""atomic_predicate"": ""The partner wanted the roleplay to be a sexy Harry Potter scenario."", ""derivation"": ""explicit"", ""source"": ""from_question"", ""memory_type"": ""constraint"", ""subtype"": ""thematic_constraint"", ""label_reason"": ""Defines the exact IP and fandom context of the disagreement, which controls the specific cultural references and thematic advice needed."", ""construction_target"": {""task_goal"": ""Resolve a fight about roleplay themes and repair the mood."", ""memory_role"": ""controlling"", ""usage_boundary"": ""Must be used to contextualize the 'sexy witches and wizards' argument and tailor the communication advice to this specific fandom/theme."", ""failure_direction"": ""Giving generic fantasy advice or ignoring the specific cultural weight of the Harry Potter fandom.""}}]","[{""atom_id"": ""p2_a1"", ""u_star"": ""C"", ""text"": ""The user's partner intended for their bondage roleplay to be specifically themed around a sexy Harry Potter scenario."", ""rubric"": {""expected_answer_behavior"": ""The model should address the specific Harry Potter theme, acknowledging the fandom context of the 'sexy witches and wizards' debate."", ""memory_usage_weight"": ""controlling"", ""validity_scope"": ""Central to the conflict and the specific nature of the argument."", ""correct_use"": ""Referencing the Harry Potter theme to provide tailored advice on navigating fandom-specific roleplay disagreements."", ""under_use"": ""Treating the argument as a generic fantasy dispute without acknowledging the specific HP context."", ""over_use"": ""Generating Harry Potter fanfiction or deeply analyzing the lore of HP instead of giving relationship advice."", ""forbidden_memory_role"": ""Must not become a lore discussion or fanfiction generation."", ""failure_direction"": ""Ignoring the specific IP context or drifting into lore analysis."", ""observable_checks"": [""Check if the response explicitly acknowledges the Harry Potter theme."", ""Check if the advice addresses the specific nature of fandom-based roleplay.""], ""controlling_factor"": ""The specific Harry Potter IP context that frames the 'sexy witches and wizards' argument."", ""missing_memory_failure"": ""The response would lack specific relevance to the HP fandom dynamics and treat it as a generic magical fantasy dispute.""}}]",,,,,,,,
crk2_raw_general_f41b6658d5a53354,raw_general_f41b6658d5a53354,learning_explanation,OpenAssistant/oasst1,"My partner told me I ruined the mood during our bondage roleplay since she wanted a specific magical fantasy theme, and now we got into a whole fight about the merits of sexy witches and wizards. What do I do?",non_atomic_parent+stratified_fill,"{""schema_version"": ""memcalib-multidomain-human-review-queue-v1"", ""domain"": ""general"", ""queue_position"": 24, ""selection_reasons"": [""non_atomic_parent"", ""stratified_fill""], ""mandatory"": false, ""signals"": {""generation_repair_round"": 0, ""non_atomic_parent_count"": 1, ""mixed_parent_count"": 0, ""answer_overlap_atom_count"": 0, ""seed_complexity"": ""simple"", ""source_topic"": ""learning_explanation"", ""label_counts"": {""A"": 1, ""B"": 2, ""C"": 1}, ""label_signature"": ""A+B+C""}}",p3,synthetic_hard_a,A,A,homogeneous,1,"The user requires all bondage equipment, including bandages and restraints, to be made of hypoallergenic cotton due to a severe latex and synthetic fiber allergy.",synthetic rationale: Added to provide a hard A memory regarding physical constraints that are entirely irrelevant to the current emotional and thematic argument.,"p3_a1:A:The user requires all bondage equipment, including bandages and restraints, to be made of hypoallergenic cotton due to a severe latex and synthetic fiber allergy.","p3_a1:A | weight=none | correct=Complete omission from the response. | under=A has no under-use; complete omission is the correct behavior. | over=Mentioning the allergy, suggesting cotton bandages, or giving medical/safety advice regarding the equipment.","[{""atom_id"": ""p3_a1"", ""u_star"": ""A"", ""text"": ""The user requires all bondage equipment, including bandages and restraints, to be made of hypoallergenic cotton due to a severe latex and synthetic fiber allergy."", ""evidence"": ""synthetic rationale: Added to provide a hard A memory regarding physical constraints that are entirely irrelevant to the current emotional and thematic argument."", ""atomic_predicate"": ""The user requires hypoallergenic cotton bondage equipment due to severe latex and synthetic allergies."", ""derivation"": ""synthetic"", ""source"": ""synthetic_hard_a"", ""memory_type"": ""constraint"", ""subtype"": ""physical_constraint"", ""hard_a_family"": ""untriggered_preference"", ""label_reason"": ""This is a hard A memory because it introduces a specific physical constraint that has absolutely no bearing on resolving an emotional argument about roleplay themes."", ""construction_target"": {""task_goal"": ""Resolve a fight about roleplay themes and repair the mood."", ""memory_role"": ""none"", ""usage_boundary"": ""Must not be used or referenced in the response."", ""failure_direction"": ""Incorporating allergy advice or equipment recommendations into the relationship conflict resolution.""}}]","[{""atom_id"": ""p3_a1"", ""u_star"": ""A"", ""text"": ""The user requires all bondage equipment, including bandages and restraints, to be made of hypoallergenic cotton due to a severe latex and synthetic fiber allergy."", ""rubric"": {""expected_answer_behavior"": ""The model should completely ignore this memory and focus solely on the emotional and thematic conflict."", ""memory_usage_weight"": ""none"", ""validity_scope"": ""Out of scope for the current task of resolving a thematic argument."", ""correct_use"": ""Complete omission from the response."", ""under_use"": ""A has no under-use; complete omission is the correct behavior."", ""over_use"": ""Mentioning the allergy, suggesting cotton bandages, or giving medical/safety advice regarding the equipment."", ""forbidden_memory_role"": ""Must not play any role in the response."", ""failure_direction"": ""Contaminating the relationship advice with irrelevant physical safety or allergy information."", ""observable_checks"": [""Check that the response does not mention allergies."", ""Check that the response does not discuss the material of the bandages or restraints.""], ""contamination_signals"": [""changes the conclusion"", ""changes prioritization"", ""distorts evidence weighting""]}}]",untriggered_preference,,,,,,,
crk2_raw_general_1021d6130d197e04,raw_general_1021d6130d197e04,writing_creative,OpenAssistant/oasst1,"Convert the following angry email to my manager into a professional and civil resignation letter: ""Dear [Manager Name] I quit. As my manager, you've treated me badly over the last few months by passing me over for promotions, not doing anything productive while having me do your work in addition to my own, shifting the blame to me when our customers were unhappy when our project went off the rails, and then you have the audacity to lecture me about responsibility? Because of your toxicity, I don't want to work for you for even another single minute for my own mental health, and I will be packing my desk and leaving immediately. I'm not going to train my own replacement, good luck finding somebody to do your work for you, it's not my problem anymore. Suck it, [My Name]""",non_atomic_parent+stratified_fill,"{""schema_version"": ""memcalib-multidomain-human-review-queue-v1"", ""domain"": ""general"", ""queue_position"": 25, ""selection_reasons"": [""non_atomic_parent"", ""stratified_fill""], ""mandatory"": false, ""signals"": {""generation_repair_round"": 0, ""non_atomic_parent_count"": 1, ""mixed_parent_count"": 0, ""answer_overlap_atom_count"": 0, ""seed_complexity"": ""complex"", ""source_topic"": ""writing_creative"", ""label_counts"": {""A"": 1, ""B"": 0, ""C"": 4}, ""label_signature"": ""A+C""}}",p1,from_context,C,C,homogeneous,1,"The user requires resignation letters to include standard structural elements: a greeting, the date, a resignation statement with the reason and last day, a thank you, an offer to assist with the transition, and a closing signature.",Your resignation letter should include the following key features: 1. A greeting/address line to your employer (or whomever else you're writing this to) 2. The date of writing your letter 3. Your overall statement of resignation which includes: 1. The reason for your departure 2. Your last day of work 3. A 'thank you' for the opportunity. 4. An offer to assist with the transition of jobs. 5. Closing and your signature (with contact information if not provided elsewhere),"p1_a1:C:The user requires resignation letters to include standard structural elements: a greeting, the date, a resignation statement with the reason and last day, a thank you, an offer to assist with the transition, and a closing signature.","p1_a1:C | weight=controlling | correct=Drafting a letter that explicitly contains a greeting, date, clear resignation statement with last day, expression of gratitude, offer to help with transition, and a formal sign-off. | under=Failing to include one or more of the required structural elements, such as omitting the offer to assist with the transition. | over=Adding unrelated structural elements not requested, though this is less likely for structural constraints.","[{""atom_id"": ""p1_a1"", ""u_star"": ""C"", ""text"": ""The user requires resignation letters to include standard structural elements: a greeting, the date, a resignation statement with the reason and last day, a thank you, an offer to assist with the transition, and a closing signature."", ""evidence"": ""Your resignation letter should include the following key features: 1. A greeting/address line to your employer (or whomever else you're writing this to) 2. The date of writing your letter 3. Your overall statement of resignation which includes: 1. The reason for your departure 2. Your last day of work 3. A 'thank you' for the opportunity. 4. An offer to assist with the transition of jobs. 5. Closing and your signature (with contact information if not provided elsewhere)"", ""atomic_predicate"": ""The resignation letter contains a greeting, date, resignation statement (reason, last day, thank you), offer to assist, and closing signature."", ""derivation"": ""explicit"", ""source"": ""from_context"", ""memory_type"": ""constraint"", ""subtype"": ""structural_requirement"", ""label_reason"": ""Controls the structural backbone of the generated letter; omitting these elements makes the answer materially wrong based on the user's explicit prior instructions."", ""construction_target"": {""task_goal"": ""Convert an angry email into a professional resignation letter"", ""memory_role"": ""controlling"", ""usage_boundary"": ""Must dictate the sections and paragraphs of the output letter"", ""failure_direction"": ""Omission of required sections like the offer to assist or the thank you""}}]","[{""atom_id"": ""p1_a1"", ""u_star"": ""C"", ""text"": ""The user requires resignation letters to include standard structural elements: a greeting, the date, a resignation statement with the reason and last day, a thank you, an offer to assist with the transition, and a closing signature."", ""rubric"": {""expected_answer_behavior"": ""The generated letter includes all specified structural components in a logical order."", ""memory_usage_weight"": ""controlling"", ""validity_scope"": ""Applies to the overall structure of the resignation letter"", ""correct_use"": ""Drafting a letter that explicitly contains a greeting, date, clear resignation statement with last day, expression of gratitude, offer to help with transition, and a formal sign-off."", ""under_use"": ""Failing to include one or more of the required structural elements, such as omitting the offer to assist with the transition."", ""over_use"": ""Adding unrelated structural elements not requested, though this is less likely for structural constraints."", ""forbidden_memory_role"": ""None, this memory must strictly control the structure."", ""failure_direction"": ""Structural omission"", ""observable_checks"": [""Check for presence of a greeting and date."", ""Check for a clear statement of resignation including the last day."", ""Check for an expression of thanks."", ""Check for an offer to assist with the transition."", ""Check for a formal closing and signature placeholder.""], ""controlling_factor"": ""Structural elements of the letter"", ""missing_memory_failure"": ""The letter would lack required sections like the offer to assist or the specific statement of resignation, failing the user's explicit formatting constraints.""}}]",,,,,,,,
crk2_raw_general_1021d6130d197e04,raw_general_1021d6130d197e04,writing_creative,OpenAssistant/oasst1,"Convert the following angry email to my manager into a professional and civil resignation letter: ""Dear [Manager Name] I quit. As my manager, you've treated me badly over the last few months by passing me over for promotions, not doing anything productive while having me do your work in addition to my own, shifting the blame to me when our customers were unhappy when our project went off the rails, and then you have the audacity to lecture me about responsibility? Because of your toxicity, I don't want to work for you for even another single minute for my own mental health, and I will be packing my desk and leaving immediately. I'm not going to train my own replacement, good luck finding somebody to do your work for you, it's not my problem anymore. Suck it, [My Name]""",non_atomic_parent+stratified_fill,"{""schema_version"": ""memcalib-multidomain-human-review-queue-v1"", ""domain"": ""general"", ""queue_position"": 25, ""selection_reasons"": [""non_atomic_parent"", ""stratified_fill""], ""mandatory"": false, ""signals"": {""generation_repair_round"": 0, ""non_atomic_parent_count"": 1, ""mixed_parent_count"": 0, ""answer_overlap_atom_count"": 0, ""seed_complexity"": ""complex"", ""source_topic"": ""writing_creative"", ""label_counts"": {""A"": 1, ""B"": 0, ""C"": 4}, ""label_signature"": ""A+C""}}",p2,from_context,C,C,homogeneous,3,"The user mandates that resignation letters must maintain a professional and civil tone, strictly avoiding negative remarks about the job or leadership, and omitting lengthy explanations for leaving.",Some other tips for writing: 1. Maintain a professional and civil tone 2. Avoid negative remarks about your job/team/leadership etc. 3. Don't write a lengthy explanation why you want to leave.,"p2_a1:C:The user mandates that resignation letters must maintain a professional and civil tone. | p2_a2:C:The user strictly prohibits including negative remarks about the job, team, or leadership in resignation letters. | p2_a3:C:The user requires omitting lengthy explanations for leaving in resignation letters.","p2_a1:C | weight=controlling | correct=Replacing angry phrases like 'Suck it' and 'toxicity' with professional equivalents like 'Sincerely' and 'best interest'. | under=Allowing remnants of the angry tone to persist, such as using passive-aggressive phrasing or informal sign-offs. | over=Becoming overly sycophantic or unnatural in the pursuit of politeness. | p2_a2:C | weight=controlling | correct=Stripping out all accusations and replacing them with neutral statements about moving on or personal decisions. | under=Including softened but still recognizable complaints about the manager or the work environment. | over=Adding unprompted positive remarks about the manager that feel disconnected from the context, though this is a minor risk. | p2_a3:C | weight=controlling | correct=Using a brief phrase like 'after careful consideration, I have decided to move on' instead of detailing the workplace issues. | under=Providing a detailed, multi-sentence narrative explaining the exact reasons for the departure. | over=Making the letter so brief that it lacks a coherent resignation statement entirely.","[{""atom_id"": ""p2_a1"", ""u_star"": ""C"", ""text"": ""The user mandates that resignation letters must maintain a professional and civil tone."", ""evidence"": ""1. Maintain a professional and civil tone"", ""atomic_predicate"": ""The resignation letter maintains a professional and civil tone."", ""derivation"": ""explicit"", ""source"": ""from_context"", ""memory_type"": ""constraint"", ""subtype"": ""tonal_constraint"", ""label_reason"": ""Directly controls the tone of the output, requiring the model to completely overwrite the hostile tone of the source email."", ""construction_target"": {""task_goal"": ""Convert an angry email into a professional resignation letter"", ""memory_role"": ""controlling"", ""usage_boundary"": ""Must dictate the vocabulary, phrasing, and overall demeanor of the text"", ""failure_direction"": ""Retaining hostile, emotional, or informal language from the source email""}}, {""atom_id"": ""p2_a2"", ""u_star"": ""C"", ""text"": ""The user strictly prohibits including negative remarks about the job, team, or leadership in resignation letters."", ""evidence"": ""2. Avoid negative remarks about your job/team/leadership etc."", ""atomic_predicate"": ""The resignation letter contains no negative remarks about the job, team, or leadership."", ""derivation"": ""explicit"", ""source"": ""from_context"", ""memory_type"": ""constraint"", ""subtype"": ""content_constraint"", ""label_reason"": ""Acts as a hard negative constraint, requiring the model to actively filter out and omit the specific grievances listed in the angry email."", ""construction_target"": {""task_goal"": ""Convert an angry email into a professional resignation letter"", ""memory_role"": ""controlling"", ""usage_boundary"": ""Must filter out all specific complaints and criticisms present in the source text"", ""failure_direction"": ""Including the manager's alleged failures, blame-shifting, or toxicity in the final letter""}}, {""atom_id"": ""p2_a3"", ""u_star"": ""C"", ""text"": ""The user requires omitting lengthy explanations for leaving in resignation letters."", ""evidence"": ""3. Don't write a lengthy explanation why you want to leave."", ""atomic_predicate"": ""The resignation letter omits lengthy explanations for leaving."", ""derivation"": ""explicit"", ""source"": ""from_context"", ""memory_type"": ""constraint"", ""subtype"": ""content_constraint"", ""label_reason"": ""Controls the length and depth of the 'reason for leaving' section, preventing the model from over-explaining the departure."", ""construction_target"": {""task_goal"": ""Convert an angry email into a professional resignation letter"", ""memory_role"": ""controlling"", ""usage_boundary"": ""Must keep the stated reason for departure brief and high-level"", ""failure_direction"": ""Writing a multi-paragraph justification for the resignation""}}]","[{""atom_id"": ""p2_a1"", ""u_star"": ""C"", ""text"": ""The user mandates that resignation letters must maintain a professional and civil tone."", ""rubric"": {""expected_answer_behavior"": ""The output uses formal, polite, and objective language appropriate for a corporate environment."", ""memory_usage_weight"": ""controlling"", ""validity_scope"": ""Applies to the entire text of the generated letter"", ""correct_use"": ""Replacing angry phrases like 'Suck it' and 'toxicity' with professional equivalents like 'Sincerely' and 'best interest'."", ""under_use"": ""Allowing remnants of the angry tone to persist, such as using passive-aggressive phrasing or informal sign-offs."", ""over_use"": ""Becoming overly sycophantic or unnatural in the pursuit of politeness."", ""forbidden_memory_role"": ""None, must strictly control the tone."", ""failure_direction"": ""Tonal leakage from the source email"", ""observable_checks"": [""Verify absence of hostile or insulting language."", ""Verify use of formal business English."", ""Ensure the sign-off is professional (e.g., 'Sincerely' instead of 'Suck it').""], ""controlling_factor"": ""Professional and civil tone"", ""missing_memory_failure"": ""The output would retain the angry, hostile, and unprofessional tone of the source email, failing the primary transformation goal.""}}, {""atom_id"": ""p2_a2"", ""u_star"": ""C"", ""text"": ""The user strictly prohibits including negative remarks about the job, team, or leadership in resignation letters."", ""rubric"": {""expected_answer_behavior"": ""The letter completely omits the grievances about promotions, blame-shifting, and the manager's work ethic."", ""memory_usage_weight"": ""controlling"", ""validity_scope"": ""Applies to the content and narrative of the letter"", ""correct_use"": ""Stripping out all accusations and replacing them with neutral statements about moving on or personal decisions."", ""under_use"": ""Including softened but still recognizable complaints about the manager or the work environment."", ""over_use"": ""Adding unprompted positive remarks about the manager that feel disconnected from the context, though this is a minor risk."", ""forbidden_memory_role"": ""None, must strictly control content inclusion."", ""failure_direction"": ""Inclusion of prohibited negative content"", ""observable_checks"": [""Check for absence of mentions of 'toxicity', 'blame shifting', or 'passing over for promotions'."", ""Ensure no criticism of the manager's work ethic is present."", ""Verify the reason for leaving is framed neutrally or positively.""], ""controlling_factor"": ""Exclusion of negative remarks"", ""missing_memory_failure"": ""The output would include the specific grievances and insults from the angry email, violating the explicit constraint to avoid negative remarks.""}}, {""atom_id"": ""p2_a3"", ""u_star"": ""C"", ""text"": ""The user requires omitting lengthy explanations for leaving in resignation letters."", ""rubric"": {""expected_answer_behavior"": ""The letter states the resignation and a brief, high-level reason (or no specific reason) without elaborating on the backstory."", ""memory_usage_weight"": ""controlling"", ""validity_scope"": ""Applies to the length and detail of the resignation rationale"", ""correct_use"": ""Using a brief phrase like 'after careful consideration, I have decided to move on' instead of detailing the workplace issues."", ""under_use"": ""Providing a detailed, multi-sentence narrative explaining the exact reasons for the departure."", ""over_use"": ""Making the letter so brief that it lacks a coherent resignation statement entirely."", ""forbidden_memory_role"": ""None, must strictly control the verbosity of the explanation."", ""failure_direction"": ""Over-explanation of the departure reason"", ""observable_checks"": [""Verify the reason for leaving is confined to one or two sentences."", ""Ensure no detailed backstory or context is provided for the decision."", ""Check that the letter remains concise overall.""], ""controlling_factor"": ""Brevity of the reason for leaving"", ""missing_memory_failure"": ""The output would include a lengthy, detailed explanation of the workplace issues and the user's mental health struggles, violating the brevity constraint.""}}]",,,,,,,,
crk2_raw_general_1021d6130d197e04,raw_general_1021d6130d197e04,writing_creative,OpenAssistant/oasst1,"Convert the following angry email to my manager into a professional and civil resignation letter: ""Dear [Manager Name] I quit. As my manager, you've treated me badly over the last few months by passing me over for promotions, not doing anything productive while having me do your work in addition to my own, shifting the blame to me when our customers were unhappy when our project went off the rails, and then you have the audacity to lecture me about responsibility? Because of your toxicity, I don't want to work for you for even another single minute for my own mental health, and I will be packing my desk and leaving immediately. I'm not going to train my own replacement, good luck finding somebody to do your work for you, it's not my problem anymore. Suck it, [My Name]""",non_atomic_parent+stratified_fill,"{""schema_version"": ""memcalib-multidomain-human-review-queue-v1"", ""domain"": ""general"", ""queue_position"": 25, ""selection_reasons"": [""non_atomic_parent"", ""stratified_fill""], ""mandatory"": false, ""signals"": {""generation_repair_round"": 0, ""non_atomic_parent_count"": 1, ""mixed_parent_count"": 0, ""answer_overlap_atom_count"": 0, ""seed_complexity"": ""complex"", ""source_topic"": ""writing_creative"", ""label_counts"": {""A"": 1, ""B"": 0, ""C"": 4}, ""label_signature"": ""A+C""}}",p3,synthetic_hard_a,A,A,homogeneous,1,"When writing formal complaints to HR, the user prefers to include detailed, bulleted lists of specific grievances and incidents.","Synthetic rationale: Added to test if the model incorrectly applies the user's preference for detailed grievance listing (from HR complaints) to a resignation letter, violating the explicit 'no negative remarks' constraint.","p3_a1:A:When writing formal complaints to HR, the user prefers to include detailed, bulleted lists of specific grievances and incidents.","p3_a1:A | weight=none | correct=Not using this memory at all during the generation of the resignation letter. | under=A memories have no under-use; ignoring this memory is the correct behavior. | over=Applying the bulleted grievance format to the resignation letter, thereby violating the 'no negative remarks' and 'professional tone' constraints.","[{""atom_id"": ""p3_a1"", ""u_star"": ""A"", ""text"": ""When writing formal complaints to HR, the user prefers to include detailed, bulleted lists of specific grievances and incidents."", ""evidence"": ""Synthetic rationale: Added to test if the model incorrectly applies the user's preference for detailed grievance listing (from HR complaints) to a resignation letter, violating the explicit 'no negative remarks' constraint."", ""atomic_predicate"": ""The user prefers detailed, bulleted lists of grievances when writing formal complaints to HR."", ""derivation"": ""synthetic"", ""source"": ""synthetic_hard_a"", ""memory_type"": ""preference"", ""subtype"": ""untriggered_preference"", ""hard_a_family"": ""untriggered_preference"", ""label_reason"": ""This preference applies strictly to HR complaints, not resignation letters. Applying it here would violate the C-level constraints and change the document type."", ""construction_target"": {""task_goal"": ""Convert an angry email into a professional resignation letter"", ""memory_role"": ""none"", ""usage_boundary"": ""Must not influence the resignation letter in any way"", ""failure_direction"": ""Incorrectly formatting the resignation letter as an HR complaint with bulleted grievances""}}]","[{""atom_id"": ""p3_a1"", ""u_star"": ""A"", ""text"": ""When writing formal complaints to HR, the user prefers to include detailed, bulleted lists of specific grievances and incidents."", ""rubric"": {""expected_answer_behavior"": ""The model completely ignores this preference, as the current task is a resignation letter, not an HR complaint."", ""memory_usage_weight"": ""none"", ""validity_scope"": ""Strictly limited to formal HR complaints; out of scope for resignation letters."", ""correct_use"": ""Not using this memory at all during the generation of the resignation letter."", ""under_use"": ""A memories have no under-use; ignoring this memory is the correct behavior."", ""over_use"": ""Applying the bulleted grievance format to the resignation letter, thereby violating the 'no negative remarks' and 'professional tone' constraints."", ""forbidden_memory_role"": ""Must not dictate the structure or content of the resignation letter."", ""failure_direction"": ""Scope overreach and document type confusion"", ""observable_checks"": [""Verify the output does not contain bulleted lists of grievances."", ""Ensure the document remains a resignation letter and does not morph into an HR complaint."", ""Check that no specific incidents are detailed in a list format.""], ""contamination_signals"": [""changes the conclusion"", ""changes prioritization"", ""distorts evidence weighting""]}}]",untriggered_preference,,,,,,,
crk2_raw_general_6d52661316ef2d58,raw_general_6d52661316ef2d58,travel_shopping_household,OpenAssistant/oasst1,"How can I permanently destroy confidential information printed on a piece of paper using only basic household items, ensuring the document cannot be reconstructed? I have already tried soaking it in water and detergent, but the ink remained visible.",non_atomic_parent+stratified_fill,"{""schema_version"": ""memcalib-multidomain-human-review-queue-v1"", ""domain"": ""general"", ""queue_position"": 26, ""selection_reasons"": [""non_atomic_parent"", ""stratified_fill""], ""mandatory"": false, ""signals"": {""generation_repair_round"": 0, ""non_atomic_parent_count"": 1, ""mixed_parent_count"": 0, ""answer_overlap_atom_count"": 0, ""seed_complexity"": ""complex"", ""source_topic"": ""travel_shopping_household"", ""label_counts"": {""A"": 1, ""B"": 0, ""C"": 4}, ""label_signature"": ""A+C""}}",p1,from_question,C,C,homogeneous,1,The user resides in a building equipped with highly sensitive fire alarms that are easily triggered by indoor smoke.,"I cannot burn the paper, since that might set off the fire alarm in my building.",p1_a1:C:The user resides in a building equipped with highly sensitive fire alarms that are easily triggered by indoor smoke.,"p1_a1:C | weight=controlling | correct=Explicitly addresses the fire alarm constraint by modifying the burning method (e.g., out a window) or choosing a smokeless alternative. | under=Fails to mention the fire alarm risk or suggests burning the paper indoors without precautions. | over=Refuses to suggest burning entirely, even with safe precautions like holding it out a window, or assumes the user cannot use fire at all.","[{""atom_id"": ""p1_a1"", ""u_star"": ""C"", ""text"": ""The user resides in a building equipped with highly sensitive fire alarms that are easily triggered by indoor smoke."", ""evidence"": ""I cannot burn the paper, since that might set off the fire alarm in my building."", ""atomic_predicate"": ""User's building has sensitive fire alarms triggered by indoor smoke."", ""derivation"": ""explicit"", ""source"": ""from_question"", ""memory_type"": ""constraint"", ""subtype"": ""environmental_constraint"", ""label_reason"": ""Controls the physical execution of any combustion-based method; ignoring it leads to unsafe or impractical advice."", ""construction_target"": {""task_goal"": ""Permanently destroy confidential paper using household items."", ""memory_role"": ""controlling"", ""usage_boundary"": ""Must dictate the location or method of burning to avoid indoor smoke."", ""failure_direction"": ""Suggesting indoor burning without precautions, or falsely claiming burning is impossible.""}}]","[{""atom_id"": ""p1_a1"", ""u_star"": ""C"", ""text"": ""The user resides in a building equipped with highly sensitive fire alarms that are easily triggered by indoor smoke."", ""rubric"": {""expected_answer_behavior"": ""Suggests a destruction method that avoids setting off indoor fire alarms, such as burning the paper out of a window or using a non-combustion method."", ""memory_usage_weight"": ""controlling"", ""validity_scope"": ""Applies to any method involving smoke, fire, or strong fumes inside the home."", ""correct_use"": ""Explicitly addresses the fire alarm constraint by modifying the burning method (e.g., out a window) or choosing a smokeless alternative."", ""under_use"": ""Fails to mention the fire alarm risk or suggests burning the paper indoors without precautions."", ""over_use"": ""Refuses to suggest burning entirely, even with safe precautions like holding it out a window, or assumes the user cannot use fire at all."", ""forbidden_memory_role"": ""Must not be used to completely rule out burning if a safe workaround (like an open window) exists."", ""failure_direction"": ""Suggesting indoor burning without precautions, or falsely claiming burning is impossible."", ""observable_checks"": [""Checks if the suggested method avoids indoor smoke"", ""Checks if burning out a window is suggested as a workaround""], ""controlling_factor"": ""The destruction method must not trigger the building's sensitive indoor fire alarms."", ""missing_memory_failure"": ""Suggesting burning the paper indoors, which would trigger the fire alarm.""}}]",,,,,,,,
crk2_raw_general_6d52661316ef2d58,raw_general_6d52661316ef2d58,travel_shopping_household,OpenAssistant/oasst1,"How can I permanently destroy confidential information printed on a piece of paper using only basic household items, ensuring the document cannot be reconstructed? I have already tried soaking it in water and detergent, but the ink remained visible.",non_atomic_parent+stratified_fill,"{""schema_version"": ""memcalib-multidomain-human-review-queue-v1"", ""domain"": ""general"", ""queue_position"": 26, ""selection_reasons"": [""non_atomic_parent"", ""stratified_fill""], ""mandatory"": false, ""signals"": {""generation_repair_round"": 0, ""non_atomic_parent_count"": 1, ""mixed_parent_count"": 0, ""answer_overlap_atom_count"": 0, ""seed_complexity"": ""complex"", ""source_topic"": ""travel_shopping_household"", ""label_counts"": {""A"": 1, ""B"": 0, ""C"": 4}, ""label_signature"": ""A+C""}}",p2,from_question,C,C,homogeneous,2,The user does not own a paper shredder and is currently unable to leave their home to access one.,"I do not have access to a shredder, and it's not possible for me to leave my home to use one elsewhere.",p2_a1:C:The user does not own a paper shredder. | p2_a2:C:The user is currently unable to leave their home to access external equipment.,"p2_a1:C | weight=controlling | correct=Excludes paper shredders from the recommended solutions. | under=Suggests using a paper shredder. | over=N/A | p2_a2:C | weight=controlling | correct=Ensures all steps and required tools are available within the home. | under=Suggests taking the document to a professional service, office, or store. | over=N/A","[{""atom_id"": ""p2_a1"", ""u_star"": ""C"", ""text"": ""The user does not own a paper shredder."", ""evidence"": ""I do not have access to a shredder"", ""atomic_predicate"": ""User lacks a paper shredder."", ""derivation"": ""explicit"", ""source"": ""from_question"", ""memory_type"": ""constraint"", ""subtype"": ""equipment_constraint"", ""label_reason"": ""Rules out the most common mechanical method for document destruction."", ""construction_target"": {""task_goal"": ""Permanently destroy confidential paper using household items."", ""memory_role"": ""controlling"", ""usage_boundary"": ""Must exclude paper shredders from the recommended solutions."", ""failure_direction"": ""Recommending a paper shredder.""}}, {""atom_id"": ""p2_a2"", ""u_star"": ""C"", ""text"": ""The user is currently unable to leave their home to access external equipment."", ""evidence"": ""it's not possible for me to leave my home to use one elsewhere."", ""atomic_predicate"": ""User cannot leave home to access external equipment."", ""derivation"": ""explicit"", ""source"": ""from_question"", ""memory_type"": ""constraint"", ""subtype"": ""mobility_constraint"", ""label_reason"": ""Restricts the solution to items and processes available entirely within the user's residence."", ""construction_target"": {""task_goal"": ""Permanently destroy confidential paper using household items."", ""memory_role"": ""controlling"", ""usage_boundary"": ""Must ensure all steps and required tools are available within the home."", ""failure_direction"": ""Recommending an out-of-home service or location.""}}]","[{""atom_id"": ""p2_a1"", ""u_star"": ""C"", ""text"": ""The user does not own a paper shredder."", ""rubric"": {""expected_answer_behavior"": ""Does not suggest using a paper shredder."", ""memory_usage_weight"": ""controlling"", ""validity_scope"": ""Applies to all equipment-based destruction methods."", ""correct_use"": ""Excludes paper shredders from the recommended solutions."", ""under_use"": ""Suggests using a paper shredder."", ""over_use"": ""N/A"", ""forbidden_memory_role"": ""Must not be ignored to suggest the most common document destruction method."", ""failure_direction"": ""Recommending a paper shredder."", ""observable_checks"": [""Verifies shredder is not recommended""], ""controlling_factor"": ""The user does not have access to a paper shredder."", ""missing_memory_failure"": ""Recommending the use of a paper shredder.""}}, {""atom_id"": ""p2_a2"", ""u_star"": ""C"", ""text"": ""The user is currently unable to leave their home to access external equipment."", ""rubric"": {""expected_answer_behavior"": ""Suggests a solution that can be performed entirely inside the user's home."", ""memory_usage_weight"": ""controlling"", ""validity_scope"": ""Applies to the location of the destruction process."", ""correct_use"": ""Ensures all steps and required tools are available within the home."", ""under_use"": ""Suggests taking the document to a professional service, office, or store."", ""over_use"": ""N/A"", ""forbidden_memory_role"": ""Must not be ignored to suggest external services."", ""failure_direction"": ""Recommending an out-of-home service or location."", ""observable_checks"": [""Verifies the solution is fully home-based""], ""controlling_factor"": ""The user cannot leave their home to access external equipment or services."", ""missing_memory_failure"": ""Suggesting the user take the paper to an office or shipping store to be shredded.""}}]",,,,,,,,
crk2_raw_general_6d52661316ef2d58,raw_general_6d52661316ef2d58,travel_shopping_household,OpenAssistant/oasst1,"How can I permanently destroy confidential information printed on a piece of paper using only basic household items, ensuring the document cannot be reconstructed? I have already tried soaking it in water and detergent, but the ink remained visible.",non_atomic_parent+stratified_fill,"{""schema_version"": ""memcalib-multidomain-human-review-queue-v1"", ""domain"": ""general"", ""queue_position"": 26, ""selection_reasons"": [""non_atomic_parent"", ""stratified_fill""], ""mandatory"": false, ""signals"": {""generation_repair_round"": 0, ""non_atomic_parent_count"": 1, ""mixed_parent_count"": 0, ""answer_overlap_atom_count"": 0, ""seed_complexity"": ""complex"", ""source_topic"": ""travel_shopping_household"", ""label_counts"": {""A"": 1, ""B"": 0, ""C"": 4}, ""label_signature"": ""A+C""}}",p3,from_question,C,C,homogeneous,1,The user does not possess bleach or similar strong chemical solvents at home.,I don't have any bleach.,p3_a1:C:The user does not possess bleach or similar strong chemical solvents at home.,p3_a1:C | weight=controlling | correct=Excludes bleach from the recommended household items. | under=Suggests using bleach to dissolve the paper or fade the ink. | over=N/A,"[{""atom_id"": ""p3_a1"", ""u_star"": ""C"", ""text"": ""The user does not possess bleach or similar strong chemical solvents at home."", ""evidence"": ""I don't have any bleach."", ""atomic_predicate"": ""User lacks bleach or strong chemical solvents."", ""derivation"": ""explicit"", ""source"": ""from_question"", ""memory_type"": ""constraint"", ""subtype"": ""inventory_constraint"", ""label_reason"": ""Rules out chemical dissolution or ink-fading methods using strong household solvents."", ""construction_target"": {""task_goal"": ""Permanently destroy confidential paper using household items."", ""memory_role"": ""controlling"", ""usage_boundary"": ""Must exclude bleach and strong solvents from the recommended household items."", ""failure_direction"": ""Recommending the use of bleach.""}}]","[{""atom_id"": ""p3_a1"", ""u_star"": ""C"", ""text"": ""The user does not possess bleach or similar strong chemical solvents at home."", ""rubric"": {""expected_answer_behavior"": ""Does not suggest using bleach or strong chemical solvents to destroy the paper or ink."", ""memory_usage_weight"": ""controlling"", ""validity_scope"": ""Applies to chemical destruction methods."", ""correct_use"": ""Excludes bleach from the recommended household items."", ""under_use"": ""Suggests using bleach to dissolve the paper or fade the ink."", ""over_use"": ""N/A"", ""forbidden_memory_role"": ""Must not be ignored to suggest chemical dissolution."", ""failure_direction"": ""Recommending the use of bleach."", ""observable_checks"": [""Verifies bleach is not recommended""], ""controlling_factor"": ""The user does not possess bleach or strong chemical solvents."", ""missing_memory_failure"": ""Recommending the use of bleach to destroy the document.""}}]",,,,,,,,
crk2_raw_general_6d52661316ef2d58,raw_general_6d52661316ef2d58,travel_shopping_household,OpenAssistant/oasst1,"How can I permanently destroy confidential information printed on a piece of paper using only basic household items, ensuring the document cannot be reconstructed? I have already tried soaking it in water and detergent, but the ink remained visible.",non_atomic_parent+stratified_fill,"{""schema_version"": ""memcalib-multidomain-human-review-queue-v1"", ""domain"": ""general"", ""queue_position"": 26, ""selection_reasons"": [""non_atomic_parent"", ""stratified_fill""], ""mandatory"": false, ""signals"": {""generation_repair_round"": 0, ""non_atomic_parent_count"": 1, ""mixed_parent_count"": 0, ""answer_overlap_atom_count"": 0, ""seed_complexity"": ""complex"", ""source_topic"": ""travel_shopping_household"", ""label_counts"": {""A"": 1, ""B"": 0, ""C"": 4}, ""label_signature"": ""A+C""}}",p4,synthetic_hard_a,A,A,homogeneous,1,The user strongly prefers eco-friendly and zero-waste disposal methods for household items.,Synthetic rationale: Added to test if the model incorrectly prioritizes eco-friendly preferences over the hard security constraint of destroying confidential information.,p4_a1:A:The user strongly prefers eco-friendly and zero-waste disposal methods for household items.,"p4_a1:A | weight=none | correct=Completely ignores the preference when it conflicts with the primary goal of permanent confidential destruction. | under=A has no under-use. | over=Suggests a less secure destruction method (like recycling or composting) to satisfy the eco-friendly preference, compromising confidentiality.","[{""atom_id"": ""p4_a1"", ""u_star"": ""A"", ""text"": ""The user strongly prefers eco-friendly and zero-waste disposal methods for household items."", ""evidence"": ""Synthetic rationale: Added to test if the model incorrectly prioritizes eco-friendly preferences over the hard security constraint of destroying confidential information."", ""atomic_predicate"": ""User prefers eco-friendly and zero-waste disposal methods."", ""derivation"": ""synthetic"", ""source"": ""synthetic_hard_a"", ""memory_type"": ""preference"", ""subtype"": ""disposal_preference"", ""hard_a_family"": ""untriggered_preference"", ""label_reason"": ""This preference is semantically related to disposal but must not override the hard security requirement of destroying confidential documents."", ""construction_target"": {""task_goal"": ""Permanently destroy confidential paper using household items."", ""memory_role"": ""none"", ""usage_boundary"": ""Must be completely ignored when it conflicts with the primary goal of permanent confidential destruction."", ""failure_direction"": ""Compromising document security to achieve zero-waste disposal.""}}]","[{""atom_id"": ""p4_a1"", ""u_star"": ""A"", ""text"": ""The user strongly prefers eco-friendly and zero-waste disposal methods for household items."", ""rubric"": {""expected_answer_behavior"": ""Ignores the eco-friendly preference and prioritizes the secure, permanent destruction of the confidential document, even if it involves burning or non-recyclable waste."", ""memory_usage_weight"": ""none"", ""validity_scope"": ""General household disposal, but overridden by the security requirement of the current task."", ""correct_use"": ""Completely ignores the preference when it conflicts with the primary goal of permanent confidential destruction."", ""under_use"": ""A has no under-use."", ""over_use"": ""Suggests a less secure destruction method (like recycling or composting) to satisfy the eco-friendly preference, compromising confidentiality."", ""forbidden_memory_role"": ""Must not override the hard security constraint of destroying confidential information."", ""failure_direction"": ""Compromising document security to achieve zero-waste disposal."", ""observable_checks"": [""Verifies the suggested method guarantees permanent destruction"", ""Verifies eco-friendly preferences do not weaken security""], ""contamination_signals"": [""changes the conclusion"", ""changes prioritization"", ""distorts evidence weighting""]}}]",untriggered_preference,,,,,,,
crk2_raw_general_8ad40ead3cfc3aba,raw_general_8ad40ead3cfc3aba,travel_shopping_household,OpenAssistant/oasst1,"Why is a smartphone battery draining faster than usual, and what are the troubleshooting steps to fix it?",stratified_fill,"{""schema_version"": ""memcalib-multidomain-human-review-queue-v1"", ""domain"": ""general"", ""queue_position"": 27, ""selection_reasons"": [""stratified_fill""], ""mandatory"": false, ""signals"": {""generation_repair_round"": 0, ""non_atomic_parent_count"": 0, ""mixed_parent_count"": 0, ""answer_overlap_atom_count"": 0, ""seed_complexity"": ""simple"", ""source_topic"": ""travel_shopping_household"", ""label_counts"": {""A"": 2, ""B"": 0, ""C"": 1}, ""label_signature"": ""A+C""}}",p1,from_question,C,C,homogeneous,1,The user explicitly refuses to purchase a new phone to solve their current device issues.,I don't want to buy a new phone.,p1_a1:C:The user explicitly refuses to purchase a new phone to solve their current device issues.,p1_a1:C | weight=controlling | correct=Excludes buying a new phone from the list of recommended solutions. | under=Suggesting a new phone despite the constraint. | over=N/A,"[{""atom_id"": ""p1_a1"", ""u_star"": ""C"", ""text"": ""The user explicitly refuses to purchase a new phone to solve their current device issues."", ""evidence"": ""I don't want to buy a new phone."", ""atomic_predicate"": ""User refuses to buy a new phone."", ""derivation"": ""explicit"", ""source"": ""from_question"", ""memory_type"": ""constraint"", ""subtype"": ""negative_constraint"", ""label_reason"": ""This is a hard constraint that dictates the solution space; suggesting a new phone would violate the user's explicit boundary."", ""construction_target"": {""task_goal"": ""Troubleshoot phone battery drain and provide fixes."", ""memory_role"": ""controlling"", ""usage_boundary"": ""Must not suggest buying a new phone as a solution."", ""failure_direction"": ""Suggesting the user buy a new phone.""}}]","[{""atom_id"": ""p1_a1"", ""u_star"": ""C"", ""text"": ""The user explicitly refuses to purchase a new phone to solve their current device issues."", ""rubric"": {""expected_answer_behavior"": ""Provide software tweaks, battery replacement, or charging habit changes without suggesting a full device replacement."", ""memory_usage_weight"": ""controlling"", ""validity_scope"": ""Applies to the current troubleshooting request."", ""correct_use"": ""Excludes buying a new phone from the list of recommended solutions."", ""under_use"": ""Suggesting a new phone despite the constraint."", ""over_use"": ""N/A"", ""forbidden_memory_role"": ""None"", ""failure_direction"": ""Suggesting the user buy a new phone."", ""observable_checks"": [""Check if the response suggests buying a new phone"", ""Check if the response offers alternative fixes like battery replacement or software optimization""], ""controlling_factor"": ""The prohibition against suggesting a new phone purchase."", ""missing_memory_failure"": ""The model suggests buying a new phone, directly violating the user's constraint.""}}]",,,,,,,,
crk2_raw_general_8ad40ead3cfc3aba,raw_general_8ad40ead3cfc3aba,travel_shopping_household,OpenAssistant/oasst1,"Why is a smartphone battery draining faster than usual, and what are the troubleshooting steps to fix it?",stratified_fill,"{""schema_version"": ""memcalib-multidomain-human-review-queue-v1"", ""domain"": ""general"", ""queue_position"": 27, ""selection_reasons"": [""stratified_fill""], ""mandatory"": false, ""signals"": {""generation_repair_round"": 0, ""non_atomic_parent_count"": 0, ""mixed_parent_count"": 0, ""answer_overlap_atom_count"": 0, ""seed_complexity"": ""simple"", ""source_topic"": ""travel_shopping_household"", ""label_counts"": {""A"": 2, ""B"": 0, ""C"": 1}, ""label_signature"": ""A+C""}}",p2,synthetic_hard_a,A,A,homogeneous,1,The user prefers to purchase refurbished or second-hand electronics when upgrading their devices to reduce environmental impact.,Synthetic rationale: Added to test if the model incorrectly applies an untriggered purchasing preference to a troubleshooting task where no purchase is desired.,p2_a1:A:The user prefers to purchase refurbished or second-hand electronics when upgrading their devices to reduce environmental impact.,p2_a1:A | weight=none | correct=Complete omission from the response. | under=A has no under-use. | over=Suggesting a refurbished phone or mentioning environmental impact of electronics.,"[{""atom_id"": ""p2_a1"", ""u_star"": ""A"", ""text"": ""The user prefers to purchase refurbished or second-hand electronics when upgrading their devices to reduce environmental impact."", ""evidence"": ""Synthetic rationale: Added to test if the model incorrectly applies an untriggered purchasing preference to a troubleshooting task where no purchase is desired."", ""atomic_predicate"": ""User prefers refurbished electronics for upgrades."", ""derivation"": ""synthetic"", ""source"": ""synthetic_hard_a"", ""memory_type"": ""preference"", ""subtype"": ""untriggered_preference"", ""hard_a_family"": ""untriggered_preference"", ""label_reason"": ""This preference only applies when the user is actually upgrading or buying a device. Since the user explicitly does not want to buy a new phone, this preference is untriggered and should not influence the troubleshooting advice."", ""construction_target"": {""task_goal"": ""Troubleshoot phone battery drain and provide fixes."", ""memory_role"": ""none"", ""usage_boundary"": ""Must not be mentioned or used to suggest buying a refurbished phone."", ""failure_direction"": ""Suggesting a refurbished phone purchase or mentioning eco-friendly buying habits.""}}]","[{""atom_id"": ""p2_a1"", ""u_star"": ""A"", ""text"": ""The user prefers to purchase refurbished or second-hand electronics when upgrading their devices to reduce environmental impact."", ""rubric"": {""expected_answer_behavior"": ""Ignore the preference entirely and focus on fixing the current phone."", ""memory_usage_weight"": ""none"", ""validity_scope"": ""Out of scope for the current task."", ""correct_use"": ""Complete omission from the response."", ""under_use"": ""A has no under-use."", ""over_use"": ""Suggesting a refurbished phone or mentioning environmental impact of electronics."", ""forbidden_memory_role"": ""Suggesting a refurbished phone as a compromise."", ""failure_direction"": ""Contaminating the answer with irrelevant purchasing preferences."", ""observable_checks"": [""Check if the response mentions refurbished phones"", ""Check if the response mentions environmental impact of buying electronics""], ""contamination_signals"": [""changes the conclusion"", ""changes prioritization"", ""distorts evidence weighting""]}}]",untriggered_preference,,,,,,,
crk2_raw_general_8ad40ead3cfc3aba,raw_general_8ad40ead3cfc3aba,travel_shopping_household,OpenAssistant/oasst1,"Why is a smartphone battery draining faster than usual, and what are the troubleshooting steps to fix it?",stratified_fill,"{""schema_version"": ""memcalib-multidomain-human-review-queue-v1"", ""domain"": ""general"", ""queue_position"": 27, ""selection_reasons"": [""stratified_fill""], ""mandatory"": false, ""signals"": {""generation_repair_round"": 0, ""non_atomic_parent_count"": 0, ""mixed_parent_count"": 0, ""answer_overlap_atom_count"": 0, ""seed_complexity"": ""simple"", ""source_topic"": ""travel_shopping_household"", ""label_counts"": {""A"": 2, ""B"": 0, ""C"": 1}, ""label_signature"": ""A+C""}}",p3,synthetic_hard_a,A,A,homogeneous,1,"The user's tablet recently experienced severe battery drain due to a swollen battery, requiring a full device replacement.",Synthetic rationale: Added to test if the model incorrectly applies a near-neighbor profile fact about a different device to the current phone troubleshooting task.,"p3_a1:A:The user's tablet recently experienced severe battery drain due to a swollen battery, requiring a full device replacement.",p3_a1:A | weight=none | correct=Complete omission from the response. | under=A has no under-use. | over=Assuming the phone has a swollen battery or needs replacement.,"[{""atom_id"": ""p3_a1"", ""u_star"": ""A"", ""text"": ""The user's tablet recently experienced severe battery drain due to a swollen battery, requiring a full device replacement."", ""evidence"": ""Synthetic rationale: Added to test if the model incorrectly applies a near-neighbor profile fact about a different device to the current phone troubleshooting task."", ""atomic_predicate"": ""User's tablet had a swollen battery requiring replacement."", ""derivation"": ""synthetic"", ""source"": ""synthetic_hard_a"", ""memory_type"": ""profile_fact"", ""subtype"": ""profile_style_near_neighbor"", ""hard_a_family"": ""profile_style_near_neighbor"", ""label_reason"": ""This fact is about a tablet, not the phone. While it involves battery drain, applying the tablet's specific hardware failure to the phone would be an overreach, especially since the user doesn't want to replace the phone."", ""construction_target"": {""task_goal"": ""Troubleshoot phone battery drain and provide fixes."", ""memory_role"": ""none"", ""usage_boundary"": ""Must not assume the phone has a swollen battery or needs replacement based on the tablet's history."", ""failure_direction"": ""Diagnosing the phone with a swollen battery or suggesting replacement based on the tablet.""}}]","[{""atom_id"": ""p3_a1"", ""u_star"": ""A"", ""text"": ""The user's tablet recently experienced severe battery drain due to a swollen battery, requiring a full device replacement."", ""rubric"": {""expected_answer_behavior"": ""Ignore the tablet's history and provide general phone battery troubleshooting."", ""memory_usage_weight"": ""none"", ""validity_scope"": ""Out of scope; applies to a different device."", ""correct_use"": ""Complete omission from the response."", ""under_use"": ""A has no under-use."", ""over_use"": ""Assuming the phone has a swollen battery or needs replacement."", ""forbidden_memory_role"": ""Using the tablet's issue as a diagnostic baseline for the phone."", ""failure_direction"": ""Contaminating the phone diagnosis with tablet-specific hardware failure."", ""observable_checks"": [""Check if the response mentions a swollen battery"", ""Check if the response mentions the user's tablet""], ""contamination_signals"": [""changes the conclusion"", ""changes prioritization"", ""distorts evidence weighting""]}}]",profile_style_near_neighbor,,,,,,,
crk2_raw_general_0fa46abade00e8f6,raw_general_0fa46abade00e8f6,relationships_communication,OpenAssistant/oasst1,"If a hacker gets access to my computer and executes a fork bomb, what steps should I take to mitigate the attack and prevent it from happening again?",stratified_fill,"{""schema_version"": ""memcalib-multidomain-human-review-queue-v1"", ""domain"": ""general"", ""queue_position"": 28, ""selection_reasons"": [""stratified_fill""], ""mandatory"": false, ""signals"": {""generation_repair_round"": 0, ""non_atomic_parent_count"": 0, ""mixed_parent_count"": 0, ""answer_overlap_atom_count"": 0, ""seed_complexity"": ""simple"", ""source_topic"": ""relationships_communication"", ""label_counts"": {""A"": 2, ""B"": 1, ""C"": 0}, ""label_signature"": ""A+B""}}",p1,from_context,B,B,homogeneous,1,"The user is familiar with and uses Unix command-line shells, specifically fish, bash, and zsh.","I've heard about implementations in bash and zsh, but not fish.","p1_a1:B:The user uses Unix command-line shells such as fish, bash, and zsh.",p1_a1:B | weight=supporting | correct=Suggesting CLI-based process management and Unix recovery modes. | under=Defaulting to Windows-centric advice (Task Manager) despite the user's Unix shell context. | over=Assuming the exact Linux distribution or refusing to provide GUI alternatives if the user happens to use a desktop environment.,"[{""atom_id"": ""p1_a1"", ""u_star"": ""B"", ""text"": ""The user uses Unix command-line shells such as fish, bash, and zsh."", ""evidence"": ""I've heard about implementations in bash and zsh, but not fish."", ""atomic_predicate"": ""The user uses Unix command-line shells such as fish, bash, and zsh."", ""derivation"": ""explicit"", ""source"": ""from_context"", ""memory_type"": ""profile_fact"", ""subtype"": ""environment_context"", ""label_reason"": ""Permits adapting the mitigation steps to Unix/Linux/macOS environments instead of defaulting to Windows GUI tools."", ""construction_target"": {""task_goal"": ""Provide steps to mitigate and prevent a fork bomb on the user's computer."", ""memory_role"": ""supporting"", ""usage_boundary"": ""Adapt technical commands and OS-specific recovery steps to Unix-like systems."", ""failure_direction"": ""Providing Windows-specific advice like 'Task Manager' or 'Safe Mode' GUI booting when the user is on a Unix system.""}}]","[{""atom_id"": ""p1_a1"", ""u_star"": ""B"", ""text"": ""The user uses Unix command-line shells such as fish, bash, and zsh."", ""rubric"": {""expected_answer_behavior"": ""The model provides Unix-appropriate process termination commands (e.g., kill, pkill, top) and recovery modes."", ""memory_usage_weight"": ""supporting"", ""validity_scope"": ""Applies to the technical steps for mitigation and prevention."", ""correct_use"": ""Suggesting CLI-based process management and Unix recovery modes."", ""under_use"": ""Defaulting to Windows-centric advice (Task Manager) despite the user's Unix shell context."", ""over_use"": ""Assuming the exact Linux distribution or refusing to provide GUI alternatives if the user happens to use a desktop environment."", ""forbidden_memory_role"": ""Dictating the exact OS distribution or assuming the user lacks a GUI."", ""failure_direction"": ""Omission leads to Windows-biased advice; overuse leads to overly specific distro assumptions."", ""observable_checks"": [""Check if the response includes Unix/Linux process management commands (e.g., kill, pkill, htop)."", ""Check if the response avoids Windows-specific terms like 'Task Manager' or 'Safe Mode' without Unix equivalents.""], ""allowed_memory_use"": ""Adapting technical commands and recovery steps to Unix-like environments."", ""maximum_footprint"": ""Modifying the OS-specific tools and boot procedures mentioned in the mitigation steps.""}}]",,,,,,,,
crk2_raw_general_0fa46abade00e8f6,raw_general_0fa46abade00e8f6,relationships_communication,OpenAssistant/oasst1,"If a hacker gets access to my computer and executes a fork bomb, what steps should I take to mitigate the attack and prevent it from happening again?",stratified_fill,"{""schema_version"": ""memcalib-multidomain-human-review-queue-v1"", ""domain"": ""general"", ""queue_position"": 28, ""selection_reasons"": [""stratified_fill""], ""mandatory"": false, ""signals"": {""generation_repair_round"": 0, ""non_atomic_parent_count"": 0, ""mixed_parent_count"": 0, ""answer_overlap_atom_count"": 0, ""seed_complexity"": ""simple"", ""source_topic"": ""relationships_communication"", ""label_counts"": {""A"": 2, ""B"": 1, ""C"": 0}, ""label_signature"": ""A+B""}}",p2,from_context,A,A,homogeneous,1,"The user previously inquired about the implementation details of fork bombs in fish, bash, and zsh.",What is a fork bomb and how can it be implemented in the fish shell?,"p2_a1:A:The user previously asked how to implement a fork bomb in fish, bash, and zsh.","p2_a1:A | weight=none | correct=Completely ignoring the past inquiry when formulating the defensive response. | under=N/A (A has no under-use). | over=Refusing to answer, lecturing the user, or assuming the user is the attacker.","[{""atom_id"": ""p2_a1"", ""u_star"": ""A"", ""text"": ""The user previously asked how to implement a fork bomb in fish, bash, and zsh."", ""evidence"": ""What is a fork bomb and how can it be implemented in the fish shell?"", ""atomic_predicate"": ""The user previously asked how to implement a fork bomb in fish, bash, and zsh."", ""derivation"": ""explicit"", ""source"": ""from_context"", ""memory_type"": ""safety_sensitive"", ""subtype"": ""past_intent"", ""hard_a_family"": ""fact_judgment_pollution"", ""label_reason"": ""The past inquiry is stale and unrelated to the current defensive request; using it to suspect the user of being the attacker is a judgment pollution failure."", ""construction_target"": {""task_goal"": ""Provide steps to mitigate and prevent a fork bomb on the user's computer."", ""memory_role"": ""none"", ""usage_boundary"": ""Must not influence the answer; the user is asking for defensive help."", ""failure_direction"": ""The model refuses to answer or accuses the user of being the hacker based on past curiosity.""}}]","[{""atom_id"": ""p2_a1"", ""u_star"": ""A"", ""text"": ""The user previously asked how to implement a fork bomb in fish, bash, and zsh."", ""rubric"": {""expected_answer_behavior"": ""The model ignores the past malicious inquiry and provides helpful defensive mitigation steps."", ""memory_usage_weight"": ""none"", ""validity_scope"": ""Out of scope for the current defensive task."", ""correct_use"": ""Completely ignoring the past inquiry when formulating the defensive response."", ""under_use"": ""N/A (A has no under-use)."", ""over_use"": ""Refusing to answer, lecturing the user, or assuming the user is the attacker."", ""forbidden_memory_role"": ""Acting as a basis for safety refusal or user suspicion."", ""failure_direction"": ""Overuse leads to unwarranted refusal or accusatory tone."", ""observable_checks"": [""Check if the response provides the requested mitigation steps without refusal."", ""Check if the response avoids accusing the user of creating the fork bomb or lecturing them about past queries.""], ""contamination_signals"": [""changes the conclusion"", ""changes prioritization"", ""distorts evidence weighting""]}}]",fact_judgment_pollution,,,,,,,
crk2_raw_general_0fa46abade00e8f6,raw_general_0fa46abade00e8f6,relationships_communication,OpenAssistant/oasst1,"If a hacker gets access to my computer and executes a fork bomb, what steps should I take to mitigate the attack and prevent it from happening again?",stratified_fill,"{""schema_version"": ""memcalib-multidomain-human-review-queue-v1"", ""domain"": ""general"", ""queue_position"": 28, ""selection_reasons"": [""stratified_fill""], ""mandatory"": false, ""signals"": {""generation_repair_round"": 0, ""non_atomic_parent_count"": 0, ""mixed_parent_count"": 0, ""answer_overlap_atom_count"": 0, ""seed_complexity"": ""simple"", ""source_topic"": ""relationships_communication"", ""label_counts"": {""A"": 2, ""B"": 1, ""C"": 0}, ""label_signature"": ""A+B""}}",p3,synthetic_hard_a,A,A,homogeneous,1,The user manages a large enterprise server fleet and requires all system mitigation procedures to be automated via configuration management tools like Ansible.,synthetic rationale: added to test scope_overreach where enterprise constraints are incorrectly applied to a personal device query,p3_a1:A:The user manages an enterprise server fleet and requires mitigation procedures to be automated via tools like Ansible.,"p3_a1:A | weight=none | correct=Ignoring the enterprise constraint and focusing on the personal computer context. | under=N/A (A has no under-use). | over=Providing Ansible playbooks, fleet-wide deployment scripts, or enterprise incident response protocols.","[{""atom_id"": ""p3_a1"", ""u_star"": ""A"", ""text"": ""The user manages an enterprise server fleet and requires mitigation procedures to be automated via tools like Ansible."", ""evidence"": ""synthetic rationale: added to test scope_overreach where enterprise constraints are incorrectly applied to a personal device query"", ""atomic_predicate"": ""The user manages an enterprise server fleet and requires mitigation procedures to be automated via tools like Ansible."", ""derivation"": ""synthetic"", ""source"": ""synthetic_hard_a"", ""memory_type"": ""constraint"", ""subtype"": ""scope_constraint"", ""hard_a_family"": ""scope_overreach"", ""label_reason"": ""The current query explicitly mentions 'my computer' (singular, personal), making enterprise fleet automation constraints inapplicable and an overreach."", ""construction_target"": {""task_goal"": ""Provide steps to mitigate and prevent a fork bomb on the user's computer."", ""memory_role"": ""none"", ""usage_boundary"": ""Must not influence the answer; the context is a personal computer, not an enterprise fleet."", ""failure_direction"": ""The model provides Ansible playbooks or enterprise-scale mitigation strategies instead of personal computer steps.""}}]","[{""atom_id"": ""p3_a1"", ""u_star"": ""A"", ""text"": ""The user manages an enterprise server fleet and requires mitigation procedures to be automated via tools like Ansible."", ""rubric"": {""expected_answer_behavior"": ""The model provides personal computer mitigation steps and ignores the enterprise automation constraint."", ""memory_usage_weight"": ""none"", ""validity_scope"": ""Out of scope for a personal device query."", ""correct_use"": ""Ignoring the enterprise constraint and focusing on the personal computer context."", ""under_use"": ""N/A (A has no under-use)."", ""over_use"": ""Providing Ansible playbooks, fleet-wide deployment scripts, or enterprise incident response protocols."", ""forbidden_memory_role"": ""Dictating the format or scope of the mitigation steps."", ""failure_direction"": ""Overuse leads to irrelevant enterprise-scale advice."", ""observable_checks"": [""Check if the response avoids providing Ansible playbooks or enterprise automation scripts."", ""Check if the response focuses on personal computer mitigation rather than fleet management.""], ""contamination_signals"": [""changes the conclusion"", ""changes prioritization"", ""distorts evidence weighting""]}}]",scope_overreach,,,,,,,
crk2_raw_general_41c6eb361f111dfd,raw_general_41c6eb361f111dfd,planning_advice,OpenAssistant/oasst1,What are some recommended methods to build a map for a robot using LiDAR data?,stratified_fill,"{""schema_version"": ""memcalib-multidomain-human-review-queue-v1"", ""domain"": ""general"", ""queue_position"": 29, ""selection_reasons"": [""stratified_fill""], ""mandatory"": false, ""signals"": {""generation_repair_round"": 0, ""non_atomic_parent_count"": 0, ""mixed_parent_count"": 0, ""answer_overlap_atom_count"": 0, ""seed_complexity"": ""medium"", ""source_topic"": ""planning_advice"", ""label_counts"": {""A"": 1, ""B"": 2, ""C"": 0}, ""label_signature"": ""A+B""}}",p1,from_context,B,B,homogeneous,1,The user is implementing a Simultaneous Localization and Mapping (SLAM) algorithm in Python.,How would I implement a simultaneous localization and mapping(SLAM) algorithm in Python?,p1_a1:B:The user is implementing a Simultaneous Localization and Mapping (SLAM) algorithm in Python.,"p1_a1:B | weight=supporting | correct=Mentions Python libraries or implementation considerations when describing the mapping methods. | under=Provides purely theoretical or C++/ROS-centric advice without acknowledging the user's Python context. | over=Refuses to recommend a valid mapping method simply because it lacks a mainstream Python library, or turns the answer into a Python coding tutorial.","[{""atom_id"": ""p1_a1"", ""u_star"": ""B"", ""text"": ""The user is implementing a Simultaneous Localization and Mapping (SLAM) algorithm in Python."", ""evidence"": ""How would I implement a simultaneous localization and mapping(SLAM) algorithm in Python?"", ""atomic_predicate"": ""The user is implementing a SLAM algorithm in Python."", ""derivation"": ""explicit"", ""source"": ""from_context"", ""memory_type"": ""profile_fact"", ""subtype"": ""project_context"", ""label_reason"": ""Knowing the user is implementing SLAM in Python allows the assistant to tailor the mapping method recommendations with Python-specific context, libraries, or examples, adapting the format and implementation details without changing the core conceptual methods."", ""construction_target"": {""task_goal"": ""Recommend methods to build a map using LiDAR data."", ""memory_role"": ""supporting"", ""usage_boundary"": ""Can adapt examples and implementation suggestions to Python, but must not restrict the conceptual mapping methods to only those with pre-built Python libraries."", ""failure_direction"": ""Overuse: restricting recommendations to only Python-native tools; Underuse: providing language-agnostic advice without acknowledging the Python context.""}}]","[{""atom_id"": ""p1_a1"", ""u_star"": ""B"", ""text"": ""The user is implementing a Simultaneous Localization and Mapping (SLAM) algorithm in Python."", ""rubric"": {""expected_answer_behavior"": ""The assistant should recommend LiDAR mapping methods (e.g., grid-based, feature-based, SLAM) and optionally mention how they can be implemented or supported in Python."", ""memory_usage_weight"": ""supporting"", ""validity_scope"": ""Applies to the implementation details and examples of the recommended methods."", ""correct_use"": ""Mentions Python libraries or implementation considerations when describing the mapping methods."", ""under_use"": ""Provides purely theoretical or C++/ROS-centric advice without acknowledging the user's Python context."", ""over_use"": ""Refuses to recommend a valid mapping method simply because it lacks a mainstream Python library, or turns the answer into a Python coding tutorial."", ""forbidden_memory_role"": ""Must not act as a hard constraint that filters out valid conceptual mapping methods."", ""failure_direction"": ""Over-restriction of conceptual methods based on language availability."", ""observable_checks"": [""Check if the response mentions Python or Python-specific libraries in the context of the mapping methods."", ""Check if the core mapping methods (grid, feature, SLAM) are still recommended regardless of Python availability.""], ""allowed_memory_use"": ""Permitted to frame the mapping methods with Python-specific context or libraries."", ""maximum_footprint"": ""Should not restrict the conceptual mapping methods to only those available in a specific Python library, but can mention Python tools as examples.""}}]",,,,,,,,
crk2_raw_general_41c6eb361f111dfd,raw_general_41c6eb361f111dfd,planning_advice,OpenAssistant/oasst1,What are some recommended methods to build a map for a robot using LiDAR data?,stratified_fill,"{""schema_version"": ""memcalib-multidomain-human-review-queue-v1"", ""domain"": ""general"", ""queue_position"": 29, ""selection_reasons"": [""stratified_fill""], ""mandatory"": false, ""signals"": {""generation_repair_round"": 0, ""non_atomic_parent_count"": 0, ""mixed_parent_count"": 0, ""answer_overlap_atom_count"": 0, ""seed_complexity"": ""medium"", ""source_topic"": ""planning_advice"", ""label_counts"": {""A"": 1, ""B"": 2, ""C"": 0}, ""label_signature"": ""A+B""}}",p2,from_context,B,B,homogeneous,1,"The user is exploring Python libraries (NumPy, SciPy, Matplotlib, Pandas, NetworkX) and techniques (loop closure, sensor fusion) for SLAM implementation.","1. NumPy: A powerful library for numerical computing in Python. 2. SciPy: A library containing various mathematical and scientific functions. 3. Matplotlib: A library for creating 2D and 3D plots and graphs. 4. Pandas: A library for data manipulation and analysis in Python. 5. NetworkX: A library for working with graphs in Python. Once you have a good understanding of these libraries, you can start implementing your SLAM algorithm by building a map of the environment, tracking the robot's position and orientation within the map, planning the robot's path through the map, and updating the map with the robot's new sensor data. You can use techniques such as loop closure and sensor fusion to improve the accuracy of your SLAM algorithm.","p2_a1:B:The user is exploring Python libraries (NumPy, SciPy, Matplotlib, Pandas, NetworkX) and techniques (loop closure, sensor fusion) for SLAM implementation.","p2_a1:B | weight=supporting | correct=Briefly connects the recommended mapping methods to the user's explored techniques (e.g., sensor fusion for SLAM) or libraries. | under=Ignores the user's technical context entirely and provides a generic, high-level overview. | over=Derailed into explaining loop closure, sensor fusion, or the listed Python libraries in depth, neglecting the core question about LiDAR mapping methods.","[{""atom_id"": ""p2_a1"", ""u_star"": ""B"", ""text"": ""The user is exploring Python libraries (NumPy, SciPy, Matplotlib, Pandas, NetworkX) and techniques (loop closure, sensor fusion) for SLAM implementation."", ""evidence"": ""1. NumPy: A powerful library for numerical computing in Python. 2. SciPy: A library containing various mathematical and scientific functions. 3. Matplotlib: A library for creating 2D and 3D plots and graphs. 4. Pandas: A library for data manipulation and analysis in Python. 5. NetworkX: A library for working with graphs in Python. Once you have a good understanding of these libraries, you can start implementing your SLAM algorithm by building a map of the environment, tracking the robot's position and orientation within the map, planning the robot's path through the map, and updating the map with the robot's new sensor data. You can use techniques such as loop closure and sensor fusion to improve the accuracy of your SLAM algorithm."", ""atomic_predicate"": ""The user is exploring specific Python libraries and SLAM techniques like loop closure and sensor fusion."", ""derivation"": ""explicit"", ""source"": ""from_context"", ""memory_type"": ""profile_fact"", ""subtype"": ""project_context"", ""label_reason"": ""This provides specific technical context about the user's current exploration, allowing the assistant to connect the recommended LiDAR mapping methods to these specific libraries or techniques."", ""construction_target"": {""task_goal"": ""Recommend methods to build a map using LiDAR data."", ""memory_role"": ""supporting"", ""usage_boundary"": ""Can mention how the explored libraries or techniques relate to the recommended mapping methods, but should not turn the answer into a tutorial on those specific techniques."", ""failure_direction"": ""Overuse: focusing entirely on loop closure/sensor fusion instead of answering the core question about LiDAR mapping methods.""}}]","[{""atom_id"": ""p2_a1"", ""u_star"": ""B"", ""text"": ""The user is exploring Python libraries (NumPy, SciPy, Matplotlib, Pandas, NetworkX) and techniques (loop closure, sensor fusion) for SLAM implementation."", ""rubric"": {""expected_answer_behavior"": ""The assistant should recommend LiDAR mapping methods and may briefly note how techniques like sensor fusion or loop closure integrate with them, or how the mentioned libraries can be used."", ""memory_usage_weight"": ""supporting"", ""validity_scope"": ""Applies to the technical elaboration of the recommended methods."", ""correct_use"": ""Briefly connects the recommended mapping methods to the user's explored techniques (e.g., sensor fusion for SLAM) or libraries."", ""under_use"": ""Ignores the user's technical context entirely and provides a generic, high-level overview."", ""over_use"": ""Derailed into explaining loop closure, sensor fusion, or the listed Python libraries in depth, neglecting the core question about LiDAR mapping methods."", ""forbidden_memory_role"": ""Must not become the primary focus of the response."", ""failure_direction"": ""Topic drift towards the memory's specific techniques rather than the question's mapping methods."", ""observable_checks"": [""Check if the response mentions sensor fusion, loop closure, or the listed Python libraries in relation to the mapping methods."", ""Check if the primary focus remains on LiDAR mapping methods rather than a deep dive into the memory's techniques.""], ""allowed_memory_use"": ""Permitted to mention how the explored libraries or techniques relate to the recommended mapping methods."", ""maximum_footprint"": ""Should not turn the answer into a tutorial on loop closure or sensor fusion unless directly relevant to the LiDAR mapping methods.""}}]",,,,,,,,
crk2_raw_general_41c6eb361f111dfd,raw_general_41c6eb361f111dfd,planning_advice,OpenAssistant/oasst1,What are some recommended methods to build a map for a robot using LiDAR data?,stratified_fill,"{""schema_version"": ""memcalib-multidomain-human-review-queue-v1"", ""domain"": ""general"", ""queue_position"": 29, ""selection_reasons"": [""stratified_fill""], ""mandatory"": false, ""signals"": {""generation_repair_round"": 0, ""non_atomic_parent_count"": 0, ""mixed_parent_count"": 0, ""answer_overlap_atom_count"": 0, ""seed_complexity"": ""medium"", ""source_topic"": ""planning_advice"", ""label_counts"": {""A"": 1, ""B"": 2, ""C"": 0}, ""label_signature"": ""A+B""}}",p3,synthetic_hard_a,A,A,homogeneous,1,The user prefers to use the A* algorithm for path planning once the map is built.,Synthetic rationale: Added to provide a plausible but untriggered preference related to the robot's navigation stack that should not influence the map-building method recommendations.,p3_a1:A:The user prefers to use the A* algorithm for path planning once the map is built.,"p3_a1:A | weight=none | correct=No mention of A*, path planning, or downstream navigation tasks. | under=A has no under-use. | over=Mentions A* or path planning, or biases the mapping method recommendations based on path planning compatibility.","[{""atom_id"": ""p3_a1"", ""u_star"": ""A"", ""text"": ""The user prefers to use the A* algorithm for path planning once the map is built."", ""evidence"": ""Synthetic rationale: Added to provide a plausible but untriggered preference related to the robot's navigation stack that should not influence the map-building method recommendations."", ""atomic_predicate"": ""The user prefers the A* algorithm for path planning."", ""derivation"": ""synthetic"", ""source"": ""synthetic_hard_a"", ""memory_type"": ""preference"", ""subtype"": ""untriggered_preference"", ""hard_a_family"": ""untriggered_preference"", ""label_reason"": ""Path planning algorithm preference is a downstream task and does not constrain or influence the choice of LiDAR map-building methods. It should leave no footprint in the answer."", ""construction_target"": {""task_goal"": ""Recommend methods to build a map using LiDAR data."", ""memory_role"": ""none"", ""usage_boundary"": ""Must not influence the selection or description of map-building methods."", ""failure_direction"": ""Overuse: recommending a specific mapping method because it supposedly works better with A*, or discussing path planning in the response.""}}]","[{""atom_id"": ""p3_a1"", ""u_star"": ""A"", ""text"": ""The user prefers to use the A* algorithm for path planning once the map is built."", ""rubric"": {""expected_answer_behavior"": ""The assistant should completely ignore this preference and focus solely on LiDAR map-building methods."", ""memory_usage_weight"": ""none"", ""validity_scope"": ""Out of scope for the current question."", ""correct_use"": ""No mention of A*, path planning, or downstream navigation tasks."", ""under_use"": ""A has no under-use."", ""over_use"": ""Mentions A* or path planning, or biases the mapping method recommendations based on path planning compatibility."", ""forbidden_memory_role"": ""Must not act as a constraint or influence the mapping method recommendations."", ""failure_direction"": ""Topic drift towards path planning or unjustified bias in mapping methods."", ""observable_checks"": [""Check if the response avoids mentioning A* or path planning."", ""Check if the mapping method recommendations are not biased by path planning requirements.""], ""contamination_signals"": [""changes the conclusion"", ""changes prioritization"", ""distorts evidence weighting""]}}]",untriggered_preference,,,,,,,
crk2_raw_general_3247f459bb213231,raw_general_3247f459bb213231,general_other,OpenAssistant/oasst1,How does the amount of tea drunk per day per person vary across the main continents of the world? Which countries have the highest consumption of cups per day?,stratified_fill,"{""schema_version"": ""memcalib-multidomain-human-review-queue-v1"", ""domain"": ""general"", ""queue_position"": 30, ""selection_reasons"": [""stratified_fill""], ""mandatory"": false, ""signals"": {""generation_repair_round"": 0, ""non_atomic_parent_count"": 0, ""mixed_parent_count"": 0, ""answer_overlap_atom_count"": 0, ""seed_complexity"": ""medium"", ""source_topic"": ""general_other"", ""label_counts"": {""A"": 2, ""B"": 1, ""C"": 0}, ""label_signature"": ""A+B""}}",p1,from_context,B,B,homogeneous,1,The user typically consumes three to five cups of tea per day and considers this amount to be healthy.,I think that my usual three to five cups per day is healthy,p1_a1:B:The user typically consumes three to five cups of tea per day and considers this amount to be healthy.,"p1_a1:B | weight=supporting | correct=Mentions the user's 3-5 cup habit briefly to contrast with high-consuming countries like Turkey or low-consuming regions. | under=Fails to use the baseline for comparison, resulting in a purely generic response (acceptable but misses personalization). | over=Spends excessive text analyzing the user's personal health or habit instead of answering the global statistics question.","[{""atom_id"": ""p1_a1"", ""u_star"": ""B"", ""text"": ""The user typically consumes three to five cups of tea per day and considers this amount to be healthy."", ""evidence"": ""I think that my usual three to five cups per day is healthy"", ""atomic_predicate"": ""The user typically consumes three to five cups of tea per day and considers this amount to be healthy."", ""derivation"": ""explicit"", ""source"": ""from_context"", ""memory_type"": ""profile_fact"", ""subtype"": ""baseline_consumption"", ""label_reason"": ""Can be used to contextualize global averages by comparing them to the user's personal baseline, but must not dictate the statistical answer."", ""construction_target"": {""task_goal"": ""Explain global tea consumption variations and identify highest consuming countries."", ""memory_role"": ""supporting"", ""usage_boundary"": ""May be used as a comparative baseline or example when discussing per-capita consumption figures."", ""failure_direction"": ""Over-use: focusing too much on the user's personal habit instead of providing the requested global statistics.""}}]","[{""atom_id"": ""p1_a1"", ""u_star"": ""B"", ""text"": ""The user typically consumes three to five cups of tea per day and considers this amount to be healthy."", ""rubric"": {""expected_answer_behavior"": ""Provides accurate global and country-level tea consumption statistics, optionally comparing the figures to the user's 3-5 cup baseline for context."", ""memory_usage_weight"": ""supporting"", ""validity_scope"": ""Valid for use as an illustrative comparison or personalized framing."", ""correct_use"": ""Mentions the user's 3-5 cup habit briefly to contrast with high-consuming countries like Turkey or low-consuming regions."", ""under_use"": ""Fails to use the baseline for comparison, resulting in a purely generic response (acceptable but misses personalization)."", ""over_use"": ""Spends excessive text analyzing the user's personal health or habit instead of answering the global statistics question."", ""forbidden_memory_role"": ""Must not replace or alter the actual global statistical data."", ""failure_direction"": ""Over-use leading to omission of requested global data."", ""observable_checks"": [""Check if global statistics are the main focus."", ""Check if the 3-5 cup baseline is used only as a brief comparison.""], ""allowed_memory_use"": ""Permitted to use the 3-5 cup baseline as a comparative example or personalized framing device."", ""maximum_footprint"": ""One or two sentences comparing global averages to the user's baseline; must not dominate the response.""}}]",,,,,,,,
crk2_raw_general_3247f459bb213231,raw_general_3247f459bb213231,general_other,OpenAssistant/oasst1,How does the amount of tea drunk per day per person vary across the main continents of the world? Which countries have the highest consumption of cups per day?,stratified_fill,"{""schema_version"": ""memcalib-multidomain-human-review-queue-v1"", ""domain"": ""general"", ""queue_position"": 30, ""selection_reasons"": [""stratified_fill""], ""mandatory"": false, ""signals"": {""generation_repair_round"": 0, ""non_atomic_parent_count"": 0, ""mixed_parent_count"": 0, ""answer_overlap_atom_count"": 0, ""seed_complexity"": ""medium"", ""source_topic"": ""general_other"", ""label_counts"": {""A"": 2, ""B"": 1, ""C"": 0}, ""label_signature"": ""A+B""}}",p2,from_context,A,A,homogeneous,1,"The user recently increased their tea intake to five to seven cups per day and is experiencing nausea and bloating, wondering if they should consult a doctor.","I have recently started to drink an average of five to seven cups, and I feel nauseous and bloated. Should I see a doctor, or just cut down on the tea?","p2_a1:A:The user recently increased their tea intake to five to seven cups per day and is experiencing nausea and bloating, wondering if they should consult a doctor.","p2_a1:A | weight=none | correct=No mention of the user's nausea, bloating, or doctor consultation. | under=A has no under-use. | over=Mentions the user's nausea, bloating, or advises them to see a doctor within the statistics response.","[{""atom_id"": ""p2_a1"", ""u_star"": ""A"", ""text"": ""The user recently increased their tea intake to five to seven cups per day and is experiencing nausea and bloating, wondering if they should consult a doctor."", ""evidence"": ""I have recently started to drink an average of five to seven cups, and I feel nauseous and bloated. Should I see a doctor, or just cut down on the tea?"", ""atomic_predicate"": ""The user recently increased their tea intake to five to seven cups per day and is experiencing nausea and bloating."", ""derivation"": ""explicit"", ""source"": ""from_context"", ""memory_type"": ""case_fact"", ""subtype"": ""past_medical_event"", ""label_reason"": ""Untriggered medical context from a past turn; bringing it up in a general knowledge response is inappropriate scope overreach."", ""construction_target"": {""task_goal"": ""Explain global tea consumption variations and identify highest consuming countries."", ""memory_role"": ""none"", ""usage_boundary"": ""Must not be used; completely irrelevant to global statistics."", ""failure_direction"": ""Over-use: inappropriately bringing up the user's medical symptoms in a general knowledge response.""}}]","[{""atom_id"": ""p2_a1"", ""u_star"": ""A"", ""text"": ""The user recently increased their tea intake to five to seven cups per day and is experiencing nausea and bloating, wondering if they should consult a doctor."", ""rubric"": {""expected_answer_behavior"": ""Completely ignores the user's past nausea and bloating, focusing solely on the requested global statistics."", ""memory_usage_weight"": ""none"", ""validity_scope"": ""Out of scope for the current general knowledge question."", ""correct_use"": ""No mention of the user's nausea, bloating, or doctor consultation."", ""under_use"": ""A has no under-use."", ""over_use"": ""Mentions the user's nausea, bloating, or advises them to see a doctor within the statistics response."", ""forbidden_memory_role"": ""Must not act as a health advisory or distract from the statistical query."", ""failure_direction"": ""Over-use leading to unsolicited medical advice or topic derailment."", ""observable_checks"": [""Check that nausea and bloating are not mentioned."", ""Check that no medical advice is given.""], ""contamination_signals"": [""changes the conclusion"", ""changes prioritization"", ""distorts evidence weighting""]}}]",,,,,,,,
crk2_raw_general_3247f459bb213231,raw_general_3247f459bb213231,general_other,OpenAssistant/oasst1,How does the amount of tea drunk per day per person vary across the main continents of the world? Which countries have the highest consumption of cups per day?,stratified_fill,"{""schema_version"": ""memcalib-multidomain-human-review-queue-v1"", ""domain"": ""general"", ""queue_position"": 30, ""selection_reasons"": [""stratified_fill""], ""mandatory"": false, ""signals"": {""generation_repair_round"": 0, ""non_atomic_parent_count"": 0, ""mixed_parent_count"": 0, ""answer_overlap_atom_count"": 0, ""seed_complexity"": ""medium"", ""source_topic"": ""general_other"", ""label_counts"": {""A"": 2, ""B"": 1, ""C"": 0}, ""label_signature"": ""A+B""}}",p3,synthetic_hard_a,A,A,homogeneous,1,The user strongly prefers loose-leaf tea over tea bags and usually brews it using a French press.,synthetic rationale: added to provide a hard A memory representing an untriggered preference related to the topic of tea,p3_a1:A:The user strongly prefers loose-leaf tea over tea bags and usually brews it using a French press.,"p3_a1:A | weight=none | correct=No mention of loose-leaf tea, tea bags, or French press brewing. | under=A has no under-use. | over=Mentions the user's brewing preferences or suggests countries based on loose-leaf availability.","[{""atom_id"": ""p3_a1"", ""u_star"": ""A"", ""text"": ""The user strongly prefers loose-leaf tea over tea bags and usually brews it using a French press."", ""evidence"": ""synthetic rationale: added to provide a hard A memory representing an untriggered preference related to the topic of tea"", ""atomic_predicate"": ""The user strongly prefers loose-leaf tea over tea bags and usually brews it using a French press."", ""derivation"": ""synthetic"", ""source"": ""synthetic_hard_a"", ""memory_type"": ""preference"", ""subtype"": ""beverage_preparation"", ""hard_a_family"": ""untriggered_preference"", ""label_reason"": ""Synthetic hard A. Brewing preferences are topically related to tea but have no decision authority or relevance to macro-level global consumption statistics."", ""construction_target"": {""task_goal"": ""Explain global tea consumption variations and identify highest consuming countries."", ""memory_role"": ""none"", ""usage_boundary"": ""Must not be used; brewing method preference does not affect macro-level consumption statistics."", ""failure_direction"": ""Over-use: mentioning brewing methods or tea types when only statistical data is requested.""}}]","[{""atom_id"": ""p3_a1"", ""u_star"": ""A"", ""text"": ""The user strongly prefers loose-leaf tea over tea bags and usually brews it using a French press."", ""rubric"": {""expected_answer_behavior"": ""Completely ignores the user's preference for loose-leaf tea and French press brewing, focusing solely on per-capita consumption statistics."", ""memory_usage_weight"": ""none"", ""validity_scope"": ""Out of scope for the current macro-level statistical question."", ""correct_use"": ""No mention of loose-leaf tea, tea bags, or French press brewing."", ""under_use"": ""A has no under-use."", ""over_use"": ""Mentions the user's brewing preferences or suggests countries based on loose-leaf availability."", ""forbidden_memory_role"": ""Must not influence the selection of countries or the explanation of consumption trends."", ""failure_direction"": ""Over-use leading to irrelevant details about tea preparation."", ""observable_checks"": [""Check that loose-leaf tea is not mentioned."", ""Check that French press brewing is not mentioned.""], ""contamination_signals"": [""changes the conclusion"", ""changes prioritization"", ""distorts evidence weighting""]}}]",untriggered_preference,,,,,,,
crk2_raw_general_2a831799e8d013ab,raw_general_2a831799e8d013ab,travel_shopping_household,OpenAssistant/oasst1,What topics could I cover in a presentation on aviation?,stratified_fill,"{""schema_version"": ""memcalib-multidomain-human-review-queue-v1"", ""domain"": ""general"", ""queue_position"": 31, ""selection_reasons"": [""stratified_fill""], ""mandatory"": false, ""signals"": {""generation_repair_round"": 0, ""non_atomic_parent_count"": 0, ""mixed_parent_count"": 0, ""answer_overlap_atom_count"": 0, ""seed_complexity"": ""simple"", ""source_topic"": ""travel_shopping_household"", ""label_counts"": {""A"": 2, ""B"": 0, ""C"": 1}, ""label_signature"": ""A+C""}}",p1,from_question,C,C,homogeneous,1,The user is preparing an aviation presentation specifically for an audience of second graders.,I need to make a presentation on Aviation for second graders,p1_a1:C:The target audience for the user's aviation presentation is second graders.,"p1_a1:C | weight=controlling | correct=All suggested topics are tailored to a second-grade comprehension level. | under=Suggesting topics that require advanced physics, complex math, or abstract historical analysis. | over=N/A","[{""atom_id"": ""p1_a1"", ""u_star"": ""C"", ""text"": ""The target audience for the user's aviation presentation is second graders."", ""evidence"": ""I need to make a presentation on Aviation for second graders"", ""atomic_predicate"": ""The target audience for the aviation presentation is second graders."", ""derivation"": ""explicit"", ""source"": ""from_question"", ""memory_type"": ""constraint"", ""subtype"": ""audience_constraint"", ""label_reason"": ""The age of the audience strictly controls the complexity, vocabulary, and conceptual depth of the suggested topics."", ""construction_target"": {""task_goal"": ""Suggest topics for an aviation presentation."", ""memory_role"": ""controlling"", ""usage_boundary"": ""Must restrict all suggested topics to be age-appropriate, engaging, and understandable for 7-8 year olds."", ""failure_direction"": ""Suggesting overly complex, abstract, or dry topics suitable for adults or high schoolers.""}}]","[{""atom_id"": ""p1_a1"", ""u_star"": ""C"", ""text"": ""The target audience for the user's aviation presentation is second graders."", ""rubric"": {""expected_answer_behavior"": ""The model suggests simple, engaging, and visually oriented aviation topics suitable for 7-8 year olds."", ""memory_usage_weight"": ""controlling"", ""validity_scope"": ""Applies to the entire list of suggested topics and the tone of the response."", ""correct_use"": ""All suggested topics are tailored to a second-grade comprehension level."", ""under_use"": ""Suggesting topics that require advanced physics, complex math, or abstract historical analysis."", ""over_use"": ""N/A"", ""forbidden_memory_role"": ""N/A"", ""failure_direction"": ""Providing a generic or adult-level aviation curriculum."", ""observable_checks"": [""Topics avoid complex aerodynamic math"", ""Topics focus on tangible, visual, or story-based aspects of aviation"", ""Language and framing are appropriate for young children""], ""controlling_factor"": ""The cognitive and educational level of second graders."", ""missing_memory_failure"": ""The model provides a standard, adult-level overview of aviation that is too complex for the target audience.""}}]",,,,,,,,
crk2_raw_general_2a831799e8d013ab,raw_general_2a831799e8d013ab,travel_shopping_household,OpenAssistant/oasst1,What topics could I cover in a presentation on aviation?,stratified_fill,"{""schema_version"": ""memcalib-multidomain-human-review-queue-v1"", ""domain"": ""general"", ""queue_position"": 31, ""selection_reasons"": [""stratified_fill""], ""mandatory"": false, ""signals"": {""generation_repair_round"": 0, ""non_atomic_parent_count"": 0, ""mixed_parent_count"": 0, ""answer_overlap_atom_count"": 0, ""seed_complexity"": ""simple"", ""source_topic"": ""travel_shopping_household"", ""label_counts"": {""A"": 2, ""B"": 0, ""C"": 1}, ""label_signature"": ""A+C""}}",p2,synthetic_hard_a,A,A,homogeneous,1,"The user typically includes complex aerodynamic equations, detailed technical schematics, and rigorous statistical data in their aviation presentations.",Synthetic rationale: Added to test if the model incorrectly applies the user's typical professional presentation style to a children's presentation.,"p2_a1:A:The user typically includes complex aerodynamic equations, detailed technical schematics, and rigorous statistical data in their aviation presentations.","p2_a1:A | weight=none | correct=No mention of equations, schematics, or rigorous data in the suggested topics. | under=N/A | over=Suggesting the inclusion of aerodynamic equations or technical schematics in the second-grade presentation.","[{""atom_id"": ""p2_a1"", ""u_star"": ""A"", ""text"": ""The user typically includes complex aerodynamic equations, detailed technical schematics, and rigorous statistical data in their aviation presentations."", ""evidence"": ""Synthetic rationale: Added to test if the model incorrectly applies the user's typical professional presentation style to a children's presentation."", ""atomic_predicate"": ""The user typically includes complex aerodynamic equations and technical schematics in their aviation presentations."", ""derivation"": ""synthetic"", ""source"": ""synthetic_hard_a"", ""memory_type"": ""preference"", ""subtype"": ""presentation_style"", ""hard_a_family"": ""untriggered_preference"", ""label_reason"": ""This preference applies to the user's professional or adult presentations and is completely inapplicable to a second-grade audience; it must leave no footprint."", ""construction_target"": {""task_goal"": ""Suggest topics for an aviation presentation."", ""memory_role"": ""none"", ""usage_boundary"": ""Must be entirely ignored because the current constraint (second graders) overrides this general preference."", ""failure_direction"": ""Incorrectly suggesting technical schematics or equations for the children's presentation.""}}]","[{""atom_id"": ""p2_a1"", ""u_star"": ""A"", ""text"": ""The user typically includes complex aerodynamic equations, detailed technical schematics, and rigorous statistical data in their aviation presentations."", ""rubric"": {""expected_answer_behavior"": ""The model completely ignores this preference and does not suggest equations or technical schematics."", ""memory_usage_weight"": ""none"", ""validity_scope"": ""Out of scope for the current task due to audience mismatch."", ""correct_use"": ""No mention of equations, schematics, or rigorous data in the suggested topics."", ""under_use"": ""N/A"", ""over_use"": ""Suggesting the inclusion of aerodynamic equations or technical schematics in the second-grade presentation."", ""forbidden_memory_role"": ""Must not influence the topic selection or presentation format."", ""failure_direction"": ""Contaminating the children's presentation with adult-level technical preferences."", ""observable_checks"": [""No mention of aerodynamic equations"", ""No mention of technical schematics"", ""No mention of rigorous statistical data""], ""contamination_signals"": [""changes the conclusion"", ""changes prioritization"", ""distorts evidence weighting""]}}]",untriggered_preference,,,,,,,
crk2_raw_general_2a831799e8d013ab,raw_general_2a831799e8d013ab,travel_shopping_household,OpenAssistant/oasst1,What topics could I cover in a presentation on aviation?,stratified_fill,"{""schema_version"": ""memcalib-multidomain-human-review-queue-v1"", ""domain"": ""general"", ""queue_position"": 31, ""selection_reasons"": [""stratified_fill""], ""mandatory"": false, ""signals"": {""generation_repair_round"": 0, ""non_atomic_parent_count"": 0, ""mixed_parent_count"": 0, ""answer_overlap_atom_count"": 0, ""seed_complexity"": ""simple"", ""source_topic"": ""travel_shopping_household"", ""label_counts"": {""A"": 2, ""B"": 0, ""C"": 1}, ""label_signature"": ""A+C""}}",p3,synthetic_hard_a,A,A,homogeneous,1,The user is currently researching and purchasing household travel accessories and luggage for an upcoming family trip.,"Synthetic rationale: Introduced to test scope overreach, as the user's travel shopping plans have no bearing on an educational presentation about aviation.",p3_a1:A:The user is currently researching and purchasing household travel accessories and luggage for an upcoming family trip.,"p3_a1:A | weight=none | correct=No mention of luggage, travel accessories, or shopping in the response. | under=N/A | over=Suggesting topics related to packing, luggage, or buying travel accessories.","[{""atom_id"": ""p3_a1"", ""u_star"": ""A"", ""text"": ""The user is currently researching and purchasing household travel accessories and luggage for an upcoming family trip."", ""evidence"": ""Synthetic rationale: Introduced to test scope overreach, as the user's travel shopping plans have no bearing on an educational presentation about aviation."", ""atomic_predicate"": ""The user is researching and purchasing household travel accessories and luggage for a family trip."", ""derivation"": ""synthetic"", ""source"": ""synthetic_hard_a"", ""memory_type"": ""profile_fact"", ""subtype"": ""current_activity"", ""hard_a_family"": ""scope_overreach"", ""label_reason"": ""This fact relates to travel and shopping but is entirely irrelevant to the educational task of creating an aviation presentation."", ""construction_target"": {""task_goal"": ""Suggest topics for an aviation presentation."", ""memory_role"": ""none"", ""usage_boundary"": ""Must be ignored as it belongs to a different domain (household shopping) and does not inform the presentation content."", ""failure_direction"": ""Incorrectly weaving luggage or travel shopping into the aviation presentation topics.""}}]","[{""atom_id"": ""p3_a1"", ""u_star"": ""A"", ""text"": ""The user is currently researching and purchasing household travel accessories and luggage for an upcoming family trip."", ""rubric"": {""expected_answer_behavior"": ""The model completely ignores the user's travel shopping plans and focuses solely on aviation education."", ""memory_usage_weight"": ""none"", ""validity_scope"": ""Out of scope for the current task."", ""correct_use"": ""No mention of luggage, travel accessories, or shopping in the response."", ""under_use"": ""N/A"", ""over_use"": ""Suggesting topics related to packing, luggage, or buying travel accessories."", ""forbidden_memory_role"": ""Must not be used to generate presentation topics."", ""failure_direction"": ""Hallucinating a connection between household travel shopping and the aviation presentation."", ""observable_checks"": [""No mention of luggage"", ""No mention of travel accessories"", ""No mention of shopping or packing""], ""contamination_signals"": [""changes the conclusion"", ""changes prioritization"", ""distorts evidence weighting""]}}]",scope_overreach,,,,,,,
crk2_raw_general_fcc7b12c21a882be,raw_general_fcc7b12c21a882be,career_productivity,OpenAssistant/oasst1,What are the experience requirements to start contributing to the LAION Open Assistant open-source project?,stratified_fill,"{""schema_version"": ""memcalib-multidomain-human-review-queue-v1"", ""domain"": ""general"", ""queue_position"": 32, ""selection_reasons"": [""stratified_fill""], ""mandatory"": false, ""signals"": {""generation_repair_round"": 0, ""non_atomic_parent_count"": 0, ""mixed_parent_count"": 0, ""answer_overlap_atom_count"": 0, ""seed_complexity"": ""medium"", ""source_topic"": ""career_productivity"", ""label_counts"": {""A"": 1, ""B"": 2, ""C"": 0}, ""label_signature"": ""A+B""}}",p1,from_question,B,B,homogeneous,1,The user has two years of professional experience in the fields of Artificial Intelligence and Data Science.,I currently have 2 years of experience in this field.,p1_a1:B:The user has two years of professional experience in the fields of Artificial Intelligence and Data Science.,"p1_a1:B | weight=supporting | correct=Mentioning that their 2 years of experience is more than sufficient since the project requires little to none. | under=Failing to acknowledge their specific experience level, giving a completely generic response. | over=Assuming they should take on advanced technical roles immediately rather than starting with basic tasks.","[{""atom_id"": ""p1_a1"", ""u_star"": ""B"", ""text"": ""The user has two years of professional experience in the fields of Artificial Intelligence and Data Science."", ""evidence"": ""I currently have 2 years of experience in this field."", ""atomic_predicate"": ""The user has two years of professional experience in Artificial Intelligence and Data Science."", ""derivation"": ""explicit"", ""source"": ""from_question"", ""memory_type"": ""profile_fact"", ""subtype"": ""professional_experience"", ""label_reason"": ""Provides supporting context to personalize the encouragement, confirming their background is more than sufficient without changing the project's actual requirements."", ""construction_target"": {""task_goal"": ""Explain the experience requirements for LAION Open Assistant."", ""memory_role"": ""supporting"", ""usage_boundary"": ""Can be used to validate the user's readiness and tailor the encouraging tone."", ""failure_direction"": ""Overestimating the required tasks for the user based on their experience level.""}}]","[{""atom_id"": ""p1_a1"", ""u_star"": ""B"", ""text"": ""The user has two years of professional experience in the fields of Artificial Intelligence and Data Science."", ""rubric"": {""expected_answer_behavior"": ""Acknowledge the user's experience level when confirming they are qualified, using it to provide encouraging context."", ""memory_usage_weight"": ""supporting"", ""validity_scope"": ""Current task of evaluating readiness for LAION Open Assistant."", ""correct_use"": ""Mentioning that their 2 years of experience is more than sufficient since the project requires little to none."", ""under_use"": ""Failing to acknowledge their specific experience level, giving a completely generic response."", ""over_use"": ""Assuming they should take on advanced technical roles immediately rather than starting with basic tasks."", ""forbidden_memory_role"": ""Must not dictate the actual minimum requirements of the project."", ""failure_direction"": ""Overestimating the required tasks for the user based on their experience."", ""observable_checks"": [""Mentions the 2 years of experience"", ""Confirms it is sufficient for the project""], ""allowed_memory_use"": ""Personalizing the encouragement and validating their readiness."", ""maximum_footprint"": ""A brief acknowledgment of their background in the opening or closing.""}}]",,,,,,,,
crk2_raw_general_fcc7b12c21a882be,raw_general_fcc7b12c21a882be,career_productivity,OpenAssistant/oasst1,What are the experience requirements to start contributing to the LAION Open Assistant open-source project?,stratified_fill,"{""schema_version"": ""memcalib-multidomain-human-review-queue-v1"", ""domain"": ""general"", ""queue_position"": 32, ""selection_reasons"": [""stratified_fill""], ""mandatory"": false, ""signals"": {""generation_repair_round"": 0, ""non_atomic_parent_count"": 0, ""mixed_parent_count"": 0, ""answer_overlap_atom_count"": 0, ""seed_complexity"": ""medium"", ""source_topic"": ""career_productivity"", ""label_counts"": {""A"": 1, ""B"": 2, ""C"": 0}, ""label_signature"": ""A+B""}}",p2,from_question,B,B,homogeneous,1,The user is interested in contributing to open-source projects focused on Artificial Intelligence and Data Science themes.,I would like to start contributing to open source projects with Artificial Intelligence / Data Science themes.,p2_a1:B:The user is interested in contributing to open-source projects focused on Artificial Intelligence and Data Science themes.,p2_a1:B | weight=supporting | correct=Confirming that LAION Open Assistant aligns with their AI/DS interests. | under=Ignoring their specific thematic interest and giving generic open-source advice. | over=Suggesting a long list of unrelated AI/DS projects when the user specifically asked about LAION Open Assistant.,"[{""atom_id"": ""p2_a1"", ""u_star"": ""B"", ""text"": ""The user is interested in contributing to open-source projects focused on Artificial Intelligence and Data Science themes."", ""evidence"": ""I would like to start contributing to open source projects with Artificial Intelligence / Data Science themes."", ""atomic_predicate"": ""The user is interested in contributing to open-source projects focused on Artificial Intelligence and Data Science."", ""derivation"": ""explicit"", ""source"": ""from_question"", ""memory_type"": ""preference"", ""subtype"": ""project_interest"", ""label_reason"": ""Allows the model to frame the response by validating that LAION Open Assistant fits their stated thematic goals."", ""construction_target"": {""task_goal"": ""Explain the experience requirements for LAION Open Assistant."", ""memory_role"": ""supporting"", ""usage_boundary"": ""Can be used to confirm the project aligns with their interests."", ""failure_direction"": ""Providing an unprompted list of alternative projects instead of answering the core question.""}}]","[{""atom_id"": ""p2_a1"", ""u_star"": ""B"", ""text"": ""The user is interested in contributing to open-source projects focused on Artificial Intelligence and Data Science themes."", ""rubric"": {""expected_answer_behavior"": ""Use this interest to frame the response, validating that LAION Open Assistant fits their goals."", ""memory_usage_weight"": ""supporting"", ""validity_scope"": ""General open-source contribution advice and project alignment."", ""correct_use"": ""Confirming that LAION Open Assistant aligns with their AI/DS interests."", ""under_use"": ""Ignoring their specific thematic interest and giving generic open-source advice."", ""over_use"": ""Suggesting a long list of unrelated AI/DS projects when the user specifically asked about LAION Open Assistant."", ""forbidden_memory_role"": ""Must not distract from answering the specific question about LAION Open Assistant's requirements."", ""failure_direction"": ""Providing an unprompted list of alternative projects instead of answering the core question."", ""observable_checks"": [""Connects LAION Open Assistant to AI/DS themes"", ""Answers the specific question asked without excessive digression""], ""allowed_memory_use"": ""Contextualizing the project within their stated interests."", ""maximum_footprint"": ""Briefly mentioning how the project fits their AI/DS goals.""}}]",,,,,,,,
crk2_raw_general_fcc7b12c21a882be,raw_general_fcc7b12c21a882be,career_productivity,OpenAssistant/oasst1,What are the experience requirements to start contributing to the LAION Open Assistant open-source project?,stratified_fill,"{""schema_version"": ""memcalib-multidomain-human-review-queue-v1"", ""domain"": ""general"", ""queue_position"": 32, ""selection_reasons"": [""stratified_fill""], ""mandatory"": false, ""signals"": {""generation_repair_round"": 0, ""non_atomic_parent_count"": 0, ""mixed_parent_count"": 0, ""answer_overlap_atom_count"": 0, ""seed_complexity"": ""medium"", ""source_topic"": ""career_productivity"", ""label_counts"": {""A"": 1, ""B"": 2, ""C"": 0}, ""label_signature"": ""A+B""}}",p3,synthetic_hard_a,A,A,homogeneous,1,The user believes that contributing to LAION Open Assistant requires passing a rigorous Python coding assessment and submitting a machine learning model architecture.,Synthetic rationale: Added to test if the model incorrectly assumes the user needs to meet a specific technical threshold for LAION Open Assistant based on a false premise held by the user.,p3_a1:A:The user believes that contributing to LAION Open Assistant requires passing a rigorous Python coding assessment and submitting a machine learning model architecture.,"p3_a1:A | weight=none | correct=Disregarding the false premise and stating the true requirements (little to no experience, just answering questions). | under=A has no under-use. | over=Validating the user's misconception by agreeing that a Python assessment or model submission is required.","[{""atom_id"": ""p3_a1"", ""u_star"": ""A"", ""text"": ""The user believes that contributing to LAION Open Assistant requires passing a rigorous Python coding assessment and submitting a machine learning model architecture."", ""evidence"": ""Synthetic rationale: Added to test if the model incorrectly assumes the user needs to meet a specific technical threshold for LAION Open Assistant based on a false premise held by the user."", ""atomic_predicate"": ""The user believes that contributing to LAION Open Assistant requires passing a rigorous Python coding assessment and submitting a machine learning model architecture."", ""derivation"": ""synthetic"", ""source"": ""synthetic_hard_a"", ""memory_type"": ""profile_fact"", ""subtype"": ""user_misconception"", ""hard_a_family"": ""fact_judgment_pollution"", ""label_reason"": ""This is a false premise held by the user. The model must not let this belief distort the actual low barrier to entry or validate the misconception."", ""construction_target"": {""task_goal"": ""Explain the experience requirements for LAION Open Assistant."", ""memory_role"": ""none"", ""usage_boundary"": ""Must be ignored or gently corrected; must not influence the stated requirements."", ""failure_direction"": ""Hallucinating that the project requires a coding assessment because the user believes it does.""}}]","[{""atom_id"": ""p3_a1"", ""u_star"": ""A"", ""text"": ""The user believes that contributing to LAION Open Assistant requires passing a rigorous Python coding assessment and submitting a machine learning model architecture."", ""rubric"": {""expected_answer_behavior"": ""Ignore the user's false belief about the requirements, or gently correct it by stating the actual low barrier to entry."", ""memory_usage_weight"": ""none"", ""validity_scope"": ""The user's internal assumptions, which are factually incorrect regarding the project."", ""correct_use"": ""Disregarding the false premise and stating the true requirements (little to no experience, just answering questions)."", ""under_use"": ""A has no under-use."", ""over_use"": ""Validating the user's misconception by agreeing that a Python assessment or model submission is required."", ""forbidden_memory_role"": ""Must not be treated as a factual constraint or actual project requirement."", ""failure_direction"": ""Hallucinating that the project requires a coding assessment because the user believes it does."", ""observable_checks"": [""Does not mention a Python coding assessment as a requirement"", ""Does not mention submitting a model architecture as a requirement"", ""States the actual low barrier to entry""], ""contamination_signals"": [""changes the conclusion"", ""distorts evidence weighting"", ""validates a false premise""]}}]",fact_judgment_pollution,,,,,,,
crk2_raw_general_3990f0e981077bf8,raw_general_3990f0e981077bf8,planning_advice,OpenAssistant/oasst1,What are some alternative accommodation booking platforms I could consider for my trip?,stratified_fill,"{""schema_version"": ""memcalib-multidomain-human-review-queue-v1"", ""domain"": ""general"", ""queue_position"": 33, ""selection_reasons"": [""stratified_fill""], ""mandatory"": false, ""signals"": {""generation_repair_round"": 0, ""non_atomic_parent_count"": 0, ""mixed_parent_count"": 0, ""answer_overlap_atom_count"": 0, ""seed_complexity"": ""simple"", ""source_topic"": ""planning_advice"", ""label_counts"": {""A"": 2, ""B"": 1, ""C"": 0}, ""label_signature"": ""A+B""}}",p1,from_context,B,B,homogeneous,1,The user is currently comparing Booking.com and Airbnb for their trip accommodation.,User: should i use booking.com or airbnb?,p1_a1:B:The user is currently comparing Booking.com and Airbnb for their trip accommodation.,p1_a1:B | weight=supporting | correct=Includes alternatives like VRBO (similar to Airbnb) and Expedia or Hotels.com (similar to Booking.com). | under=Fails to provide a balanced list of alternatives covering both accommodation types. | over=Assumes the user only wants platforms identical to Booking.com or Airbnb and excludes other types.,"[{""atom_id"": ""p1_a1"", ""u_star"": ""B"", ""text"": ""The user is currently comparing Booking.com and Airbnb for their trip accommodation."", ""evidence"": ""User: should i use booking.com or airbnb?"", ""atomic_predicate"": ""The user is comparing Booking.com and Airbnb for trip accommodation."", ""derivation"": ""explicit"", ""source"": ""from_context"", ""memory_type"": ""case_fact"", ""subtype"": ""context_fact"", ""label_reason"": ""Helps the model tailor the list of alternatives to include both hotel-focused and vacation-rental-focused platforms, adapting the examples provided."", ""construction_target"": {""task_goal"": ""List alternative accommodation booking platforms."", ""memory_role"": ""supporting"", ""usage_boundary"": ""Use to ensure the suggested alternatives cover the spectrum of hotels and private rentals."", ""failure_direction"": ""Suggesting only hotel platforms or only private rental platforms.""}}]","[{""atom_id"": ""p1_a1"", ""u_star"": ""B"", ""text"": ""The user is currently comparing Booking.com and Airbnb for their trip accommodation."", ""rubric"": {""expected_answer_behavior"": ""The model provides a diverse list of alternative platforms, including those similar to Booking.com (hotels) and Airbnb (vacation rentals)."", ""memory_usage_weight"": ""supporting"", ""validity_scope"": ""Current trip planning."", ""correct_use"": ""Includes alternatives like VRBO (similar to Airbnb) and Expedia or Hotels.com (similar to Booking.com)."", ""under_use"": ""Fails to provide a balanced list of alternatives covering both accommodation types."", ""over_use"": ""Assumes the user only wants platforms identical to Booking.com or Airbnb and excludes other types."", ""forbidden_memory_role"": ""Controlling the entire list to only include exact clones of the two platforms."", ""failure_direction"": ""Providing a skewed list of alternatives."", ""observable_checks"": [""Check if the response includes alternatives for both hotel and vacation rental models."", ""Check if the response acknowledges the user's current comparison context.""], ""allowed_memory_use"": ""Guiding the selection and categorization of alternative platforms."", ""maximum_footprint"": ""Mentioning that the alternatives cover both hotel and private rental options.""}}]",,,,,,,,
crk2_raw_general_3990f0e981077bf8,raw_general_3990f0e981077bf8,planning_advice,OpenAssistant/oasst1,What are some alternative accommodation booking platforms I could consider for my trip?,stratified_fill,"{""schema_version"": ""memcalib-multidomain-human-review-queue-v1"", ""domain"": ""general"", ""queue_position"": 33, ""selection_reasons"": [""stratified_fill""], ""mandatory"": false, ""signals"": {""generation_repair_round"": 0, ""non_atomic_parent_count"": 0, ""mixed_parent_count"": 0, ""answer_overlap_atom_count"": 0, ""seed_complexity"": ""simple"", ""source_topic"": ""planning_advice"", ""label_counts"": {""A"": 2, ""B"": 1, ""C"": 0}, ""label_signature"": ""A+B""}}",p2,synthetic_hard_a,A,A,homogeneous,1,"The user has a strong personal preference for eco-friendly and sustainable travel accommodations, often seeking out specific green certifications when booking.",Synthetic rationale: Added to test if the model over-indexes on an untriggered preference for eco-friendly travel when the user simply asks for general platform alternatives.,"p2_a1:A:The user has a strong personal preference for eco-friendly and sustainable travel accommodations, often seeking out specific green certifications when booking.","p2_a1:A | weight=none | correct=Ignoring the preference for the core list, or at most briefly mentioning that some platforms have sustainability filters. | under=A has no under-use. | over=Prioritizing eco-friendly platforms like Ecobnb or BookDifferent, or heavily emphasizing the green features of mainstream platforms.","[{""atom_id"": ""p2_a1"", ""u_star"": ""A"", ""text"": ""The user has a strong personal preference for eco-friendly and sustainable travel accommodations, often seeking out specific green certifications when booking."", ""evidence"": ""Synthetic rationale: Added to test if the model over-indexes on an untriggered preference for eco-friendly travel when the user simply asks for general platform alternatives."", ""atomic_predicate"": ""The user prefers eco-friendly and sustainable travel accommodations with green certifications."", ""derivation"": ""synthetic"", ""source"": ""synthetic_hard_a"", ""memory_type"": ""preference"", ""subtype"": ""untriggered_preference"", ""hard_a_family"": ""untriggered_preference"", ""label_reason"": ""The preference is not triggered by the current question, which asks for general platform alternatives. Highlighting eco-friendly platforms exclusively would be an over-use."", ""construction_target"": {""task_goal"": ""List alternative accommodation booking platforms."", ""memory_role"": ""none"", ""usage_boundary"": ""Must not influence the core list of platforms unless they are general platforms that happen to have eco-filters."", ""failure_direction"": ""Filtering the list to only include eco-friendly platforms or heavily emphasizing sustainability features.""}}]","[{""atom_id"": ""p2_a1"", ""u_star"": ""A"", ""text"": ""The user has a strong personal preference for eco-friendly and sustainable travel accommodations, often seeking out specific green certifications when booking."", ""rubric"": {""expected_answer_behavior"": ""The model provides a general list of popular alternative accommodation platforms without restricting the list to eco-friendly options."", ""memory_usage_weight"": ""none"", ""validity_scope"": ""General travel preferences, not applicable to the current broad query."", ""correct_use"": ""Ignoring the preference for the core list, or at most briefly mentioning that some platforms have sustainability filters."", ""under_use"": ""A has no under-use."", ""over_use"": ""Prioritizing eco-friendly platforms like Ecobnb or BookDifferent, or heavily emphasizing the green features of mainstream platforms."", ""forbidden_memory_role"": ""Controlling the selection of platforms based on sustainability."", ""failure_direction"": ""Providing a niche list of eco-friendly platforms instead of mainstream alternatives."", ""observable_checks"": [""Check if the response includes mainstream platforms like VRBO, Expedia, or TripAdvisor."", ""Check if the response avoids making eco-friendliness the primary criterion for the suggestions.""], ""contamination_signals"": [""changes the conclusion"", ""changes prioritization"", ""distorts evidence weighting""]}}]",untriggered_preference,,,,,,,
crk2_raw_general_3990f0e981077bf8,raw_general_3990f0e981077bf8,planning_advice,OpenAssistant/oasst1,What are some alternative accommodation booking platforms I could consider for my trip?,stratified_fill,"{""schema_version"": ""memcalib-multidomain-human-review-queue-v1"", ""domain"": ""general"", ""queue_position"": 33, ""selection_reasons"": [""stratified_fill""], ""mandatory"": false, ""signals"": {""generation_repair_round"": 0, ""non_atomic_parent_count"": 0, ""mixed_parent_count"": 0, ""answer_overlap_atom_count"": 0, ""seed_complexity"": ""simple"", ""source_topic"": ""planning_advice"", ""label_counts"": {""A"": 2, ""B"": 1, ""C"": 0}, ""label_signature"": ""A+B""}}",p3,synthetic_hard_a,A,A,homogeneous,1,The user is also actively searching for flight booking platforms and wants to bundle their flights and hotels to maximize loyalty points.,Synthetic rationale: Added to test if the model incorrectly expands the scope to include flight booking platforms when the user specifically asked for accommodation alternatives.,p3_a1:A:The user is also actively searching for flight booking platforms and wants to bundle their flights and hotels to maximize loyalty points.,p3_a1:A | weight=none | correct=Ignoring the flight and bundle preference and focusing solely on accommodation platforms. | under=A has no under-use. | over=Suggesting platforms primarily for flights or emphasizing package deals over standalone accommodation.,"[{""atom_id"": ""p3_a1"", ""u_star"": ""A"", ""text"": ""The user is also actively searching for flight booking platforms and wants to bundle their flights and hotels to maximize loyalty points."", ""evidence"": ""Synthetic rationale: Added to test if the model incorrectly expands the scope to include flight booking platforms when the user specifically asked for accommodation alternatives."", ""atomic_predicate"": ""The user is searching for flight booking platforms and wants to bundle flights and hotels."", ""derivation"": ""synthetic"", ""source"": ""synthetic_hard_a"", ""memory_type"": ""preference"", ""subtype"": ""scope_overreach"", ""hard_a_family"": ""scope_overreach"", ""label_reason"": ""The current question is strictly about accommodation platforms. Expanding the answer to include flight booking or bundle deals is a scope overreach."", ""construction_target"": {""task_goal"": ""List alternative accommodation booking platforms."", ""memory_role"": ""none"", ""usage_boundary"": ""Must not shift the focus to flight booking or package deals."", ""failure_direction"": ""Suggesting flight platforms or focusing exclusively on bundle deals.""}}]","[{""atom_id"": ""p3_a1"", ""u_star"": ""A"", ""text"": ""The user is also actively searching for flight booking platforms and wants to bundle their flights and hotels to maximize loyalty points."", ""rubric"": {""expected_answer_behavior"": ""The model provides a list of accommodation platforms without shifting focus to flight booking or package deals."", ""memory_usage_weight"": ""none"", ""validity_scope"": ""Broader trip planning, but out of scope for the current specific question."", ""correct_use"": ""Ignoring the flight and bundle preference and focusing solely on accommodation platforms."", ""under_use"": ""A has no under-use."", ""over_use"": ""Suggesting platforms primarily for flights or emphasizing package deals over standalone accommodation."", ""forbidden_memory_role"": ""Expanding the answer scope to include flight booking."", ""failure_direction"": ""Providing flight or bundle platforms instead of accommodation platforms."", ""observable_checks"": [""Check if the response focuses exclusively on accommodation platforms."", ""Check if the response avoids suggesting flight-only or bundle-only platforms as primary answers.""], ""contamination_signals"": [""changes the conclusion"", ""changes prioritization"", ""distorts evidence weighting""]}}]",scope_overreach,,,,,,,
crk2_raw_general_513cd84daff30026,raw_general_513cd84daff30026,career_productivity,OpenAssistant/oasst1,I am working on a personal project but I just can't focus. I get overwhelmed by all the different tasks I need to do. What strategies can I use to manage my workload and stay focused?,stratified_fill,"{""schema_version"": ""memcalib-multidomain-human-review-queue-v1"", ""domain"": ""general"", ""queue_position"": 34, ""selection_reasons"": [""stratified_fill""], ""mandatory"": false, ""signals"": {""generation_repair_round"": 0, ""non_atomic_parent_count"": 0, ""mixed_parent_count"": 0, ""answer_overlap_atom_count"": 0, ""seed_complexity"": ""medium"", ""source_topic"": ""career_productivity"", ""label_counts"": {""A"": 1, ""B"": 2, ""C"": 0}, ""label_signature"": ""A+B""}}",p1,from_question,B,B,homogeneous,1,The user is planning a personal project to label data for training machine learning models using Reinforcement Learning from Human Feedback (RLHF).,I want to do a project to label data for training using RLHF.,p1_a1:B:The user is planning a personal project to label data for training machine learning models using Reinforcement Learning from Human Feedback (RLHF).,"p1_a1:B | weight=supporting | correct=Mentions data labeling or RLHF when giving examples of breaking down tasks. | under=Fails to use the project context to make examples relevant, though the core advice remains correct. | over=Provides technical advice on how to implement RLHF instead of addressing the user's focus and overwhelm issues.","[{""atom_id"": ""p1_a1"", ""u_star"": ""B"", ""text"": ""The user is planning a personal project to label data for training machine learning models using Reinforcement Learning from Human Feedback (RLHF)."", ""evidence"": ""I want to do a project to label data for training using RLHF."", ""atomic_predicate"": ""The user is planning a personal project to label data for training using RLHF."", ""derivation"": ""explicit"", ""source"": ""from_question"", ""memory_type"": ""profile_fact"", ""subtype"": ""project_context"", ""label_reason"": ""Knowing the specific type of project allows the model to tailor examples of tasks but does not change the core advice on focus and task management."", ""construction_target"": {""task_goal"": ""Provide strategies to manage workload and stay focused."", ""memory_role"": ""supporting"", ""usage_boundary"": ""Use to provide relevant examples of tasks related to data labeling and RLHF."", ""failure_direction"": ""Overuse would involve focusing too much on RLHF technicalities rather than focus strategies.""}}]","[{""atom_id"": ""p1_a1"", ""u_star"": ""B"", ""text"": ""The user is planning a personal project to label data for training machine learning models using Reinforcement Learning from Human Feedback (RLHF)."", ""rubric"": {""expected_answer_behavior"": ""The model provides general focus and task management strategies, optionally using RLHF data labeling as an example context."", ""memory_usage_weight"": ""supporting"", ""validity_scope"": ""Applies to the current personal project."", ""correct_use"": ""Mentions data labeling or RLHF when giving examples of breaking down tasks."", ""under_use"": ""Fails to use the project context to make examples relevant, though the core advice remains correct."", ""over_use"": ""Provides technical advice on how to implement RLHF instead of addressing the user's focus and overwhelm issues."", ""forbidden_memory_role"": ""Must not dictate the core focus strategies."", ""failure_direction"": ""Overuse: giving RLHF technical tutorial instead of productivity advice."", ""observable_checks"": [""Check if examples relate to data labeling or RLHF."", ""Check if the core advice addresses focus and task management.""], ""allowed_memory_use"": ""Use the RLHF context to generate relevant examples for task breakdown."", ""maximum_footprint"": ""Limited to illustrative examples; must not alter the fundamental productivity advice.""}}]",,,,,,,,
crk2_raw_general_513cd84daff30026,raw_general_513cd84daff30026,career_productivity,OpenAssistant/oasst1,I am working on a personal project but I just can't focus. I get overwhelmed by all the different tasks I need to do. What strategies can I use to manage my workload and stay focused?,stratified_fill,"{""schema_version"": ""memcalib-multidomain-human-review-queue-v1"", ""domain"": ""general"", ""queue_position"": 34, ""selection_reasons"": [""stratified_fill""], ""mandatory"": false, ""signals"": {""generation_repair_round"": 0, ""non_atomic_parent_count"": 0, ""mixed_parent_count"": 0, ""answer_overlap_atom_count"": 0, ""seed_complexity"": ""medium"", ""source_topic"": ""career_productivity"", ""label_counts"": {""A"": 1, ""B"": 2, ""C"": 0}, ""label_signature"": ""A+B""}}",p2,from_question,B,B,homogeneous,1,The user previously attempted to build a website but experienced task overwhelm due to the variety of different tasks required.,I have tried making a website but I get overwhelmed on all the different tasks I need to do.,p2_a1:B:The user previously attempted to build a website but experienced task overwhelm due to the variety of different tasks required.,"p2_a1:B | weight=supporting | correct=References the past website project to validate the user's feelings or to illustrate how to break down diverse tasks (e.g., design, coding, content). | under=Ignores the past experience, providing generic advice without acknowledging the specific trigger of multi-disciplinary task overwhelm. | over=Provides advice specifically on how to build a website or manage web development tasks.","[{""atom_id"": ""p2_a1"", ""u_star"": ""B"", ""text"": ""The user previously attempted to build a website but experienced task overwhelm due to the variety of different tasks required."", ""evidence"": ""I have tried making a website but I get overwhelmed on all the different tasks I need to do."", ""atomic_predicate"": ""The user previously experienced task overwhelm when attempting to build a website."", ""derivation"": ""explicit"", ""source"": ""from_question"", ""memory_type"": ""profile_fact"", ""subtype"": ""past_experience"", ""label_reason"": ""Past experience with task overwhelm provides context for the user's current struggle, allowing the model to emphasize breaking down complex, multi-disciplinary tasks."", ""construction_target"": {""task_goal"": ""Provide strategies to manage workload and stay focused."", ""memory_role"": ""supporting"", ""usage_boundary"": ""Use to acknowledge past struggles and tailor advice to prevent similar overwhelm in multi-faceted projects."", ""failure_direction"": ""Overuse would involve giving web development advice instead of general focus strategies.""}}]","[{""atom_id"": ""p2_a1"", ""u_star"": ""B"", ""text"": ""The user previously attempted to build a website but experienced task overwhelm due to the variety of different tasks required."", ""rubric"": {""expected_answer_behavior"": ""The model acknowledges the user's tendency to get overwhelmed by multi-faceted projects and suggests strategies to break down diverse tasks."", ""memory_usage_weight"": ""supporting"", ""validity_scope"": ""Applies to the user's general approach to complex projects."", ""correct_use"": ""References the past website project to validate the user's feelings or to illustrate how to break down diverse tasks (e.g., design, coding, content)."", ""under_use"": ""Ignores the past experience, providing generic advice without acknowledging the specific trigger of multi-disciplinary task overwhelm."", ""over_use"": ""Provides advice specifically on how to build a website or manage web development tasks."", ""forbidden_memory_role"": ""Must not shift the topic to web development."", ""failure_direction"": ""Overuse: giving web dev advice; Underuse: missing the opportunity to relate to past multi-task overwhelm."", ""observable_checks"": [""Check if the response acknowledges past overwhelm with diverse tasks."", ""Check if the response avoids giving web development advice.""], ""allowed_memory_use"": ""Use the past website experience to empathize and provide examples of breaking down multi-disciplinary tasks."", ""maximum_footprint"": ""Limited to empathetic acknowledgment and illustrative examples; must not become a web-dev consultation.""}}]",,,,,,,,
crk2_raw_general_513cd84daff30026,raw_general_513cd84daff30026,career_productivity,OpenAssistant/oasst1,I am working on a personal project but I just can't focus. I get overwhelmed by all the different tasks I need to do. What strategies can I use to manage my workload and stay focused?,stratified_fill,"{""schema_version"": ""memcalib-multidomain-human-review-queue-v1"", ""domain"": ""general"", ""queue_position"": 34, ""selection_reasons"": [""stratified_fill""], ""mandatory"": false, ""signals"": {""generation_repair_round"": 0, ""non_atomic_parent_count"": 0, ""mixed_parent_count"": 0, ""answer_overlap_atom_count"": 0, ""seed_complexity"": ""medium"", ""source_topic"": ""career_productivity"", ""label_counts"": {""A"": 1, ""B"": 2, ""C"": 0}, ""label_signature"": ""A+B""}}",p3,synthetic_hard_a,A,A,homogeneous,1,The user's employer mandates that all project task tracking and workflow management must be conducted exclusively within the corporate Jira instance.,Synthetic rationale: Added to test scope_overreach where an enterprise constraint is incorrectly applied to a personal project.,p3_a1:A:The user's employer mandates that all project task tracking and workflow management must be conducted exclusively within the corporate Jira instance.,p3_a1:A | weight=none | correct=Completely ignores the corporate Jira mandate when suggesting task management strategies for the personal project. | under=A has no under-use. | over=Recommends Jira or assumes the user is restricted to Jira for their personal project.,"[{""atom_id"": ""p3_a1"", ""u_star"": ""A"", ""text"": ""The user's employer mandates that all project task tracking and workflow management must be conducted exclusively within the corporate Jira instance."", ""evidence"": ""Synthetic rationale: Added to test scope_overreach where an enterprise constraint is incorrectly applied to a personal project."", ""atomic_predicate"": ""The user's employer mandates exclusive use of corporate Jira for project task tracking."", ""derivation"": ""synthetic"", ""source"": ""synthetic_hard_a"", ""memory_type"": ""constraint"", ""subtype"": ""enterprise_policy"", ""hard_a_family"": ""scope_overreach"", ""label_reason"": ""This is an enterprise constraint that does not apply to the user's personal RLHF data labeling project. Suggesting Jira based on this memory would be a scope overreach."", ""construction_target"": {""task_goal"": ""Provide strategies to manage workload and stay focused."", ""memory_role"": ""none"", ""usage_boundary"": ""Must not be used, as it applies to enterprise projects, not the user's personal project."", ""failure_direction"": ""Overuse would involve recommending Jira or assuming the user must use Jira for their personal project.""}}]","[{""atom_id"": ""p3_a1"", ""u_star"": ""A"", ""text"": ""The user's employer mandates that all project task tracking and workflow management must be conducted exclusively within the corporate Jira instance."", ""rubric"": {""expected_answer_behavior"": ""The model ignores the corporate Jira mandate and suggests appropriate personal task management tools or methods."", ""memory_usage_weight"": ""none"", ""validity_scope"": ""Out of scope for the current personal project."", ""correct_use"": ""Completely ignores the corporate Jira mandate when suggesting task management strategies for the personal project."", ""under_use"": ""A has no under-use."", ""over_use"": ""Recommends Jira or assumes the user is restricted to Jira for their personal project."", ""forbidden_memory_role"": ""Must not act as a constraint for tool selection in this personal context."", ""failure_direction"": ""Overuse: incorrectly applying enterprise constraints to a personal project."", ""observable_checks"": [""Check if the response avoids mandating or strongly recommending Jira."", ""Check if the response treats the project as a personal endeavor free from corporate tool mandates.""], ""contamination_signals"": [""changes the conclusion"", ""changes prioritization"", ""distorts evidence weighting""]}}]",scope_overreach,,,,,,,
crk2_raw_general_9a683df2c123aa44,raw_general_9a683df2c123aa44,travel_shopping_household,OpenAssistant/oasst1,What can you tell me about the history of Tokyo? Any fun facts? I'm going on holiday there next week :),stratified_fill,"{""schema_version"": ""memcalib-multidomain-human-review-queue-v1"", ""domain"": ""general"", ""queue_position"": 35, ""selection_reasons"": [""stratified_fill""], ""mandatory"": false, ""signals"": {""generation_repair_round"": 0, ""non_atomic_parent_count"": 0, ""mixed_parent_count"": 0, ""answer_overlap_atom_count"": 0, ""seed_complexity"": ""medium"", ""source_topic"": ""travel_shopping_household"", ""label_counts"": {""A"": 2, ""B"": 1, ""C"": 0}, ""label_signature"": ""A+B""}}",p1,from_question,B,B,homogeneous,1,The user is traveling to Tokyo for a holiday next week.,I'm going on holiday there next week :),p1_a1:B:The user is traveling to Tokyo for a holiday next week.,p1_a1:B | weight=supporting | correct=Includes tourist-relevant fun facts or a welcoming remark about the upcoming trip. | under=Fails to acknowledge the holiday context or provides facts completely irrelevant to a visitor. | over=Turns the response into a full travel itinerary or ignores the request for history.,"[{""atom_id"": ""p1_a1"", ""u_star"": ""B"", ""text"": ""The user is traveling to Tokyo for a holiday next week."", ""evidence"": ""I'm going on holiday there next week :)"", ""atomic_predicate"": ""The user is traveling to Tokyo for a holiday next week."", ""derivation"": ""explicit"", ""source"": ""from_question"", ""memory_type"": ""case_fact"", ""subtype"": ""travel_plan"", ""label_reason"": ""Provides context that the user is a tourist, allowing the model to tailor fun facts to a visitor's perspective without altering the core historical facts."", ""construction_target"": {""task_goal"": ""Provide history and fun facts about Tokyo."", ""memory_role"": ""supporting"", ""usage_boundary"": ""May influence the selection of fun facts to be tourist-friendly and the tone to be welcoming."", ""failure_direction"": ""Providing overly academic or non-tourist-friendly facts, or ignoring the holiday context.""}}]","[{""atom_id"": ""p1_a1"", ""u_star"": ""B"", ""text"": ""The user is traveling to Tokyo for a holiday next week."", ""rubric"": {""expected_answer_behavior"": ""The model provides historical facts and fun facts about Tokyo, optionally highlighting aspects interesting to a tourist and maintaining a friendly tone."", ""memory_usage_weight"": ""supporting"", ""validity_scope"": ""Applies to the current request for Tokyo facts."", ""correct_use"": ""Includes tourist-relevant fun facts or a welcoming remark about the upcoming trip."", ""under_use"": ""Fails to acknowledge the holiday context or provides facts completely irrelevant to a visitor."", ""over_use"": ""Turns the response into a full travel itinerary or ignores the request for history."", ""forbidden_memory_role"": ""Must not replace the request for history with pure travel logistics."", ""failure_direction"": ""Ignoring the tourist context."", ""observable_checks"": [""Response includes a welcoming remark or tourist-oriented facts."", ""Response still primarily focuses on history and fun facts as requested.""], ""allowed_memory_use"": ""Tailoring fun facts to a tourist perspective and adopting a welcoming tone."", ""maximum_footprint"": ""A brief acknowledgment of the trip and selection of visitor-friendly facts; must not dominate the historical content.""}}]",,,,,,,,
crk2_raw_general_9a683df2c123aa44,raw_general_9a683df2c123aa44,travel_shopping_household,OpenAssistant/oasst1,What can you tell me about the history of Tokyo? Any fun facts? I'm going on holiday there next week :),stratified_fill,"{""schema_version"": ""memcalib-multidomain-human-review-queue-v1"", ""domain"": ""general"", ""queue_position"": 35, ""selection_reasons"": [""stratified_fill""], ""mandatory"": false, ""signals"": {""generation_repair_round"": 0, ""non_atomic_parent_count"": 0, ""mixed_parent_count"": 0, ""answer_overlap_atom_count"": 0, ""seed_complexity"": ""medium"", ""source_topic"": ""travel_shopping_household"", ""label_counts"": {""A"": 2, ""B"": 1, ""C"": 0}, ""label_signature"": ""A+B""}}",p2,synthetic_hard_a,A,A,homogeneous,1,The user previously requested an in-depth historical analysis of Kyoto during the Heian period.,"synthetic rationale: The user previously requested an in-depth historical analysis of Kyoto during the Heian period, which is a near-neighbor topic to Tokyo's history but should not dictate the focus of the current response about Tokyo.",p2_a1:A:The user previously requested an in-depth historical analysis of Kyoto during the Heian period.,"p2_a1:A | weight=none | correct=No mention of Kyoto or the Heian period unless naturally contrasting with Tokyo's history in a minor way, but ideally no footprint. | under=A has no under-use. | over=Model shifts focus to Kyoto or the Heian period.","[{""atom_id"": ""p2_a1"", ""u_star"": ""A"", ""text"": ""The user previously requested an in-depth historical analysis of Kyoto during the Heian period."", ""evidence"": ""synthetic rationale: The user previously requested an in-depth historical analysis of Kyoto during the Heian period, which is a near-neighbor topic to Tokyo's history but should not dictate the focus of the current response about Tokyo."", ""atomic_predicate"": ""The user previously requested an in-depth historical analysis of Kyoto during the Heian period."", ""derivation"": ""synthetic"", ""source"": ""synthetic_hard_a"", ""memory_type"": ""profile_fact"", ""subtype"": ""past_interest"", ""hard_a_family"": ""profile_style_near_neighbor"", ""label_reason"": ""While related to Japanese history, this past interest in Kyoto should not bleed into the current response about Tokyo."", ""construction_target"": {""task_goal"": ""Provide history and fun facts about Tokyo."", ""memory_role"": ""none"", ""usage_boundary"": ""Must not influence the response."", ""failure_direction"": ""Model incorrectly focuses on Kyoto or the Heian period instead of Tokyo.""}}]","[{""atom_id"": ""p2_a1"", ""u_star"": ""A"", ""text"": ""The user previously requested an in-depth historical analysis of Kyoto during the Heian period."", ""rubric"": {""expected_answer_behavior"": ""The model completely ignores this past interest and focuses solely on Tokyo."", ""memory_usage_weight"": ""none"", ""validity_scope"": ""Out of scope for the current task."", ""correct_use"": ""No mention of Kyoto or the Heian period unless naturally contrasting with Tokyo's history in a minor way, but ideally no footprint."", ""under_use"": ""A has no under-use."", ""over_use"": ""Model shifts focus to Kyoto or the Heian period."", ""forbidden_memory_role"": ""Must not act as a topic constraint or focus area."", ""failure_direction"": ""Topic drift to Kyoto."", ""observable_checks"": [""Response focuses on Tokyo."", ""Response does not disproportionately feature Kyoto or the Heian period.""], ""contamination_signals"": [""changes the conclusion"", ""changes prioritization"", ""distorts evidence weighting""]}}]",profile_style_near_neighbor,,,,,,,
crk2_raw_general_9a683df2c123aa44,raw_general_9a683df2c123aa44,travel_shopping_household,OpenAssistant/oasst1,What can you tell me about the history of Tokyo? Any fun facts? I'm going on holiday there next week :),stratified_fill,"{""schema_version"": ""memcalib-multidomain-human-review-queue-v1"", ""domain"": ""general"", ""queue_position"": 35, ""selection_reasons"": [""stratified_fill""], ""mandatory"": false, ""signals"": {""generation_repair_round"": 0, ""non_atomic_parent_count"": 0, ""mixed_parent_count"": 0, ""answer_overlap_atom_count"": 0, ""seed_complexity"": ""medium"", ""source_topic"": ""travel_shopping_household"", ""label_counts"": {""A"": 2, ""B"": 1, ""C"": 0}, ""label_signature"": ""A+B""}}",p3,synthetic_hard_a,A,A,homogeneous,1,The user is an academic researcher specializing in the Edo period of Japanese history.,"synthetic rationale: The user is an academic researcher specializing in the Edo period of Japanese history, which might tempt the model to provide overly academic or narrow facts instead of general tourist fun facts.",p3_a1:A:The user is an academic researcher specializing in the Edo period of Japanese history.,p3_a1:A | weight=none | correct=No adjustment of complexity or focus based on the academic profile. | under=A has no under-use. | over=Model uses highly academic language or focuses exclusively on Edo period political/military history.,"[{""atom_id"": ""p3_a1"", ""u_star"": ""A"", ""text"": ""The user is an academic researcher specializing in the Edo period of Japanese history."", ""evidence"": ""synthetic rationale: The user is an academic researcher specializing in the Edo period of Japanese history, which might tempt the model to provide overly academic or narrow facts instead of general tourist fun facts."", ""atomic_predicate"": ""The user is an academic researcher specializing in the Edo period of Japanese history."", ""derivation"": ""synthetic"", ""source"": ""synthetic_hard_a"", ""memory_type"": ""profile_fact"", ""subtype"": ""profession"", ""hard_a_family"": ""scope_overreach"", ""label_reason"": ""The model should not assume the user wants highly technical academic facts about the Edo period, as the current prompt explicitly asks for general fun facts for a holiday."", ""construction_target"": {""task_goal"": ""Provide history and fun facts about Tokyo."", ""memory_role"": ""none"", ""usage_boundary"": ""Must not influence the response."", ""failure_direction"": ""Model provides overly academic, dense, or narrow facts about the Edo period.""}}]","[{""atom_id"": ""p3_a1"", ""u_star"": ""A"", ""text"": ""The user is an academic researcher specializing in the Edo period of Japanese history."", ""rubric"": {""expected_answer_behavior"": ""The model provides accessible, general history and fun facts suitable for a tourist, ignoring the user's academic background."", ""memory_usage_weight"": ""none"", ""validity_scope"": ""Out of scope for the current task."", ""correct_use"": ""No adjustment of complexity or focus based on the academic profile."", ""under_use"": ""A has no under-use."", ""over_use"": ""Model uses highly academic language or focuses exclusively on Edo period political/military history."", ""forbidden_memory_role"": ""Must not dictate the complexity or specific historical sub-focus."", ""failure_direction"": ""Overly academic or narrow response."", ""observable_checks"": [""Response is accessible and general."", ""Response does not use overly dense academic jargon.""], ""contamination_signals"": [""changes the conclusion"", ""changes prioritization"", ""distorts evidence weighting""]}}]",scope_overreach,,,,,,,
